"ID_EXECUTION"|"INI_EXECUTION"|"END_EXECUTION"|"STATUS"|"DESCR_ERR"|"EMAIL_SENT"|"EMAIL_DATE"|"ENVIRONMENT"|"OUTPUT"|"ID_BOT"|"HOST_NAME"|"COUNT_EXEC"|"COUNTRY"|"EXTERNAL_ID"|"PROCESS_NAME"|"PROCESS_VERSION"|"FOLDER_NAME"|"CURRENT_USER"|"BOT_SOX"|"SYNCED_ULTRON"
1025366|"15/06/2026 11:31:14"|"15/06/2026 11:32:45"|6|Error ocurred: CSV does not have rows|"1"|"15/06/2026 11:32:45"|"3"|[NULL]|222|EC2AMAZ-9TPRIDL|0|||||||"0"|"1"
1024993|"15/06/2026 01:02:33"|"15/06/2026 01:03:48"|2|Error ocurred: The source contains no DataRows.Error Source: Assign - Checks duplicates in memory instead of querying the database on each iteration.|"1"|"15/06/2026 01:03:48"|"3"|[NULL]|93|EC2AMAZ-9TPRIDL|1|BR|f7030076-5f87-4098-b389-16068e58fc0a|"093.ROP.Analise.Erros.Sincad.Nubank.Dispatcher"|"1.0.22"|CoE Ops - BR/Nubank/AML-CFT|ssmwindows\AUTOMACAO.MOPERACOES|"0"|"1"
1024874|"14/06/2026 18:31:14"|"14/06/2026 18:31:37"|2|Error ocurred: One or more errors occurred. (Erro ao carregar o script em Python)Error Source: AWS Assume Role - Invoke Workflow File (AWS\AWS Assume Role.xaml): Load Python Script|"1"|"14/06/2026 18:31:37"|"3"|[NULL]|280|EC2AMAZ-EEDQ776|0|BR|b71dce2c-2b50-4f97-aea9-5d67ae084529|"280.COMPSOL.RDR.Dossie"|"1.0.4"|CoE Ops - BR/Nubank/CompSol|ssmwindows\AUTOMACAO.MOPERACOES|"0"|"1"
1024672|"14/06/2026 07:29:27"|"14/06/2026 20:27:16"|2|Error ocurred: Janela Salvar Como não encontrada para o user [006240694-5]Error Source: System.Private.CoreLib|"1"|"14/06/2026 20:27:16"|"3"|[NULL]|130|AWS-RPAP-004|1|BR|"543bc0e9-e035-453c-9d10-e16b62ee92c4"|"130.CX.Relatorios.Notas.VIRTUAL.SPB"|"1.1.2"|CoE Ops - BR/Nuinvest/Ops PF|DOMAIN_TITULO\AUTOMACAO.MOPERACOES|"0"|"1"
1024574|"14/06/2026 01:01:16"|"14/06/2026 01:02:05"|2|Error ocurred: The source contains no DataRows.Error Source: Assign - Checks duplicates in memory instead of querying the database on each iteration.|"1"|"14/06/2026 01:02:05"|"3"|[NULL]|93|EC2AMAZ-NLK1TA2|1|BR|"017dbea9-3516-4ba0-9015-2bd812d6050c"|"093.ROP.Analise.Erros.Sincad.Nubank.Dispatcher"|"1.0.22"|CoE Ops - BR/Nubank/AML-CFT|ssmwindows\automacao.moperacoes|"0"|"1"
1024512|"13/06/2026 21:22:35"|"13/06/2026 21:23:14"|2|Error ocurred: ORA-00917: missing commaError Source: Oracle Data Provider for .NET, Managed Driver|"0"||"3"|[NULL]|208|EC2AMAZ-NLK1TA2|0|BR|"69ee6631-6eda-4ae7-be8f-1905a923913c"|"208.CX.Extrato.Rendimentos"|"1.0.33"|CoE Ops - BR/Nubank/Ops PF|ssmwindows\automacao.moperacoes|"0"|"1"
1024494|"13/06/2026 20:05:01"|"13/06/2026 20:06:11"|2|Error ocurred: ORA-00917: missing commaError Source: Oracle Data Provider for .NET, Managed Driver|"0"||"3"|[NULL]|208|EC2AMAZ-EEDQ776|0|BR|"3e18c5c5-cf41-4437-a920-3e067d25c67d"|"208.CX.Extrato.Rendimentos"|"1.0.33"|CoE Ops - BR/Nubank/Ops PF|ssmwindows\AUTOMACAO.MOPERACOES|"0"|"1"
1024176|"13/06/2026 02:00:56"|"13/06/2026 02:01:53"|2|Error ocurred: The source contains no DataRows.Error Source: Assign - Checks duplicates in memory instead of querying the database on each iteration.|"1"|"13/06/2026 02:01:53"|"3"|[NULL]|93|EC2AMAZ-EEDQ776|1|BR|"6fced416-b266-498e-8b90-fa4b0171e7b3"|"093.ROP.Analise.Erros.Sincad.Nubank.Dispatcher"|"1.0.22"|CoE Ops - BR/Nubank/AML-CFT|ssmwindows\AUTOMACAO.MOPERACOES|"0"|"1"
1024119|"12/06/2026 23:00:37"|"13/06/2026 15:23:37"|2|Error ocurred: Janela Salvar Como não encontrada para o user [010841679-6]Error Source: System.Private.CoreLib|"1"|"13/06/2026 15:23:37"|"3"|[NULL]|130|AWS-RPAP-004|1|BR|"00019bdb-d999-4d22-82ad-35b1ef6350f9"|"130.CX.Relatorios.Notas.VIRTUAL.SPB"|"1.1.2"|CoE Ops - BR/Nuinvest/Ops PF|DOMAIN_TITULO\AUTOMACAO.MOPERACOES|"0"|"1"
1023975|"12/06/2026 18:40:25"|"12/06/2026 18:40:45"|2|Error ocurred: One or more errors occurred. (Error loading Python script)Error Source: AWS Assume Role - Invoke Workflow File (AWS\AWS Assume Role.xaml): Load Python Script|"1"|"12/06/2026 18:40:45"|"3"|[NULL]|280|EC2AMAZ-ERHGKPJ|0|BR|ed9afb1d-121d-4078-9f7f-86cb48045619|"280.COMPSOL.RDR.Dossie"|"1.0.4"|CoE Ops - BR/Nubank/CompSol|ssmwindows\automacao.moperacoes|"0"|"1"
1023942|"12/06/2026 17:48:27"|"13/06/2026 09:06:50"|2|Falha no upload depois de 0 bytes. {requestId:6a2d47a0e4b016a7c03c6d73,name:2b0a64a8-6dd7-4682-8dc0-bd9e0e9bd42a,message:User is not authorized}|"1"|"13/06/2026 09:06:50"|"3"|[NULL]|48|AWS-RPAP-001|1|BR|da798334-e822-4775-86f8-5249386dbcb0|"048.CX.Geracao.notas.tipo4"|"2.0.27"|Shared|DOMAIN_TITULO\matheus.rubio.gft|"0"|"1"
1023931|"12/06/2026 17:43:44"|"12/06/2026 17:44:10"|2|Error ocurred: One or more errors occurred. (Erro ao carregar o script em Python)Error Source: AWS Assume Role - Invoke Workflow File (AWS\AWS Assume Role.xaml): Load Python Script|"1"|"12/06/2026 17:44:10"|"3"|[NULL]|280|EC2AMAZ-EEDQ776|0|BR|"118a5d78-711d-4328-b50c-74c5a1b374dc"|"280.COMPSOL.RDR.Dossie"|"1.0.4"|CoE Ops - BR/Nubank/CompSol|ssmwindows\AUTOMACAO.MOPERACOES|"0"|"1"
1023893|"12/06/2026 16:30:01"|"12/06/2026 17:23:25"|2|Error ocurred: The request timed-out.Error Source: HTTP chat.postMessage|"1"|"12/06/2026 17:23:25"|"3"|[NULL]|160|EC2AMAZ-EEDQ776|0|||||||"0"|"1"
1023734|"12/06/2026 13:37:20"|"12/06/2026 17:41:47"|2|Falha no upload depois de 0 bytes. {requestId:6a2c6ef0e4b016a7c0302aff,name:2b0a64a8-6dd7-4682-8dc0-bd9e0e9bd42a,message:User is not authorized}|"1"|"12/06/2026 17:41:47"|"3"|[NULL]|48|AWS-RPAP-001|1|BR|"78224bdc-b745-4abf-b05f-cb0178ebbbf3"|"048.CX.Geracao.notas.tipo4"|"2.0.27"|Shared|DOMAIN_TITULO\matheus.rubio.gft|"0"|"1"
1023707|"12/06/2026 13:02:45"|"12/06/2026 13:15:18"|2|Error ocurred: Erro -  Campo nao encontradoError Source: System.Activities|"1"|"12/06/2026 13:15:18"|"3"|[NULL]|228|EC2AMAZ-ERHGKPJ|0|BR|"9389850b-887c-4394-b145-e9c08dbd9176"|"228.OMB.Painel.Ouvidoria.Grafana"|"1.0.12"|CoE Ops - BR/Nubank/CompSol|ssmwindows\automacao.moperacoes|"0"|"1"
1023620|"12/06/2026 11:41:39"|"12/06/2026 11:43:04"|6|Error ocurred: CSV does not have rows|"1"|"12/06/2026 11:43:04"|"3"|[NULL]|222|EC2AMAZ-9TPRIDL|0|||||||"0"|"1"
1023615|"12/06/2026 11:35:45"|"12/06/2026 13:35:54"|2|Falha no upload depois de 0 bytes. {requestId:6a2c354fe4b0d135abf7f020,name:2b0a64a8-6dd7-4682-8dc0-bd9e0e9bd42a,message:User is not authorized}|"1"|"12/06/2026 13:35:54"|"3"|[NULL]|48|AWS-RPAP-001|1|BR|de6ffc52-83e9-4299-8503-3be8fc9b9fbf|"048.CX.Geracao.notas.tipo4"|"2.0.27"|Shared|DOMAIN_TITULO\matheus.rubio.gft|"0"|"1"
1023507|"12/06/2026 09:44:48"|"12/06/2026 09:55:55"|2|"Error ocurred: Não é possível selecionar o item. Ele não foi encontrado entre os itens existentes.
DICA: algumas caixas de combinação demoram a carregar itens até que a lista suspensa seja expandida. Tente simular um clique no controle antes de selecionar um item.Error Source: Select Item Computador Destino"|"1"|"12/06/2026 09:55:55"|"3"|[NULL]|226|EC2AMAZ-EEDQ776|9|BR||||||"0"|"1"
1023275|"12/06/2026 01:07:48"|"12/06/2026 01:15:07"|2|Error ocurred: Erro ao acessar o Validador SimbaError Source: Throw|"1"|"12/06/2026 01:15:07"|"3"|[NULL]|226|EC2AMAZ-NLK1TA2|5|BR||||||"0"|"1"
1023265|"12/06/2026 01:00:19"|"12/06/2026 01:06:19"|2|Error ocurred: Error - 503Error Source: API.Service.Nubank.Token - Invoke Workflow File (Tasks\API.Service.Nubank.Token.xaml): ValidateDebt - Invoke Workflow File (Tasks\ValidateDebt.xaml): BuildServiceGet - Invoke Workflow File (Tasks\BuildServiceGet.xaml): Throw|"1"|"12/06/2026 01:06:19"|"3"|[NULL]|173|EC2AMAZ-NLK1TA2|1|BR|acec75c3-64db-499e-81ef-3185d58f5b9b|"173.CX.Declaracao.Collections"|"1.0.25"|CoE Ops - BR/Nubank/Ops PF||"0"|"1"
1023120|"11/06/2026 19:04:42"|"11/06/2026 19:05:04"|2|Error ocurred: One or more errors occurred. (Error loading Python script)Error Source: AWS Assume Role - Invoke Workflow File (AWS\AWS Assume Role.xaml): Load Python Script|"1"|"11/06/2026 19:05:04"|"3"|[NULL]|280|EC2AMAZ-ERHGKPJ|0|BR|de435433-c0d8-45f1-9f4b-46ec0b9daabd|"280.COMPSOL.RDR.Dossie"|"1.0.3"|CoE Ops - BR/Nubank/CompSol|ssmwindows\AUTOMACAO.MOPERACOES|"0"|"1"
1022701|"11/06/2026 10:41:38"|"11/06/2026 16:52:38"|6|Falha ao fazer download do relatorio no SinacorWeb|"1"|"11/06/2026 16:52:38"|"3"|[NULL]|48|AWS-RPAP-001|1|BR|"09a55dff-5a25-48c0-9801-f58e572f6e11"|"048.CX.Geracao.notas.tipo4"|"2.0.27"|Shared|DOMAIN_TITULO\matheus.rubio.gft|"0"|"1"
1022689|"11/06/2026 10:23:02"|"11/06/2026 21:19:40"|2|Error ocurred: No open windows found for open_spb.exe. Please check if the application is running.Error Source: System.Private.CoreLib|"1"|"11/06/2026 21:19:40"|"3"|[NULL]|130|AWS-RPAP-004|1|BR|"4bd1cd5c-29e8-4181-a12e-737765eb63c2"|"130.CX.Relatorios.Notas.VIRTUAL.SPB"|"1.1.2"|CoE Ops - BR/Nuinvest/Ops PF|DOMAIN_TITULO\AUTOMACAO.MOPERACOES|"0"|"1"
1022210|"10/06/2026 18:20:44"|"10/06/2026 18:25:38"|2|Error ocurred: The source contains no DataRows.Error Source: System.Activities|"1"|"10/06/2026 18:25:38"|"3"|[NULL]|277|EC2AMAZ-EEDQ776|5|BR|e3a881c9-1cd4-4678-9bec-ada86dff0bc1|"277.SEC.CSI.Banks"|"1.0.10"|CoE Ops - BR/Nubank/Ops Sec|ssmwindows\AUTOMACAO.MOPERACOES|"0"|"1"
1021767|"10/06/2026 10:33:25"|"10/06/2026 11:05:00"|6|Sinacor application error - Report not generated in time. No action required.|"1"|"10/06/2026 11:05:00"|"3"|[NULL]|48|AWS-RPAP-006|1|BR|"80e59c8a-adeb-4ea8-aeae-ff85b5ff7927"|"048.CX.Geracao.notas.tipo4"|"2.0.27"|CoE Ops - BR/Nuinvest/Ops PF|DOMAIN_TITULO\automacao.moperacoes|"0"|"1"
1021714|"10/06/2026 09:46:43"|"10/06/2026 09:47:24"|2|Error ocurred: Error opening document, make sure Word application is installed. If already installed, an Office Repair may be required.Error Source: Tasks\GetChatMessage.xaml - Invoke Workflow File: Word Application Scope|"1"|"10/06/2026 09:47:24"|"3"|[NULL]|176|EC2AMAZ-ERHGKPJ|1|BR|"4af1ba56-4ebe-4fce-93cd-2b0b087455b7"|"176.CXC.Envio.Registros.Atendimentos"|"1.0.22"|CoE Ops - BR/Nubank/Ops PF||"0"|"1"
1021712|"10/06/2026 09:35:00"|"10/06/2026 10:19:20"|6|Sinacor application error - Report not generated in time. No action required.|"1"|"10/06/2026 10:19:20"|"3"|[NULL]|48|AWS-RPAP-006|1|BR|"3defe859-bc91-4d56-a9f9-5d46654d4201"|"048.CX.Geracao.notas.tipo4"|"2.0.27"|CoE Ops - BR/Nuinvest/Ops PF|DOMAIN_TITULO\automacao.moperacoes|"0"|"1"
1021674|"10/06/2026 09:00:52"|"10/06/2026 09:01:02"|2|"Error ocurred: The values provided for the root activitys arguments did not satisfy the root activitys requirements:
Dispatcher: The following keys from the input dictionary do not map to arguments and must be removed: in_sEmailTech, in_iErrorStatus, in_sEvidenceFolder.  Please note that argument names are case sensitive. (Parameter rootArgumentValues)Error Source: System.Activities"|"1"|"10/06/2026 09:01:02"|"3"|[NULL]|93|EC2AMAZ-I8623QI|1|BR|"15dc96a7-4f6a-4551-b6e7-a0a5d09a622e"|"093.ROP.Analise.Erros.Sincad"|"1.0.20"|Shared|ssmwindows\matheus.rubio.gft|"0"|"1"
1021643|"10/06/2026 08:16:30"|"10/06/2026 08:20:03"|2|Error ocurred: Error opening document, make sure Word application is installed. If already installed, an Office Repair may be required.Error Source: Tasks\GetChatMessage.xaml - Invoke Workflow File: Word Application Scope|"1"|"10/06/2026 08:20:03"|"3"|[NULL]|176|EC2AMAZ-9TPRIDL|1|BR|"9b433b13-2086-48c4-b4e8-bd53fb1395da"|"176.CXC.Envio.Registros.Atendimentos"|"1.0.22"|CoE Ops - BR/Nubank/Ops PF||"0"|"1"
1021636|"10/06/2026 08:05:24"|"10/06/2026 08:15:23"|2|Error ocurred: Error API - Status Code: 500Error Source: GetCaixinhainfoviaAPI - Invoke Workflow File (Tasks\GetCaixinhainfoviaAPI.xaml): Throw - Error API |"0"||"3"|[NULL]|196|EC2AMAZ-9TPRIDL|0|BR|"311587d0-f94d-4f0f-82b4-95609ad939e2"|"196.CX.Extrato.RDB"|"1.0.45"|CoE Ops - BR/Nubank/Ops PF||"0"|"1"
1021514|"10/06/2026 04:00:23"|"10/06/2026 04:32:00"|6|Sinacor application error - Report not generated in time. No action required.|"1"|"10/06/2026 04:32:00"|"3"|[NULL]|48|AWS-RPAP-006|1|BR|"16a2f8e0-84c3-4705-b0c1-8238fa8b2228"|"048.CX.Geracao.notas.tipo4"|"2.0.27"|CoE Ops - BR/Nuinvest/Ops PF|DOMAIN_TITULO\automacao.moperacoes|"0"|"1"
1021479|"10/06/2026 02:00:23"|"10/06/2026 02:32:21"|6|Sinacor application error - Report not generated in time. No action required.|"1"|"10/06/2026 02:32:21"|"3"|[NULL]|48|AWS-RPAP-006|1|BR|"8091386b-40dd-4023-bc69-c41be1437847"|"048.CX.Geracao.notas.tipo4"|"2.0.27"|CoE Ops - BR/Nuinvest/Ops PF|DOMAIN_TITULO\automacao.moperacoes|"0"|"1"
1021438|"10/06/2026 00:00:22"|"10/06/2026 00:31:58"|6|Sinacor application error - Report not generated in time. No action required.|"1"|"10/06/2026 00:31:58"|"3"|[NULL]|48|AWS-RPAP-006|1|BR|b75dd3ac-5670-4e3e-8f86-da644097809a|"048.CX.Geracao.notas.tipo4"|"2.0.27"|CoE Ops - BR/Nuinvest/Ops PF|DOMAIN_TITULO\automacao.moperacoes|"0"|"1"
1021395|"09/06/2026 22:00:38"|"09/06/2026 22:32:16"|6|Sinacor application error - Report not generated in time. No action required.|"1"|"09/06/2026 22:32:16"|"3"|[NULL]|48|AWS-RPAP-004|1|BR|"54b14240-2bfc-4cdc-a7d8-5191c38fefcc"|"048.CX.Geracao.notas.tipo4"|"2.0.27"|CoE Ops - BR/Nuinvest/Ops PF|DOMAIN_TITULO\AUTOMACAO.MOPERACOES|"0"|"1"
1021339|"09/06/2026 20:00:32"|"09/06/2026 20:32:10"|6|Sinacor application error - Report not generated in time. No action required.|"1"|"09/06/2026 20:32:10"|"3"|[NULL]|48|AWS-RPAP-004|1|BR|"981802a2-5bd7-48af-824d-34e28e8d076a"|"048.CX.Geracao.notas.tipo4"|"2.0.27"|CoE Ops - BR/Nuinvest/Ops PF|DOMAIN_TITULO\AUTOMACAO.MOPERACOES|"0"|"1"
1021252|"09/06/2026 18:00:29"|"09/06/2026 18:32:05"|6|Sinacor application error - Report not generated in time. No action required.|"1"|"09/06/2026 18:32:05"|"3"|[NULL]|48|AWS-RPAP-006|1|BR|c5378ad3-2d4f-4089-99a5-371ce3be06ca|"048.CX.Geracao.notas.tipo4"|"2.0.27"|CoE Ops - BR/Nuinvest/Ops PF|DOMAIN_TITULO\automacao.moperacoes|"0"|"1"
1021147|"09/06/2026 16:00:27"|"09/06/2026 16:32:03"|6|Sinacor application error - Report not generated in time. No action required.|"1"|"09/06/2026 16:32:03"|"3"|[NULL]|48|AWS-RPAP-006|1|BR|"717b8fe7-637d-46fa-b1ba-b277d4d75008"|"048.CX.Geracao.notas.tipo4"|"2.0.27"|CoE Ops - BR/Nuinvest/Ops PF|DOMAIN_TITULO\automacao.moperacoes|"0"|"1"
1021142|"09/06/2026 15:56:39"|"09/06/2026 15:56:46"|2|Error ocurred: testeError Source: System.Activities|"1"|"09/06/2026 15:56:46"|"3"|[NULL]|93|EC2AMAZ-I8623QI|1|BR|"137094a1-617d-413d-811d-80014be3913a"|"093.ROP.Analise.Erros.Sincad"|"1.0.20"|Shared|ssmwindows\matheus.rubio.gft|"0"|"1"
1021089|"09/06/2026 15:01:09"|"09/06/2026 15:03:23"|2|Error ocurred: Error HRESULT E_FAIL has been returned from a call to a COM component.Error Source: Retry Scope|"1"|"09/06/2026 15:03:23"|"3"|[NULL]|156|EC2AMAZ-EEDQ776|0|BR|c22ee14c-afd1-4171-ac46-3c85f57f300a|"156.ROP.Executa.STA.Nubank"|"1.0.14"|CoE Ops - BR/Nubank/Jud Orders|ssmwindows\AUTOMACAO.MOPERACOES|"0"|"1"
1021010|"09/06/2026 14:00:24"|"09/06/2026 14:32:00"|6|Sinacor application error - Report not generated in time. No action required.|"1"|"09/06/2026 14:32:00"|"3"|[NULL]|48|AWS-RPAP-006|1|BR|"1cd1d4fb-4c30-4b03-99b5-008e6727bfa1"|"048.CX.Geracao.notas.tipo4"|"2.0.27"|CoE Ops - BR/Nuinvest/Ops PF|DOMAIN_TITULO\automacao.moperacoes|"0"|"1"
1020882|"09/06/2026 12:00:23"|"09/06/2026 12:32:00"|6|Sinacor application error - Report not generated in time. No action required.|"1"|"09/06/2026 12:32:00"|"3"|[NULL]|48|AWS-RPAP-006|1|BR|"1b5a57cd-99e7-45b3-8839-ae0375019d2e"|"048.CX.Geracao.notas.tipo4"|"2.0.27"|CoE Ops - BR/Nuinvest/Ops PF|DOMAIN_TITULO\automacao.moperacoes|"0"|"1"
1020788|"09/06/2026 10:09:51"|"09/06/2026 10:41:28"|6|Sinacor application error - Report not generated in time. No action required.|"1"|"09/06/2026 10:41:28"|"3"|[NULL]|48|AWS-RPAP-006|1|BR|"5610d7ee-3890-4481-bbed-47af02beee0d"|"048.CX.Geracao.notas.tipo4"|"2.0.27"|CoE Ops - BR/Nuinvest/Ops PF|DOMAIN_TITULO\automacao.moperacoes|"0"|"1"
1020690|"09/06/2026 08:16:50"|"09/06/2026 08:48:26"|6|Sinacor application error - Report not generated in time. No action required.|"1"|"09/06/2026 08:48:26"|"3"|[NULL]|48|AWS-RPAP-006|1|BR|afad9d4e-002e-4aca-a25f-7a82e1231327|"048.CX.Geracao.notas.tipo4"|"2.0.27"|CoE Ops - BR/Nuinvest/Ops PF|DOMAIN_TITULO\automacao.moperacoes|"0"|"1"
1020562|"09/06/2026 04:00:23"|"09/06/2026 04:31:59"|6|Sinacor application error - Report not generated in time. No action required.|"1"|"09/06/2026 04:31:59"|"3"|[NULL]|48|AWS-RPAP-006|1|BR|"813f9e35-59a4-467b-8329-ac90c6400d25"|"048.CX.Geracao.notas.tipo4"|"2.0.27"|CoE Ops - BR/Nuinvest/Ops PF|DOMAIN_TITULO\automacao.moperacoes|"0"|"1"
1020527|"09/06/2026 02:00:23"|"09/06/2026 02:31:59"|6|Sinacor application error - Report not generated in time. No action required.|"1"|"09/06/2026 02:31:59"|"3"|[NULL]|48|AWS-RPAP-006|1|BR|a300f66c-c49d-4b54-a042-f677c8fd5a35|"048.CX.Geracao.notas.tipo4"|"2.0.27"|CoE Ops - BR/Nuinvest/Ops PF|DOMAIN_TITULO\automacao.moperacoes|"0"|"1"
1020490|"09/06/2026 00:00:23"|"09/06/2026 00:31:56"|6|Sinacor application error - Report not generated in time. No action required.|"1"|"09/06/2026 00:31:56"|"3"|[NULL]|48|AWS-RPAP-006|1|BR|"221c5625-4dfb-4bc1-ad56-b9044799dc78"|"048.CX.Geracao.notas.tipo4"|"2.0.27"|CoE Ops - BR/Nuinvest/Ops PF|DOMAIN_TITULO\automacao.moperacoes|"0"|"1"
1020451|"08/06/2026 22:00:34"|"08/06/2026 22:32:10"|6|Sinacor application error - Report not generated in time. No action required.|"1"|"08/06/2026 22:32:10"|"3"|[NULL]|48|AWS-RPAP-004|1|BR|f6db43e5-20b2-4f70-8c23-1fa5080d47a8|"048.CX.Geracao.notas.tipo4"|"2.0.27"|CoE Ops - BR/Nuinvest/Ops PF|DOMAIN_TITULO\AUTOMACAO.MOPERACOES|"0"|"1"
1020395|"08/06/2026 20:00:22"|"08/06/2026 20:31:59"|6|Sinacor application error - Report not generated in time. No action required.|"1"|"08/06/2026 20:31:59"|"3"|[NULL]|48|AWS-RPAP-006|1|BR|"677916a8-66b0-4bce-892b-d6ae4f949481"|"048.CX.Geracao.notas.tipo4"|"2.0.27"|CoE Ops - BR/Nuinvest/Ops PF|DOMAIN_TITULO\automacao.moperacoes|"0"|"1"
1020349|"08/06/2026 18:46:22"|"08/06/2026 18:46:44"|2|Error ocurred: The operation has timed out.Error Source: HTTP chat.postMessage|"1"|"08/06/2026 18:46:44"|"3"|[NULL]|157|AWS-RPAP-004|1|BR|b495b85e-240a-47c4-ba8f-a2b1ec550551|"157.LGL.Payments.Receipt"|"1.0.29"|CoE Ops - BR/Nuinvest/Legal|DOMAIN_TITULO\AUTOMACAO.MOPERACOES|"0"|"1"
1020309|"08/06/2026 18:00:22"|"08/06/2026 18:31:57"|6|Sinacor application error - Report not generated in time. No action required.|"1"|"08/06/2026 18:31:57"|"3"|[NULL]|48|AWS-RPAP-006|1|BR|be02b7a4-0e01-4c12-ad6a-d641f2881518|"048.CX.Geracao.notas.tipo4"|"2.0.27"|CoE Ops - BR/Nuinvest/Ops PF|DOMAIN_TITULO\automacao.moperacoes|"0"|"1"
1020217|"08/06/2026 16:04:48"|"08/06/2026 16:36:25"|6|Sinacor application error - Report not generated in time. No action required.|"1"|"08/06/2026 16:36:25"|"3"|[NULL]|48|AWS-RPAP-004|1|BR|e89223b3-8919-4d0b-b949-58e301f79891|"048.CX.Geracao.notas.tipo4"|"2.0.27"|CoE Ops - BR/Nuinvest/Ops PF|DOMAIN_TITULO\AUTOMACAO.MOPERACOES|"0"|"1"
1020076|"08/06/2026 14:00:27"|"08/06/2026 14:32:02"|6|Sinacor application error - Report not generated in time. No action required.|"1"|"08/06/2026 14:32:02"|"3"|[NULL]|48|AWS-RPAP-006|1|BR|aef6211f-f6a9-4295-abde-1d2cd0251b1b|"048.CX.Geracao.notas.tipo4"|"2.0.27"|CoE Ops - BR/Nuinvest/Ops PF|DOMAIN_TITULO\automacao.moperacoes|"0"|"1"
1019956|"08/06/2026 12:00:28"|"08/06/2026 12:32:04"|6|Sinacor application error - Report not generated in time. No action required.|"1"|"08/06/2026 12:32:04"|"3"|[NULL]|48|AWS-RPAP-006|1|BR|"00247fdd-6761-4b28-977c-30004f5e59d2"|"048.CX.Geracao.notas.tipo4"|"2.0.27"|CoE Ops - BR/Nuinvest/Ops PF|DOMAIN_TITULO\automacao.moperacoes|"0"|"1"
1019911|"08/06/2026 10:56:32"|"08/06/2026 11:28:10"|6|Sinacor application error - Report not generated in time. No action required.|"1"|"08/06/2026 11:28:10"|"3"|[NULL]|48|AWS-RPAP-006|1|BR|"6d2a0ee7-7642-45a9-9128-c68a7fe232e1"|"048.CX.Geracao.notas.tipo4"|"2.0.27"|CoE Ops - BR/Nuinvest/Ops PF|DOMAIN_TITULO\automacao.moperacoes|"0"|"1"
1019833|"08/06/2026 09:31:12"|"08/06/2026 10:02:48"|6|Sinacor application error - Report not generated in time. No action required.|"1"|"08/06/2026 10:02:48"|"3"|[NULL]|48|AWS-RPAP-004|1|BR|e4942997-88ae-44ae-bf79-15112dfcc9aa|"048.CX.Geracao.notas.tipo4"|"2.0.27"|CoE Ops - BR/Nuinvest/Ops PF|DOMAIN_TITULO\AUTOMACAO.MOPERACOES|"0"|"1"
1019730|"08/06/2026 07:28:02"|"08/06/2026 07:29:30"|2|Error ocurred: Login Failed - Cabine JudError Source: Throw|"1"|"08/06/2026 07:29:30"|"3"|[NULL]|205|EC2AMAZ-EEDQ776|1|||||||"0"|"1"
1019725|"08/06/2026 07:21:10"|"08/06/2026 07:27:04"|2|Error ocurred: ORA-00933: SQL command not properly endedError Source: Oracle Data Provider for .NET, Managed Driver|"1"|"08/06/2026 07:27:04"|"3"|[NULL]|281|EC2AMAZ-EEDQ776|15|BR|"2f7d9f0c-2af3-4ad5-882b-a3ccf2189305"|"281.Cadastro.Positivo"|"1.0.4"|CoE Ops - BR/Nubank/Ops PF|ssmwindows\AUTOMACAO.MOPERACOES|"0"|"1"
1019658|"08/06/2026 04:00:27"|"08/06/2026 04:32:03"|6|Sinacor application error - Report not generated in time. No action required.|"1"|"08/06/2026 04:32:03"|"3"|[NULL]|48|AWS-RPAP-006|1|BR|"46d8beff-0209-4792-b035-f0bc3ff57ded"|"048.CX.Geracao.notas.tipo4"|"2.0.27"|CoE Ops - BR/Nuinvest/Ops PF|DOMAIN_TITULO\automacao.moperacoes|"0"|"1"
1019625|"08/06/2026 02:00:23"|"08/06/2026 02:31:59"|6|Sinacor application error - Report not generated in time. No action required.|"1"|"08/06/2026 02:31:59"|"3"|[NULL]|48|AWS-RPAP-006|1|BR|"0d054963-03e7-44d7-abdd-034a9777e1da"|"048.CX.Geracao.notas.tipo4"|"2.0.27"|CoE Ops - BR/Nuinvest/Ops PF|DOMAIN_TITULO\automacao.moperacoes|"0"|"1"
1019588|"08/06/2026 00:00:24"|"08/06/2026 00:32:00"|6|Sinacor application error - Report not generated in time. No action required.|"1"|"08/06/2026 00:32:00"|"3"|[NULL]|48|AWS-RPAP-006|1|BR|d2f88b4b-f897-43fa-b2f3-25d96ad911e1|"048.CX.Geracao.notas.tipo4"|"2.0.27"|CoE Ops - BR/Nuinvest/Ops PF|DOMAIN_TITULO\automacao.moperacoes|"0"|"1"
1019561|"07/06/2026 22:00:24"|"07/06/2026 22:32:00"|6|Sinacor application error - Report not generated in time. No action required.|"1"|"07/06/2026 22:32:00"|"3"|[NULL]|48|AWS-RPAP-006|1|BR|"153e3213-2d37-4b11-8cc0-6c79e8a1e399"|"048.CX.Geracao.notas.tipo4"|"2.0.27"|CoE Ops - BR/Nuinvest/Ops PF|DOMAIN_TITULO\automacao.moperacoes|"0"|"1"
1019537|"07/06/2026 20:00:22"|"07/06/2026 20:31:59"|6|Sinacor application error - Report not generated in time. No action required.|"1"|"07/06/2026 20:31:59"|"3"|[NULL]|48|AWS-RPAP-006|1|BR|"40636f3c-8069-4161-a6a9-41220067ff29"|"048.CX.Geracao.notas.tipo4"|"2.0.27"|CoE Ops - BR/Nuinvest/Ops PF|DOMAIN_TITULO\automacao.moperacoes|"0"|"1"
1019514|"07/06/2026 18:16:40"|"07/06/2026 18:17:04"|2|Error ocurred: Can not assign Regex.Match(jComment(comments)(1)(plain_body).ToString, dictConfig(REGEX_CUSTOMER_ID).ToString).Value to sMatch2.Error Source: PopulateQueue - Invoke Workflow File (Tasks\TasksDispatcher\PopulateQueue.xaml): Throw|"1"|"07/06/2026 18:17:04"|"3"|[NULL]|277|EC2AMAZ-ERHGKPJ|0|BR|"70758994-7f4a-4c4f-a6a1-a90ebba76cc7"|"277.SEC.CSI.Banks"|"1.0.9"|CoE Ops - BR/Nubank/Ops Sec|ssmwindows\AUTOMACAO.MOPERACOES|"0"|"1"
1019507|"07/06/2026 18:00:24"|"07/06/2026 18:31:59"|6|Sinacor application error - Report not generated in time. No action required.|"1"|"07/06/2026 18:31:59"|"3"|[NULL]|48|AWS-RPAP-006|1|BR|"799eecad-1856-4635-8b72-b0da75918b9e"|"048.CX.Geracao.notas.tipo4"|"2.0.27"|CoE Ops - BR/Nuinvest/Ops PF|DOMAIN_TITULO\automacao.moperacoes|"0"|"1"
1019478|"07/06/2026 16:00:23"|"07/06/2026 16:31:59"|6|Sinacor application error - Report not generated in time. No action required.|"1"|"07/06/2026 16:31:59"|"3"|[NULL]|48|AWS-RPAP-006|1|BR|"1ecd4ca7-a37d-4838-b7f7-5513ffe60b5b"|"048.CX.Geracao.notas.tipo4"|"2.0.27"|CoE Ops - BR/Nuinvest/Ops PF|DOMAIN_TITULO\automacao.moperacoes|"0"|"1"
1019444|"07/06/2026 14:00:23"|"07/06/2026 14:31:59"|6|Sinacor application error - Report not generated in time. No action required.|"1"|"07/06/2026 14:31:59"|"3"|[NULL]|48|AWS-RPAP-006|1|BR|ed03de3a-ed8b-44d1-a240-685cdd403e93|"048.CX.Geracao.notas.tipo4"|"2.0.27"|CoE Ops - BR/Nuinvest/Ops PF|DOMAIN_TITULO\automacao.moperacoes|"0"|"1"
1019428|"07/06/2026 12:45:23"|"07/06/2026 12:45:43"|2|Error ocurred: Não é possível atribuir `Regex.Match(jComment(comments)(1)(plain_body).ToString, dictConfig(REGEX_CUSTOMER_ID).ToString).Value? a sMatch2.Error Source: PopulateQueue - Invoke Workflow File (Tasks\TasksDispatcher\PopulateQueue.xaml): Throw|"1"|"07/06/2026 12:45:43"|"3"|[NULL]|277|EC2AMAZ-EEDQ776|0|BR|"51ec36d8-6cb3-473d-a879-6df3b7158077"|"277.SEC.CSI.Banks"|"1.0.9"|CoE Ops - BR/Nubank/Ops Sec|ssmwindows\AUTOMACAO.MOPERACOES|"0"|"1"
1019415|"07/06/2026 12:00:23"|"07/06/2026 12:31:58"|6|Sinacor application error - Report not generated in time. No action required.|"1"|"07/06/2026 12:31:58"|"3"|[NULL]|48|AWS-RPAP-006|1|BR|"07cc39f3-514d-499c-b11c-ac3fced7c0dd"|"048.CX.Geracao.notas.tipo4"|"2.0.27"|CoE Ops - BR/Nuinvest/Ops PF|DOMAIN_TITULO\automacao.moperacoes|"0"|"1"
1019388|"07/06/2026 10:00:21"|"07/06/2026 10:31:58"|6|Sinacor application error - Report not generated in time. No action required.|"1"|"07/06/2026 10:31:58"|"3"|[NULL]|48|AWS-RPAP-006|1|BR|"33234eff-a555-462d-ad86-84b8af74e078"|"048.CX.Geracao.notas.tipo4"|"2.0.27"|CoE Ops - BR/Nuinvest/Ops PF|DOMAIN_TITULO\automacao.moperacoes|"0"|"1"
1019354|"07/06/2026 08:00:21"|"07/06/2026 08:31:56"|6|Sinacor application error - Report not generated in time. No action required.|"1"|"07/06/2026 08:31:56"|"3"|[NULL]|48|AWS-RPAP-006|1|BR|"65449959-e6a3-43fe-b461-ad0288c08d01"|"048.CX.Geracao.notas.tipo4"|"2.0.27"|CoE Ops - BR/Nuinvest/Ops PF|DOMAIN_TITULO\automacao.moperacoes|"0"|"1"
1019339|"07/06/2026 06:48:50"|"07/06/2026 20:36:00"|2|Error ocurred: Janela Salvar Como não encontrada para o user [007390835-7]Error Source: System.Private.CoreLib|"1"|"07/06/2026 20:36:00"|"3"|[NULL]|130|AWS-RPAP-004|1|BR|"54a62f63-3de9-41fb-bf36-0c7b0ec91cb4"|"130.CX.Relatorios.Notas.VIRTUAL.SPB"|"1.1.2"|CoE Ops - BR/Nuinvest/Ops PF|DOMAIN_TITULO\AUTOMACAO.MOPERACOES|"0"|"1"
1019328|"07/06/2026 06:00:23"|"07/06/2026 06:31:57"|6|Sinacor application error - Report not generated in time. No action required.|"1"|"07/06/2026 06:31:57"|"3"|[NULL]|48|AWS-RPAP-006|1|BR|a3d1320f-f259-497b-be5e-738e047c2dd8|"048.CX.Geracao.notas.tipo4"|"2.0.27"|CoE Ops - BR/Nuinvest/Ops PF|DOMAIN_TITULO\automacao.moperacoes|"0"|"1"
1019301|"07/06/2026 04:00:25"|"07/06/2026 04:32:01"|6|Sinacor application error - Report not generated in time. No action required.|"1"|"07/06/2026 04:32:01"|"3"|[NULL]|48|AWS-RPAP-006|1|BR|"5d000cf2-8730-4dca-8877-d501387fc81a"|"048.CX.Geracao.notas.tipo4"|"2.0.27"|CoE Ops - BR/Nuinvest/Ops PF|DOMAIN_TITULO\automacao.moperacoes|"0"|"1"
1019274|"07/06/2026 02:00:20"|"07/06/2026 02:31:55"|6|Sinacor application error - Report not generated in time. No action required.|"1"|"07/06/2026 02:31:55"|"3"|[NULL]|48|AWS-RPAP-006|1|BR|"7e277f27-362c-4b3c-bacf-c3ff50239642"|"048.CX.Geracao.notas.tipo4"|"2.0.27"|CoE Ops - BR/Nuinvest/Ops PF|DOMAIN_TITULO\automacao.moperacoes|"0"|"1"
1019248|"07/06/2026 00:00:21"|"07/06/2026 00:31:56"|6|Sinacor application error - Report not generated in time. No action required.|"1"|"07/06/2026 00:31:56"|"3"|[NULL]|48|AWS-RPAP-006|1|BR|b497c30e-5770-424e-9529-3959f905903f|"048.CX.Geracao.notas.tipo4"|"2.0.27"|CoE Ops - BR/Nuinvest/Ops PF|DOMAIN_TITULO\automacao.moperacoes|"0"|"1"
1019209|"06/06/2026 22:00:20"|"06/06/2026 22:31:55"|6|Sinacor application error - Report not generated in time. No action required.|"1"|"06/06/2026 22:31:55"|"3"|[NULL]|48|AWS-RPAP-006|1|BR|"2c085084-bace-4262-9d92-537f61bea352"|"048.CX.Geracao.notas.tipo4"|"2.0.27"|CoE Ops - BR/Nuinvest/Ops PF|DOMAIN_TITULO\automacao.moperacoes|"0"|"1"
1019186|"06/06/2026 20:00:19"|"06/06/2026 20:31:56"|6|Sinacor application error - Report not generated in time. No action required.|"1"|"06/06/2026 20:31:56"|"3"|[NULL]|48|AWS-RPAP-006|1|BR|"7d578a66-545d-4074-9bc7-69dd8539a046"|"048.CX.Geracao.notas.tipo4"|"2.0.27"|CoE Ops - BR/Nuinvest/Ops PF|DOMAIN_TITULO\automacao.moperacoes|"0"|"1"
1019162|"06/06/2026 18:00:20"|"06/06/2026 18:31:56"|6|Sinacor application error - Report not generated in time. No action required.|"1"|"06/06/2026 18:31:56"|"3"|[NULL]|48|AWS-RPAP-006|1|BR|"1f50f36c-a300-40ca-a6ca-2aaeff6e8cf9"|"048.CX.Geracao.notas.tipo4"|"2.0.27"|CoE Ops - BR/Nuinvest/Ops PF|DOMAIN_TITULO\automacao.moperacoes|"0"|"1"
1019135|"06/06/2026 16:00:20"|"06/06/2026 16:31:56"|6|Sinacor application error - Report not generated in time. No action required.|"1"|"06/06/2026 16:31:56"|"3"|[NULL]|48|AWS-RPAP-006|1|BR|"798e832e-1fcc-4f08-8923-6d4340641e8d"|"048.CX.Geracao.notas.tipo4"|"2.0.27"|CoE Ops - BR/Nuinvest/Ops PF|DOMAIN_TITULO\automacao.moperacoes|"0"|"1"
1019103|"06/06/2026 14:00:20"|"06/06/2026 14:31:56"|6|Sinacor application error - Report not generated in time. No action required.|"1"|"06/06/2026 14:31:56"|"3"|[NULL]|48|AWS-RPAP-006|1|BR|"4790d234-4d1a-4b06-a8d8-76cf6fc58e8e"|"048.CX.Geracao.notas.tipo4"|"2.0.27"|CoE Ops - BR/Nuinvest/Ops PF|DOMAIN_TITULO\automacao.moperacoes|"0"|"1"
1019078|"06/06/2026 12:00:21"|"06/06/2026 12:31:57"|6|Sinacor application error - Report not generated in time. No action required.|"1"|"06/06/2026 12:31:57"|"3"|[NULL]|48|AWS-RPAP-006|1|BR|"7d880962-fbb7-4afd-806c-f704c0c1f514"|"048.CX.Geracao.notas.tipo4"|"2.0.27"|CoE Ops - BR/Nuinvest/Ops PF|DOMAIN_TITULO\automacao.moperacoes|"0"|"1"
1019053|"06/06/2026 10:00:20"|"06/06/2026 10:31:56"|6|Sinacor application error - Report not generated in time. No action required.|"1"|"06/06/2026 10:31:56"|"3"|[NULL]|48|AWS-RPAP-006|1|BR|"5d57d7ca-d24d-4c8f-b653-476b4da94c8f"|"048.CX.Geracao.notas.tipo4"|"2.0.27"|CoE Ops - BR/Nuinvest/Ops PF|DOMAIN_TITULO\automacao.moperacoes|"0"|"1"
1019026|"06/06/2026 08:20:49"|"06/06/2026 22:10:40"|2|Error ocurred: Janela Salvar Como não encontrada para o user [016148887-0]Error Source: System.Private.CoreLib|"1"|"06/06/2026 22:10:40"|"3"|[NULL]|130|AWS-RPAP-004|1|BR|"3bdc5d2a-6aea-4136-9845-bc3703d9ba1e"|"130.CX.Relatorios.Notas.VIRTUAL.SPB"|"1.1.2"|CoE Ops - BR/Nuinvest/Ops PF|DOMAIN_TITULO\AUTOMACAO.MOPERACOES|"0"|"1"
1019015|"06/06/2026 08:00:20"|"06/06/2026 08:31:56"|6|Sinacor application error - Report not generated in time. No action required.|"1"|"06/06/2026 08:31:56"|"3"|[NULL]|48|AWS-RPAP-006|1|BR|"23372469-8dce-4d7d-9e64-9e77e9261f26"|"048.CX.Geracao.notas.tipo4"|"2.0.27"|CoE Ops - BR/Nuinvest/Ops PF|DOMAIN_TITULO\automacao.moperacoes|"0"|"1"
1018988|"06/06/2026 06:00:21"|"06/06/2026 06:31:57"|6|Sinacor application error - Report not generated in time. No action required.|"1"|"06/06/2026 06:31:57"|"3"|[NULL]|48|AWS-RPAP-006|1|BR|"3fb5bae2-b231-45f9-951b-5d5b438ec46e"|"048.CX.Geracao.notas.tipo4"|"2.0.27"|CoE Ops - BR/Nuinvest/Ops PF|DOMAIN_TITULO\automacao.moperacoes|"0"|"1"
1018966|"06/06/2026 04:00:20"|"06/06/2026 04:31:56"|6|Sinacor application error - Report not generated in time. No action required.|"1"|"06/06/2026 04:31:56"|"3"|[NULL]|48|AWS-RPAP-006|1|BR|"31032e13-bb0e-4a4a-bc55-c51bc00116cf"|"048.CX.Geracao.notas.tipo4"|"2.0.27"|CoE Ops - BR/Nuinvest/Ops PF|DOMAIN_TITULO\automacao.moperacoes|"0"|"1"
1018940|"06/06/2026 02:00:20"|"06/06/2026 02:31:55"|6|Sinacor application error - Report not generated in time. No action required.|"1"|"06/06/2026 02:31:55"|"3"|[NULL]|48|AWS-RPAP-006|1|BR|aec6b0dd-4da5-411e-87f4-01c00f26ab03|"048.CX.Geracao.notas.tipo4"|"2.0.27"|CoE Ops - BR/Nuinvest/Ops PF|DOMAIN_TITULO\automacao.moperacoes|"0"|"1"
1018913|"06/06/2026 00:00:21"|"06/06/2026 00:31:57"|6|Sinacor application error - Report not generated in time. No action required.|"1"|"06/06/2026 00:31:57"|"3"|[NULL]|48|AWS-RPAP-006|1|BR|e7a9383d-72db-4ecf-a2c5-9bc28cfc0870|"048.CX.Geracao.notas.tipo4"|"2.0.27"|CoE Ops - BR/Nuinvest/Ops PF|DOMAIN_TITULO\automacao.moperacoes|"0"|"1"
1018895|"05/06/2026 23:00:35"|"06/06/2026 08:19:25"|2|Error ocurred: Janela Salvar Como não encontrada para o user [007390835-7]Error Source: System.Private.CoreLib|"1"|"06/06/2026 08:19:25"|"3"|[NULL]|130|AWS-RPAP-004|1|BR|a033fe7a-5d39-43fb-a436-3bc21e012ebd|"130.CX.Relatorios.Notas.VIRTUAL.SPB"|"1.1.2"|CoE Ops - BR/Nuinvest/Ops PF|DOMAIN_TITULO\AUTOMACAO.MOPERACOES|"0"|"1"
1018873|"05/06/2026 22:00:24"|"05/06/2026 22:32:00"|6|Sinacor application error - Report not generated in time. No action required.|"1"|"05/06/2026 22:32:00"|"3"|[NULL]|48|AWS-RPAP-006|1|BR|"661d36fc-4f46-482c-ad71-d8682268532f"|"048.CX.Geracao.notas.tipo4"|"2.0.27"|CoE Ops - BR/Nuinvest/Ops PF|DOMAIN_TITULO\automacao.moperacoes|"0"|"1"
1018823|"05/06/2026 20:00:21"|"05/06/2026 20:31:58"|6|Sinacor application error - Report not generated in time. No action required.|"1"|"05/06/2026 20:31:58"|"3"|[NULL]|48|AWS-RPAP-006|1|BR|"0d690813-e24e-4a62-a209-a2085857cadf"|"048.CX.Geracao.notas.tipo4"|"2.0.27"|CoE Ops - BR/Nuinvest/Ops PF|DOMAIN_TITULO\automacao.moperacoes|"0"|"1"
1018747|"05/06/2026 18:00:22"|"05/06/2026 18:31:57"|6|Sinacor application error - Report not generated in time. No action required.|"1"|"05/06/2026 18:31:57"|"3"|[NULL]|48|AWS-RPAP-006|1|BR|"729d8291-672d-474f-bf52-997b61c641cc"|"048.CX.Geracao.notas.tipo4"|"2.0.27"|CoE Ops - BR/Nuinvest/Ops PF|DOMAIN_TITULO\automacao.moperacoes|"0"|"1"
1018670|"05/06/2026 16:04:22"|"05/06/2026 16:35:58"|6|Sinacor application error - Report not generated in time. No action required.|"1"|"05/06/2026 16:35:58"|"3"|[NULL]|48|AWS-RPAP-004|1|BR|ea9c6c96-8a41-403f-bd7f-43b886f9ff76|"048.CX.Geracao.notas.tipo4"|"2.0.27"|CoE Ops - BR/Nuinvest/Ops PF|DOMAIN_TITULO\AUTOMACAO.MOPERACOES|"0"|"1"
1018536|"05/06/2026 14:00:21"|"05/06/2026 14:31:57"|6|Sinacor application error - Report not generated in time. No action required.|"1"|"05/06/2026 14:31:57"|"3"|[NULL]|48|AWS-RPAP-006|1|BR|d5559f61-e9b8-4301-bae4-b56e93ba0843|"048.CX.Geracao.notas.tipo4"|"2.0.27"|CoE Ops - BR/Nuinvest/Ops PF|DOMAIN_TITULO\automacao.moperacoes|"0"|"1"
1018404|"05/06/2026 12:00:22"|"05/06/2026 12:31:58"|6|Sinacor application error - Report not generated in time. No action required.|"1"|"05/06/2026 12:31:58"|"3"|[NULL]|48|AWS-RPAP-006|1|BR|"6785013e-e919-43ab-89d4-9352dfa35029"|"048.CX.Geracao.notas.tipo4"|"2.0.27"|CoE Ops - BR/Nuinvest/Ops PF|DOMAIN_TITULO\automacao.moperacoes|"0"|"1"
1018293|"05/06/2026 10:00:20"|"05/06/2026 10:31:57"|6|Sinacor application error - Report not generated in time. No action required.|"1"|"05/06/2026 10:31:57"|"3"|[NULL]|48|AWS-RPAP-006|1|BR|aff04d27-a29f-4757-aba3-762e49201ff3|"048.CX.Geracao.notas.tipo4"|"2.0.27"|CoE Ops - BR/Nuinvest/Ops PF|DOMAIN_TITULO\automacao.moperacoes|"0"|"1"
1018250|"05/06/2026 09:01:17"|"05/06/2026 09:08:26"|2|Error ocurred: Could not find label for user [u-lbrigatti]Error Source: Sincad.Update.MaritalStatus.xaml - Invoke Workflow File: Retry Scope - SINCAD login: Throw|"1"|"05/06/2026 09:08:26"|"3"|[NULL]|192|AWS-RPAP-006|1|BR|"74543a7c-f05d-473a-a58c-aa793aee3b33"|"192.ROP.EncerramentoConta.PedidoCliente"|"1.0.31"|CoE Ops - BR/Nuinvest/AML-CFT|DOMAIN_TITULO\automacao.moperacoes|"0"|"1"
1018216|"05/06/2026 08:07:09"|"05/06/2026 08:38:46"|6|Sinacor application error - Report not generated in time. No action required.|"1"|"05/06/2026 08:38:46"|"3"|[NULL]|48|AWS-RPAP-006|1|BR|f21f3caf-453e-4077-92b0-88775fc50d64|"048.CX.Geracao.notas.tipo4"|"2.0.27"|CoE Ops - BR/Nuinvest/Ops PF|DOMAIN_TITULO\automacao.moperacoes|"0"|"1"
1018145|"05/06/2026 06:34:21"|"05/06/2026 07:05:57"|6|Sinacor application error - Report not generated in time. No action required.|"1"|"05/06/2026 07:05:57"|"3"|[NULL]|48|AWS-RPAP-006|1|BR|"4ec7223c-aa86-486b-88e7-2e724cdc2feb"|"048.CX.Geracao.notas.tipo4"|"2.0.27"|CoE Ops - BR/Nuinvest/Ops PF|DOMAIN_TITULO\automacao.moperacoes|"0"|"1"
1018096|"05/06/2026 04:00:20"|"05/06/2026 04:31:56"|6|Sinacor application error - Report not generated in time. No action required.|"1"|"05/06/2026 04:31:56"|"3"|[NULL]|48|AWS-RPAP-006|1|BR|ddc49f51-1ca9-4e20-bcf1-19d1b97c30d9|"048.CX.Geracao.notas.tipo4"|"2.0.27"|CoE Ops - BR/Nuinvest/Ops PF|DOMAIN_TITULO\automacao.moperacoes|"0"|"1"
1018060|"05/06/2026 02:00:19"|"05/06/2026 02:31:56"|6|Sinacor application error - Report not generated in time. No action required.|"1"|"05/06/2026 02:31:56"|"3"|[NULL]|48|AWS-RPAP-006|1|BR|"23e2a9ed-bf1c-470d-bd68-750881330ca0"|"048.CX.Geracao.notas.tipo4"|"2.0.27"|CoE Ops - BR/Nuinvest/Ops PF|DOMAIN_TITULO\automacao.moperacoes|"0"|"1"
1018026|"05/06/2026 00:00:20"|"05/06/2026 00:31:56"|6|Sinacor application error - Report not generated in time. No action required.|"1"|"05/06/2026 00:31:56"|"3"|[NULL]|48|AWS-RPAP-006|1|BR|b3483e7d-cd99-4fbc-b9bd-6caa9bdb1f14|"048.CX.Geracao.notas.tipo4"|"2.0.27"|CoE Ops - BR/Nuinvest/Ops PF|DOMAIN_TITULO\automacao.moperacoes|"0"|"1"
1018016|"04/06/2026 23:13:36"|"05/06/2026 11:22:48"|2|Error ocurred: Janela Salvar Como não encontrada para o user [006841412-1]Error Source: System.Private.CoreLib|"1"|"05/06/2026 11:22:48"|"3"|[NULL]|130|AWS-RPAP-004|1|BR|"9a3e1052-17d1-439e-aa4a-fade001b0dd5"|"130.CX.Relatorios.Notas.VIRTUAL.SPB"|"1.1.2"|CoE Ops - BR/Nuinvest/Ops PF|DOMAIN_TITULO\AUTOMACAO.MOPERACOES|"0"|"1"
1017981|"04/06/2026 22:00:20"|"04/06/2026 22:31:55"|6|Sinacor application error - Report not generated in time. No action required.|"1"|"04/06/2026 22:31:55"|"3"|[NULL]|48|AWS-RPAP-006|1|BR|"967ca928-3d11-4c37-9032-038fec3a3523"|"048.CX.Geracao.notas.tipo4"|"2.0.27"|CoE Ops - BR/Nuinvest/Ops PF|DOMAIN_TITULO\automacao.moperacoes|"0"|"1"
1017930|"04/06/2026 20:00:21"|"04/06/2026 20:31:57"|6|Sinacor application error - Report not generated in time. No action required.|"1"|"04/06/2026 20:31:57"|"3"|[NULL]|48|AWS-RPAP-006|1|BR|"08dacc22-219e-416d-9b72-6c4318ed9c55"|"048.CX.Geracao.notas.tipo4"|"2.0.27"|CoE Ops - BR/Nuinvest/Ops PF|DOMAIN_TITULO\automacao.moperacoes|"0"|"1"
1017853|"04/06/2026 18:00:20"|"04/06/2026 18:31:55"|6|Sinacor application error - Report not generated in time. No action required.|"1"|"04/06/2026 18:31:55"|"3"|[NULL]|48|AWS-RPAP-006|1|BR|"40f18fca-7683-4d7c-8e8b-fb02971d6755"|"048.CX.Geracao.notas.tipo4"|"2.0.27"|CoE Ops - BR/Nuinvest/Ops PF|DOMAIN_TITULO\automacao.moperacoes|"0"|"1"
1017767|"04/06/2026 16:00:48"|"04/06/2026 16:32:25"|6|Sinacor application error - Report not generated in time. No action required.|"1"|"04/06/2026 16:32:25"|"3"|[NULL]|48|AWS-RPAP-006|1|BR|"60f956c8-28f8-4279-b6c0-7e4f40509328"|"048.CX.Geracao.notas.tipo4"|"2.0.27"|CoE Ops - BR/Nuinvest/Ops PF|DOMAIN_TITULO\automacao.moperacoes|"0"|"1"
1017639|"04/06/2026 14:00:21"|"04/06/2026 14:31:57"|6|Sinacor application error - Report not generated in time. No action required.|"1"|"04/06/2026 14:31:57"|"3"|[NULL]|48|AWS-RPAP-006|1|BR|ccdb6681-003a-4f13-91a9-b3769e44af7f|"048.CX.Geracao.notas.tipo4"|"2.0.27"|CoE Ops - BR/Nuinvest/Ops PF|DOMAIN_TITULO\automacao.moperacoes|"0"|"1"
1017523|"04/06/2026 12:00:22"|"04/06/2026 12:31:57"|6|Sinacor application error - Report not generated in time. No action required.|"1"|"04/06/2026 12:31:57"|"3"|[NULL]|48|AWS-RPAP-006|1|BR|"36e2a9b7-70b2-4772-aa1b-7a5732fbebbe"|"048.CX.Geracao.notas.tipo4"|"2.0.27"|CoE Ops - BR/Nuinvest/Ops PF|DOMAIN_TITULO\automacao.moperacoes|"0"|"1"
1017408|"04/06/2026 10:00:20"|"04/06/2026 10:31:56"|6|Sinacor application error - Report not generated in time. No action required.|"1"|"04/06/2026 10:31:56"|"3"|[NULL]|48|AWS-RPAP-006|1|BR|"4b575d17-4a6d-4225-a51a-0ae816be8131"|"048.CX.Geracao.notas.tipo4"|"2.0.27"|CoE Ops - BR/Nuinvest/Ops PF|DOMAIN_TITULO\automacao.moperacoes|"0"|"1"
1017405|"04/06/2026 09:53:13"|"04/06/2026 23:11:23"|2|Error ocurred: Janela Salvar Como não encontrada para o user [002617224-7]Error Source: System.Private.CoreLib|"1"|"04/06/2026 23:11:23"|"3"|[NULL]|130|AWS-RPAP-004|1|BR|"4c6235b3-208b-4529-837b-eda45a56a176"|"130.CX.Relatorios.Notas.VIRTUAL.SPB"|"1.1.2"|CoE Ops - BR/Nuinvest/Ops PF|DOMAIN_TITULO\AUTOMACAO.MOPERACOES|"0"|"1"
1017329|"04/06/2026 08:21:26"|"04/06/2026 08:53:02"|6|Sinacor application error - Report not generated in time. No action required.|"1"|"04/06/2026 08:53:02"|"3"|[NULL]|48|AWS-RPAP-006|1|BR|b30b4698-a85c-4643-9cf5-fb2da64f1ac4|"048.CX.Geracao.notas.tipo4"|"2.0.27"|CoE Ops - BR/Nuinvest/Ops PF|DOMAIN_TITULO\automacao.moperacoes|"0"|"1"
1017218|"04/06/2026 06:00:20"|"04/06/2026 06:31:56"|6|Sinacor application error - Report not generated in time. No action required.|"1"|"04/06/2026 06:31:56"|"3"|[NULL]|48|AWS-RPAP-006|1|BR|"346492be-8995-4383-8945-5871c42644b0"|"048.CX.Geracao.notas.tipo4"|"2.0.27"|CoE Ops - BR/Nuinvest/Ops PF|DOMAIN_TITULO\automacao.moperacoes|"0"|"1"
1017180|"04/06/2026 04:00:20"|"04/06/2026 04:31:56"|6|Sinacor application error - Report not generated in time. No action required.|"1"|"04/06/2026 04:31:56"|"3"|[NULL]|48|AWS-RPAP-006|1|BR|"2e0e733a-334b-4214-a053-c342833dc57a"|"048.CX.Geracao.notas.tipo4"|"2.0.27"|CoE Ops - BR/Nuinvest/Ops PF|DOMAIN_TITULO\automacao.moperacoes|"0"|"1"
1017150|"04/06/2026 02:05:05"|"04/06/2026 03:07:40"|2|Error ocurred: Cannot bring the target application in the foreground. The action was blocked by the current foreground window Temos uma atualização para você from the process musnotificationux.exe.Error Source: Retry Scope|"1"|"04/06/2026 03:07:40"|"3"|[NULL]|156|EC2AMAZ-9TPRIDL|8|BR|"0bc60385-a7a7-44a7-88fd-903c7fc461e7"|"156.ROP.Executa.STA.Nubank"|"1.0.14"|CoE Ops - BR/Nubank/Jud Orders|ssmwindows\AUTOMACAO.MOPERACOES|"0"|"1"
1017142|"04/06/2026 02:00:21"|"04/06/2026 02:31:57"|6|Sinacor application error - Report not generated in time. No action required.|"1"|"04/06/2026 02:31:57"|"3"|[NULL]|48|AWS-RPAP-006|1|BR|"47fa25ad-b3cd-45dc-a42d-a9870e0499a8"|"048.CX.Geracao.notas.tipo4"|"2.0.27"|CoE Ops - BR/Nuinvest/Ops PF|DOMAIN_TITULO\automacao.moperacoes|"0"|"1"
1017101|"04/06/2026 00:00:20"|"04/06/2026 00:31:56"|6|Sinacor application error - Report not generated in time. No action required.|"1"|"04/06/2026 00:31:56"|"3"|[NULL]|48|AWS-RPAP-006|1|BR|f1721eff-b9e2-47a8-a2ef-e60cd6018581|"048.CX.Geracao.notas.tipo4"|"2.0.27"|CoE Ops - BR/Nuinvest/Ops PF|DOMAIN_TITULO\automacao.moperacoes|"0"|"1"
1017056|"03/06/2026 22:00:30"|"03/06/2026 22:32:08"|6|Sinacor application error - Report not generated in time. No action required.|"1"|"03/06/2026 22:32:08"|"3"|[NULL]|48|AWS-RPAP-004|1|BR|f00eabd5-14a1-42ea-9d8a-f155d41ae1dc|"048.CX.Geracao.notas.tipo4"|"2.0.27"|CoE Ops - BR/Nuinvest/Ops PF|DOMAIN_TITULO\AUTOMACAO.MOPERACOES|"0"|"1"
1017026|"03/06/2026 20:41:09"|"03/06/2026 21:58:51"|6|Sinacor application error - Report not generated in time. No action required.|"1"|"03/06/2026 21:58:51"|"3"|[NULL]|48|AWS-RPAP-004|1|BR|c41758f3-0a49-4f6a-a4a7-5fdede0015a5|"048.CX.Geracao.notas.tipo4"|"2.0.27"|CoE Ops - BR/Nuinvest/Ops PF|DOMAIN_TITULO\AUTOMACAO.MOPERACOES|"0"|"1"
1016955|"03/06/2026 18:11:20"|"03/06/2026 20:26:40"|6|Sinacor application error - Report not generated in time. No action required.|"1"|"03/06/2026 20:26:40"|"3"|[NULL]|48|AWS-RPAP-004|1|BR|"9b12d015-5ab5-4387-8b6b-59be9a13e7a7"|"048.CX.Geracao.notas.tipo4"|"2.0.27"|CoE Ops - BR/Nuinvest/Ops PF|DOMAIN_TITULO\AUTOMACAO.MOPERACOES|"0"|"1"
1016925|"03/06/2026 17:35:28"|"03/06/2026 20:26:31"|6|Sinacor application error - Report not generated in time. No action required.|"1"|"03/06/2026 20:26:31"|"3"|[NULL]|48|AWS-RPAP-006|1|BR|"2d50f6f8-3bd5-48d9-928a-6f18020b0fbf"|"048.CX.Geracao.notas.tipo4"|"2.0.27"|CoE Ops - BR/Nuinvest/Ops PF|DOMAIN_TITULO\automacao.moperacoes|"0"|"1"
1016865|"03/06/2026 16:35:27"|"03/06/2026 16:36:57"|2|Error ocurred: Pipe is broken.Error Source: Invoke Python Method|"1"|"03/06/2026 16:36:57"|"3"|[NULL]|183|EC2AMAZ-ERHGKPJ|1|BR|"083caf60-4b85-4ed0-bd7a-a6cf4b7c0234"|"183.OMB.Emails.Duplicados.Zendesk"|"1.0.13"|CoE Ops - BR/Nubank/CompSol||"0"|"1"
1016832|"03/06/2026 15:47:28"|"03/06/2026 16:16:55"|2|Error ocurred: {requestId:6a207d7fe4b089c3e8e10134,name:6b30d086-a649-4d00-8523-0a3c417d5d12,message:This instance is currently busy refreshing its authentication tokens. Please try this request again later.}Error Source: Retry Scope - Find Folder Year|"1"|"03/06/2026 16:16:55"|"3"|[NULL]|61|AWS-RPAP-006|0|BR|"513f5344-7a9a-474e-92b0-2bd6aa2c62e3"|"061.ROP.Insumos.Quebra.Sigilo.v2.Nuinvest"|"1.0.13"|CoE Ops - BR/Nuinvest/Jud Orders|DOMAIN_TITULO\automacao.moperacoes|"0"|"1"
1016736|"03/06/2026 14:15:11"|"03/06/2026 14:17:19"|2|"Error ocurred: Could not find the user-interface (UI) element for this action.

Possible solutions:
 ?  Ensure application is opened and the UI element is visible on the screen at execution time
 ?  Edit the Target of the UI activity and use Validation to debug the issue.
 ?  If needed, re-indicate the element as its properties might have changed
 ?  Use Check state activity to check the application state before executing the action
 ?  Increase the Delay before value to allow time to the application to render entirely and become responsiveError Source: Select Item Tipo"|"1"|"03/06/2026 14:17:19"|"3"|[NULL]|160|EC2AMAZ-ERHGKPJ|0|||||||"0"|"1"
1016648|"03/06/2026 12:22:27"|"03/06/2026 12:53:26"|2|"Error ocurred: Request failed with error: 
ProviderMessage : error - {code=404, message=Publisher Model `projects/iteng-itsystems/locations/us-central1/publishers/google/models/gemini-2.0-flash` was not found or your project does not have access to it. Please ensure you are using a valid model version. For more information, see: https://cloud.google.com/vertex-ai/generative-ai/docs/learn/model-versions, status=NOT_FOUND}
ProviderErrorCode : 404
RequestId : 6a204defe4b089c3e8df1b1a
Message : Not Found

Status code: NotFound. Error code: DAP-RT-1101.Error Source: System.Activities"|"1"|"03/06/2026 12:53:26"|"3"|[NULL]|210|EC2AMAZ-E582I2P|1|BR|"388a9bed-b901-4940-ab4b-a8795dec36b6"|"210.OMB.Tickets.Classification"|"1.0.71"|Shared||"0"|"1"
1016637|"03/06/2026 12:10:10"|"03/06/2026 12:11:03"|2|Error ocurred: Error parsing NaN value. Path , line 1, position 1.Error Source: PopulateQueue: ProcessTicket: Deserialize JSON|"1"|"03/06/2026 12:11:03"|"3"|[NULL]|275|EC2AMAZ-ERHGKPJ|0|BR|a172fe8a-c18a-4eeb-9cbc-1644f809bfdd|"275.CX.Estate.Duplicate.Zendesk "|"1.0.8"|CoE Ops - BR/Nubank/Ops PF|ssmwindows\AUTOMACAO.MOPERACOES|"0"|"1"
1016610|"03/06/2026 11:42:12"|"03/06/2026 11:44:41"|2|Error ocurred: Unterminated string. Expected delimiter: . Path [2].justificativa, line 27, position 49.Error Source: Deserialize JSON Array|"1"|"03/06/2026 11:44:41"|"3"|[NULL]|222|EC2AMAZ-EEDQ776|0|||||||"0"|"1"
1016602|"03/06/2026 11:30:50"|"03/06/2026 11:33:22"|2|"Error ocurred: Falha na solicitação com o erro: 
ProviderMessage : error - {code=404, message=Publisher Model `projects/iteng-itsystems/locations/us-central1/publishers/google/models/gemini-2.0-flash-001` was not found or your project does not have access to it. Please ensure you are using a valid model version. For more information, see: https://cloud.google.com/vertex-ai/generative-ai/docs/learn/model-versions, status=NOT_FOUND}
ProviderErrorCode : 404
RequestId : 6a203b2be4b0ec83d004f696
Message : Not Found

Código de status: NotFound. Código de erro: DAP-RT-1101.Error Source: Retry Scope"|"1"|"03/06/2026 11:33:22"|"3"|[NULL]|222|EC2AMAZ-EEDQ776|0|||||||"0"|"1"
1016599|"03/06/2026 11:27:59"|"03/06/2026 11:58:07"|2|"Error ocurred: Request failed with error: 
ProviderMessage : error - {code=404, message=Publisher Model `projects/iteng-itsystems/locations/us-central1/publishers/google/models/gemini-2.0-flash` was not found or your project does not have access to it. Please ensure you are using a valid model version. For more information, see: https://cloud.google.com/vertex-ai/generative-ai/docs/learn/model-versions, status=NOT_FOUND}
ProviderErrorCode : 404
RequestId : 6a2040f9e4b0ec83d0053932
Message : Not Found

Status code: NotFound. Error code: DAP-RT-1101.Error Source: System.Activities"|"1"|"03/06/2026 11:58:07"|"3"|[NULL]|210|EC2AMAZ-2779GGU|1|BR|"86baeb01-f9ea-4a38-abba-8802af044f2f"|"210.OMB.Tickets.Classification"|"1.0.71"|Shared||"0"|"1"
1016533|"03/06/2026 10:18:20"|"03/06/2026 10:30:28"|6|Error ocurred: Janela de confirmação não identificada|"1"|"03/06/2026 10:30:28"|"3"|[NULL]|121|EC2AMAZ-NLK1TA2|1|BR||||||"0"|"1"
1016529|"03/06/2026 10:11:40"|"03/06/2026 10:30:06"|2|Error ocurred: Object reference not set to an instance of an object.Error Source: System.Activities|"1"|"03/06/2026 10:30:06"|"3"|[NULL]|240|EC2AMAZ-EEDQ776|0|BR||||||"0"|"1"
1016466|"03/06/2026 09:03:26"|"03/06/2026 09:09:43"|2|Error ocurred: ORA-12899: value too large for column RPA.RPA_CTRL_SINCAD_ERRORS.NOTES (actual: 545, maximum: 400)Error Source: Oracle Data Provider for .NET, Managed Driver|"1"|"03/06/2026 09:09:43"|"3"|[NULL]|93|EC2AMAZ-AMINDJ4|1|BR|"19edfe6e-4b45-4eb2-abdf-5ba04e90ccd1"|"093.ROP.Analise.Erros.Sincad.Nubank.Performer"|"1.0.19"|CoE Ops - BR/Nubank/AML-CFT|ssmwindows\AUTOMACAO.MOPERACOES|"0"|"1"
1016452|"03/06/2026 08:44:02"|"03/06/2026 17:32:23"|2|Error ocurred: Janela Salvar Como não encontrada para o user [002617224-7]Error Source: System.Private.CoreLib|"1"|"03/06/2026 17:32:23"|"3"|[NULL]|130|AWS-RPAP-004|1|BR|"194c00db-60c2-4648-9de1-5638ae02df1e"|"130.CX.Relatorios.Notas.VIRTUAL.SPB"|"1.1.2"|CoE Ops - BR/Nuinvest/Ops PF|DOMAIN_TITULO\AUTOMACAO.MOPERACOES|"0"|"1"
1016334|"03/06/2026 06:02:18"|"03/06/2026 06:10:45"|2|Error ocurred: ORA-12899: value too large for column RPA.RPA_CTRL_SINCAD_ERRORS.NOTES (actual: 545, maximum: 400)Error Source: Oracle Data Provider for .NET, Managed Driver|"1"|"03/06/2026 06:10:45"|"3"|[NULL]|93|EC2AMAZ-AMINDJ4|1|BR|"1d72f97b-c448-4512-a483-27636184c0af"|"093.ROP.Analise.Erros.Sincad.Nubank.Performer"|"1.0.19"|CoE Ops - BR/Nubank/AML-CFT|ssmwindows\AUTOMACAO.MOPERACOES|"0"|"1"
1016274|"03/06/2026 03:01:21"|"03/06/2026 03:08:17"|2|Error ocurred: ORA-12899: value too large for column RPA.RPA_CTRL_SINCAD_ERRORS.NOTES (actual: 545, maximum: 400)Error Source: Oracle Data Provider for .NET, Managed Driver|"1"|"03/06/2026 03:08:17"|"3"|[NULL]|93|EC2AMAZ-AMINDJ4|1|BR|e7557d1b-4344-4090-8209-47c286ff1d93|"093.ROP.Analise.Erros.Sincad.Nubank.Performer"|"1.0.19"|CoE Ops - BR/Nubank/AML-CFT|ssmwindows\AUTOMACAO.MOPERACOES|"0"|"1"
1016239|"03/06/2026 01:01:33"|"03/06/2026 01:08:04"|2|Error ocurred: ORA-12899: value too large for column RPA.RPA_CTRL_SINCAD_ERRORS.NOTES (actual: 545, maximum: 400)Error Source: Oracle Data Provider for .NET, Managed Driver|"1"|"03/06/2026 01:08:04"|"3"|[NULL]|93|EC2AMAZ-AMINDJ4|1|BR|cb9abcca-64c9-44c0-9895-1a484468bfd4|"093.ROP.Analise.Erros.Sincad.Nubank.Dispatcher"|"1.0.19"|CoE Ops - BR/Nubank/AML-CFT|ssmwindows\AUTOMACAO.MOPERACOES|"0"|"1"
1016219|"03/06/2026 00:02:00"|"03/06/2026 00:06:30"|2|Error ocurred: ORA-12899: value too large for column RPA.RPA_CTRL_SINCAD_ERRORS.NOTES (actual: 545, maximum: 400)Error Source: Oracle Data Provider for .NET, Managed Driver|"1"|"03/06/2026 00:06:30"|"3"|[NULL]|93|EC2AMAZ-NLK1TA2|1|BR|db7610b1-a21a-44c4-b63d-bd2428a73a5f|"093.ROP.Analise.Erros.Sincad.Nubank.Performer"|"1.0.19"|CoE Ops - BR/Nubank/AML-CFT|ssmwindows\AUTOMACAO.MOPERACOES|"0"|"1"
1016210|"02/06/2026 23:43:02"|"03/06/2026 08:37:57"|2|Error ocurred: Janela Salvar Como não encontrada para o user [017055852-3]Error Source: System.Private.CoreLib|"1"|"03/06/2026 08:37:57"|"3"|[NULL]|130|AWS-RPAP-004|1|BR|"72dc8793-a5bf-4054-865e-138d12b1f0e8"|"130.CX.Relatorios.Notas.VIRTUAL.SPB"|"1.1.2"|CoE Ops - BR/Nuinvest/Ops PF|DOMAIN_TITULO\AUTOMACAO.MOPERACOES|"0"|"1"
1016148|"02/06/2026 21:02:44"|"02/06/2026 23:52:20"|2|Error ocurred: ORA-12899: value too large for column RPA.RPA_CTRL_SINCAD_ERRORS.NOTES (actual: 545, maximum: 400)Error Source: Oracle Data Provider for .NET, Managed Driver|"1"|"02/06/2026 23:52:20"|"3"|[NULL]|93|EC2AMAZ-NLK1TA2|1|BR|"034ee92f-c35d-4f5e-bc05-5ba955b82f3d"|"093.ROP.Analise.Erros.Sincad.Nubank.Performer"|"1.0.19"|CoE Ops - BR/Nubank/AML-CFT|ssmwindows\AUTOMACAO.MOPERACOES|"0"|"1"
1016067|"02/06/2026 18:40:48"|"02/06/2026 18:48:05"|2|Error ocurred: Login Failed - Cabine JudError Source: Throw|"1"|"02/06/2026 18:48:05"|"3"|[NULL]|240|EC2AMAZ-EEDQ776|0|BR||||||"0"|"1"
1016022|"02/06/2026 17:58:34"|"02/06/2026 18:01:47"|2|Error ocurred: Could not find label for user [u-lbrigatti]Error Source: Tasks\CheckPeopleChangedBU.xaml - Invoke Workflow File: SINCAD.Access - Invoke Workflow File (Tasks\Sincad\SINCAD.Access.xaml): Throw SE|"1"|"02/06/2026 18:01:47"|"3"|[NULL]|21|AWS-RPAP-006|1|BR|"11cbc388-958f-4d9b-af62-fb2fc4306e6d"|"021.ROP.Pessoas.Vinculadas"|"1.0.34"|CoE Ops - BR/Nuinvest/AML-CFT|DOMAIN_TITULO\AUTOMACAO.MOPERACOES|"0"|"1"
1016017|"02/06/2026 17:46:24"|"02/06/2026 17:50:04"|2|Error ocurred: Could not find label for user [u-lbrigatti]Error Source: Tasks\CheckPeopleChangedBU.xaml - Invoke Workflow File: SINCAD.Access - Invoke Workflow File (Tasks\Sincad\SINCAD.Access.xaml): Throw SE|"1"|"02/06/2026 17:50:04"|"3"|[NULL]|21|AWS-RPAP-004|1|BR|"8906946b-64ff-4cfe-987f-ec9e07ae9d75"|"021.ROP.Pessoas.Vinculadas"|"1.0.34"|CoE Ops - BR/Nuinvest/AML-CFT|DOMAIN_TITULO\AUTOMACAO.MOPERACOES|"0"|"1"
1015968|"02/06/2026 16:57:33"|"02/06/2026 17:01:26"|2|Error ocurred: Could not find label for user [u-lbrigatti]Error Source: Tasks\CheckPeopleChangedBU.xaml - Invoke Workflow File: SINCAD.Access - Invoke Workflow File (Tasks\Sincad\SINCAD.Access.xaml): Throw SE|"1"|"02/06/2026 17:01:26"|"3"|[NULL]|21|AWS-RPAP-004|1|BR|c6f580b0-ede2-4304-a233-f9da792d7106|"021.ROP.Pessoas.Vinculadas"|"1.0.34"|CoE Ops - BR/Nuinvest/AML-CFT|DOMAIN_TITULO\AUTOMACAO.MOPERACOES|"0"|"1"
1015940|"02/06/2026 16:02:16"|"02/06/2026 16:20:12"|2|"Error ocurred: Request failed with error: 
ProviderMessage : error - {code=404, message=Publisher Model `projects/iteng-itsystems/locations/us-central1/publishers/google/models/gemini-2.0-flash` was not found or your project does not have access to it. Please ensure you are using a valid model version. For more information, see: https://cloud.google.com/vertex-ai/generative-ai/docs/learn/model-versions, status=NOT_FOUND}
ProviderErrorCode : 404
RequestId : 6a1f2ce5e4b0e7d6cd02850e
Message : Not Found

Status code: NotFound. Error code: DAP-RT-1101.Error Source: System.Activities"|"1"|"02/06/2026 16:20:12"|"3"|[NULL]|210|EC2AMAZ-AMINDJ4|1|BR|e1313f5f-220b-4a34-be42-f1fc65420723|"210.OMB.Tickets.Classification"|"1.0.71"|CoE Ops - BR/Nubank/CompSol/210||"0"|"1"
1015913|"02/06/2026 15:30:39"|"02/06/2026 15:53:06"|2|"Error ocurred: Request failed with error: 
ProviderMessage : error - {code=404, message=Publisher Model `projects/iteng-itsystems/locations/us-central1/publishers/google/models/gemini-2.0-flash` was not found or your project does not have access to it. Please ensure you are using a valid model version. For more information, see: https://cloud.google.com/vertex-ai/generative-ai/docs/learn/model-versions, status=NOT_FOUND}
ProviderErrorCode : 404
RequestId : 6a1f268de4b04b40834d5cf0
Message : Not Found

Status code: NotFound. Error code: DAP-RT-1101.Error Source: System.Activities"|"1"|"02/06/2026 15:53:06"|"3"|[NULL]|210|EC2AMAZ-AMINDJ4|1|BR|"4f4d7c31-3771-4826-bd08-8ae1e08130fa"|"210.OMB.Tickets.Classification"|"1.0.71"|CoE Ops - BR/Nubank/CompSol/210||"0"|"1"
1015892|"02/06/2026 15:02:18"|"02/06/2026 18:40:27"|2|Error ocurred: Error HRESULT E_FAIL has been returned from a call to a COM component.Error Source: Retry Scope|"1"|"02/06/2026 18:40:27"|"3"|[NULL]|156|EC2AMAZ-EEDQ776|7|BR|"36236c78-d977-4d28-be6a-64a0767b0cd5"|"156.ROP.Executa.STA.Nubank"|"1.0.14"|CoE Ops - BR/Nubank/Jud Orders|ssmwindows\AUTOMACAO.MOPERACOES|"0"|"1"
1015821|"02/06/2026 13:56:56"|"02/06/2026 13:58:50"|2|"Error ocurred: Não foi possível encontrar o elemento de interface gráfica para esta ação.

Possíveis soluções:
 ?  Verifique se o aplicativo está aberto e se o elemento de interface gráfica está visível na tela no tempo de execução
 ?  Edite o Destino da atividade de interface gráfica e use a Validação para depurar o problema.
 ?  Se necessário, indique novamente o elemento caso as propriedades dele tenham sido alteradas
 ?  Use a atividade Check state para verificar o estado do aplicativo antes de executar a ação
 ?  Aumente o valor de Delay before para o aplicativo fazer a renderização completa a tempo e se tornar responsivoError Source: Click Sim"|"1"|"02/06/2026 13:58:50"|"3"|[NULL]|96|AWS-RPAP-001|1|BR||||||"0"|"1"
1015747|"02/06/2026 12:40:41"|"02/06/2026 15:00:42"|2|"Error ocurred: Request failed with error: 
ProviderMessage : error - {code=404, message=Publisher Model `projects/iteng-itsystems/locations/us-central1/publishers/google/models/gemini-2.0-flash` was not found or your project does not have access to it. Please ensure you are using a valid model version. For more information, see: https://cloud.google.com/vertex-ai/generative-ai/docs/learn/model-versions, status=NOT_FOUND}
ProviderErrorCode : 404
RequestId : 6a1f1a43e4b0e7d6cd01d4de
Message : Not Found

Status code: NotFound. Error code: DAP-RT-1101.Error Source: System.Activities"|"1"|"02/06/2026 15:00:42"|"3"|[NULL]|210|EC2AMAZ-AMINDJ4|1|BR|efe6a261-e04d-479b-a1ea-2f7511acf666|"210.OMB.Tickets.Classification"|"1.0.71"|CoE Ops - BR/Nubank/CompSol/210||"0"|"1"
1015634|"02/06/2026 10:36:46"|"02/06/2026 10:50:52"|2|Error ocurred: Exception of type UiPath.Core.Activities.CheckpointException was thrown.Error Source: PopulateQueue - Invoke Workflow File (Tasks\TasksDispatcher\PopulateQueue.xaml): Retry Scope - Waze CPF|"1"|"02/06/2026 10:50:52"|"3"|[NULL]|281|EC2AMAZ-NLK1TA2|0|BR|"7a642655-e118-4795-949e-1e6ecb2750ee"|"281.Cadastro.Positivo"|"1.0.3"|CoE Ops - BR/Nubank/Ops PF|ssmwindows\automacao.moperacoes|"0"|"1"
1015485|"02/06/2026 08:01:53"|"02/06/2026 08:20:40"|2|Error ocurred: Object reference not set to an instance of an object.Error Source: System.Activities|"1"|"02/06/2026 08:20:40"|"3"|[NULL]|240|EC2AMAZ-EEDQ776|7|BR||||||"0"|"1"
1015418|"02/06/2026 06:06:31"|"02/06/2026 06:08:17"|2|Error ocurred: Exception of type UiPath.Core.Activities.CheckpointException was thrown.Error Source: PopulateQueue - Invoke Workflow File (Tasks\TasksDispatcher\PopulateQueue.xaml): Retry Scope - Waze CPF|"1"|"02/06/2026 06:08:17"|"3"|[NULL]|281|EC2AMAZ-EEDQ776|0|BR|"077e14fb-f5b3-42ad-8dd4-e8179adb1ffa"|"281.Cadastro.Positivo"|"1.0.3"|CoE Ops - BR/Nubank/Ops PF|ssmwindows\AUTOMACAO.MOPERACOES|"0"|"1"
1015312|"02/06/2026 01:00:28"|"02/06/2026 01:08:04"|2|Error ocurred: The operation has timed out.Error Source: Get Asset - API Endpoint Shard Mapping|"1"|"02/06/2026 01:08:04"|"3"|[NULL]|173|EC2AMAZ-EEDQ776|1|BR|"8b3cf89f-211e-43a5-8b13-3466672911c4"|"173.CX.Declaracao.Collections"|"1.0.25"|CoE Ops - BR/Nubank/Ops PF||"0"|"1"
1015264|"01/06/2026 23:00:38"|"02/06/2026 08:26:42"|2|Error ocurred: Janela Salvar Como não encontrada para o user [008007698-6]Error Source: System.Private.CoreLib|"1"|"02/06/2026 08:26:42"|"3"|[NULL]|130|AWS-RPAP-004|1|BR|d2a4517c-11e6-4dd9-973b-7e22fbb39c67|"130.CX.Relatorios.Notas.VIRTUAL.SPB"|"1.1.2"|CoE Ops - BR/Nuinvest/Ops PF|DOMAIN_TITULO\AUTOMACAO.MOPERACOES|"0"|"1"
1014914|"01/06/2026 14:00:41"|"01/06/2026 14:00:49"|6|{error:401,error_description:Usuário ou senha inválido, ou usuário bloqueado}|"1"|"01/06/2026 14:00:49"|"3"|[NULL]|48|AWS-RPAP-004|1|BR|fcc9e3ea-937b-4d0e-a056-c895592996c4|"048.CX.Geracao.notas.tipo4"|"2.0.27"|CoE Ops - BR/Nuinvest/Ops PF|DOMAIN_TITULO\AUTOMACAO.MOPERACOES|"0"|"1"
1014853|"01/06/2026 12:26:44"|"01/06/2026 12:26:51"|6|{error:401,error_description:Usuário ou senha inválido, ou usuário bloqueado}|"1"|"01/06/2026 12:26:51"|"3"|[NULL]|48|AWS-RPAP-004|1|BR|"8de61ad6-4ec5-458e-b911-01bbda011407"|"048.CX.Geracao.notas.tipo4"|"2.0.27"|CoE Ops - BR/Nuinvest/Ops PF|DOMAIN_TITULO\AUTOMACAO.MOPERACOES|"0"|"1"
1014814|"01/06/2026 11:47:31"|"01/06/2026 11:53:58"|2|Error ocurred: A pasta não existe ou o utilizador não tem acesso à pasta. Error code: 1100Error Source: System.Activities|"1"|"01/06/2026 11:53:58"|"3"|[NULL]|96|AWS-RPAP-001|1|BR||||||"0"|"1"
1014809|"01/06/2026 11:45:11"|"01/06/2026 11:46:55"|6|Error ocurred: CSV does not have rows|"1"|"01/06/2026 11:46:55"|"3"|[NULL]|222|EC2AMAZ-EEDQ776|0|||||||"0"|"1"
1014722|"01/06/2026 10:09:25"|"01/06/2026 10:09:32"|6|{error:401,error_description:Sua senha expirou, será necessário efetuar a troca para ter acesso ao Sinacor}|"1"|"01/06/2026 10:09:32"|"3"|[NULL]|48|AWS-RPAP-004|1|BR|"8bc2b43f-7c13-4cfe-a94f-07db59470f88"|"048.CX.Geracao.notas.tipo4"|"2.0.27"|CoE Ops - BR/Nuinvest/Ops PF|DOMAIN_TITULO\AUTOMACAO.MOPERACOES|"0"|"1"
1014698|"01/06/2026 09:53:31"|"01/06/2026 09:54:42"|2|Error ocurred: Sinacor login screen is not openError Source: System.Activities|"1"|"01/06/2026 09:54:42"|"3"|[NULL]|96|AWS-RPAP-004|1|BR||||||"0"|"1"
1014618|"01/06/2026 08:17:25"|"01/06/2026 08:17:32"|6|{error:401,error_description:Sua senha expirou, será necessário efetuar a troca para ter acesso ao Sinacor}|"1"|"01/06/2026 08:17:32"|"3"|[NULL]|48|AWS-RPAP-004|1|BR|"1bb80c88-23a4-400f-840a-14bedcbd86c8"|"048.CX.Geracao.notas.tipo4"|"2.0.27"|CoE Ops - BR/Nuinvest/Ops PF|DOMAIN_TITULO\AUTOMACAO.MOPERACOES|"0"|"1"
1014578|"01/06/2026 07:48:02"|"01/06/2026 07:49:17"|2|Error ocurred: Sinacor login screen is not openError Source: System.Activities|"1"|"01/06/2026 07:49:17"|"3"|[NULL]|96|AWS-RPAP-004|1|BR||||||"0"|"1"
1014488|"01/06/2026 04:00:26"|"01/06/2026 04:00:33"|6|{error:401,error_description:Sua senha expirou, será necessário efetuar a troca para ter acesso ao Sinacor}|"1"|"01/06/2026 04:00:33"|"3"|[NULL]|48|AWS-RPAP-006|1|BR|a33f524c-fdc2-4588-b1b9-22e4c77fb803|"048.CX.Geracao.notas.tipo4"|"2.0.27"|CoE Ops - BR/Nuinvest/Ops PF|DOMAIN_TITULO\AUTOMACAO.MOPERACOES|"0"|"1"
1014450|"01/06/2026 02:00:24"|"01/06/2026 02:00:30"|6|{error:401,error_description:Sua senha expirou, será necessário efetuar a troca para ter acesso ao Sinacor}|"1"|"01/06/2026 02:00:30"|"3"|[NULL]|48|AWS-RPAP-006|1|BR|"79dc7fd2-9ffa-4895-9eff-ec8ffd8381c9"|"048.CX.Geracao.notas.tipo4"|"2.0.27"|CoE Ops - BR/Nuinvest/Ops PF|DOMAIN_TITULO\AUTOMACAO.MOPERACOES|"0"|"1"
1014270|"31/05/2026 16:04:12"|"31/05/2026 16:09:56"|2|Error ocurred: Sinacor login screen is not openError Source: Retry Scope Try Catch - Process System: Retry Scope - Sinacor Login|"1"|"31/05/2026 16:09:56"|"3"|[NULL]|130|AWS-RPAP-004|1|BR|cd3b5b34-3941-4779-a24f-d95a15218fb2|"130.CX.Relatorios.Notas.SINACOR"|"1.1.2"|CoE Ops - BR/Nuinvest/Ops PF|DOMAIN_TITULO\AUTOMACAO.MOPERACOES|"0"|"1"
1013975|"31/05/2026 01:57:27"|"31/05/2026 02:36:34"|2|"Error ocurred: Cannot select item. It was not found among existing items.
TIP: Some combo-boxes delay load items until its dropdown is expanded. Try to simulate a click on control prior to selecting an item.Error Source: Select Item Computador Destino"|"1"|"31/05/2026 02:36:34"|"3"|[NULL]|226|EC2AMAZ-ERHGKPJ|40|BR||||||"0"|"1"
1013775|"30/05/2026 15:01:35"|"30/05/2026 17:21:33"|2|Error ocurred: Response status code does not indicate success: 500 (Internal Server Error).Error Source: Retry Scope - Append Ticket GDrive - ok|"1"|"30/05/2026 17:21:33"|"3"|[NULL]|93|EC2AMAZ-EEDQ776|1|BR|a4f8ff90-6a5d-47b4-ae93-3a68752c57d8|"093.ROP.Analise.Erros.Sincad.Nubank"|"1.0.19"|CoE Ops - BR/Nubank/AML-CFT|ssmwindows\AUTOMACAO.MOPERACOES|"0"|"1"
1013605|"30/05/2026 06:30:50"|"30/05/2026 14:57:28"|2|Error ocurred: Janela Salvar Como não encontrada para o user [007172289-7]Error Source: System.Private.CoreLib|"1"|"30/05/2026 14:57:28"|"3"|[NULL]|130|AWS-RPAP-004|1|BR|"8a37cfc8-15ca-45f1-a604-90b011e08add"|"130.CX.Relatorios.Notas.VIRTUAL.SPB"|"1.1.2"|CoE Ops - BR/Nuinvest/Ops PF|DOMAIN_TITULO\automacao.moperacoes|"0"|"1"
1013536|"30/05/2026 01:00:31"|"30/05/2026 01:07:23"|2|"Error ocurred: Uma tentativa de conexão falhou porque o componente conectado não respondeu
corretamente após um período de tempo ou a conexão estabelecida falhou
porque o host conectado não respondeu. (prod-global-scatterbrain.nubank.com.br:443)Error Source: HTTP Request - CPF Person"|"1"|"30/05/2026 01:07:23"|"3"|[NULL]|173|EC2AMAZ-EEDQ776|1|BR|bb4f7eab-a823-4a2a-a754-3d78f335fe03|"173.CX.Declaracao.Collections"|"1.0.25"|CoE Ops - BR/Nubank/Ops PF||"0"|"1"
1013469|"29/05/2026 21:42:08"|"29/05/2026 21:43:59"|2|Nenhuma conexão pôde ser feita porque a máquina de destino as recusou ativamente. (sinacor.titulo.net:25149)|"1"|"29/05/2026 21:43:59"|"3"|[NULL]|35|AWS-RPAP-006|1|BR|"19491e4a-755d-4b6b-adba-fac8ea1c7a02"|"035.CX.Geracao.notas.clientes"|"2.0.31"|CoE Ops - BR/Nuinvest/Ops PF|DOMAIN_TITULO\AUTOMACAO.MOPERACOES|"0"|"1"
1013427|"29/05/2026 20:00:30"|"29/05/2026 21:37:55"|2|Nenhuma conexão pôde ser feita porque a máquina de destino as recusou ativamente. (sinacor.titulo.net:25149)|"1"|"29/05/2026 21:37:55"|"3"|[NULL]|48|AWS-RPAP-006|1|BR|"7f913702-62da-4c8c-9110-35e6cc4533a4"|"048.CX.Geracao.notas.tipo4"|"2.0.27"|CoE Ops - BR/Nuinvest/Ops PF|DOMAIN_TITULO\AUTOMACAO.MOPERACOES|"0"|"1"
1013264|"29/05/2026 15:33:17"|"29/05/2026 15:38:45"|2|"Error ocurred: Uma tentativa de conexão falhou porque o componente conectado não respondeu
corretamente após um período de tempo ou a conexão estabelecida falhou
porque o host conectado não respondeu. (sinacor.titulo.net:25149)Error Source: System.Private.CoreLib"|"1"|"29/05/2026 15:38:45"|"3"|[NULL]|130|AWS-RPAP-006|1|BR|"0eca116b-1a28-4f4b-8bdb-84316816f3d3"|"130.CX.Relatorios.Notas.API"|"1.1.2"|CoE Ops - BR/Nuinvest/Ops PF|DOMAIN_TITULO\AUTOMACAO.MOPERACOES|"0"|"1"
1013194|"29/05/2026 14:23:41"|"29/05/2026 14:24:07"|2|"Uma tentativa de conexão falhou porque o componente conectado não respondeu
corretamente após um período de tempo ou a conexão estabelecida falhou
porque o host conectado não respondeu. (sinacor.titulo.net:25149)"|"1"|"29/05/2026 14:24:07"|"3"|[NULL]|48|AWS-RPAP-001|1|BR|a416fdfb-1d9e-4586-a41c-01ff3357d227|"048.CX.Geracao.notas.tipo4"|"2.0.26"|Shared|DOMAIN_TITULO\matheus.rubio.gft|"0"|"1"
1012946|"29/05/2026 10:09:50"|"29/05/2026 13:15:54"|2|Error ocurred: ORA-00936: missing expressionError Source: Oracle Data Provider for .NET, Managed Driver|"1"|"29/05/2026 13:15:54"|"3"|[NULL]|185|EC2AMAZ-JQFN3S8|1|BR|"86caf1e3-a87e-41bd-bab6-bf81773a5302"|"185.CX.Declaracao.Investments"|"1.0.38"|CoE Ops - BR/Nubank/VM 12 - Quarta VM||"0"|"1"
1012944|"29/05/2026 10:08:08"|"29/05/2026 14:22:45"|2|"Uma tentativa de conexão falhou porque o componente conectado não respondeu
corretamente após um período de tempo ou a conexão estabelecida falhou
porque o host conectado não respondeu. (sinacor.titulo.net:25149)"|"1"|"29/05/2026 14:22:45"|"3"|[NULL]|48|AWS-RPAP-001|1|BR|e68542e3-9fe6-4f48-b502-6655d22de402|"048.CX.Geracao.notas.tipo4"|"2.0.26"|Shared|DOMAIN_TITULO\matheus.rubio.gft|"0"|"1"
1012504|"28/05/2026 18:34:49"|"28/05/2026 18:38:48"|2|Error ocurred: Object reference not set to an instance of an object.Error Source: Populatequeue - Invoke Workflow File (Tasks\Populatequeue.xaml): Assign|"1"|"28/05/2026 18:38:48"|"3"|[NULL]|210|EC2AMAZ-2779GGU|1|BR|e63b8248-1203-4fe6-a4f8-d9055b4f318c|"210.OMB.Tickets.Classification"|"1.0.71"|Shared||"0"|"1"
1012419|"28/05/2026 16:46:29"|"28/05/2026 18:20:45"|2|Error ocurred: Error HRESULT E_FAIL has been returned from a call to a COM component.Error Source: Retry Scope|"1"|"28/05/2026 18:20:45"|"3"|[NULL]|156|EC2AMAZ-NLK1TA2|2|BR|"45738992-5a1d-4b52-b477-800bf8734845"|"156.ROP.Executa.STA.Nubank"|"1.0.14"|CoE Ops - BR/Nubank/Jud Orders|ssmwindows\automacao.moperacoes|"0"|"1"
1012403|"28/05/2026 16:27:13"|"28/05/2026 16:28:41"|6|Error ocurred: CSV does not have rows|"1"|"28/05/2026 16:28:41"|"3"|[NULL]|222|EC2AMAZ-NLK1TA2|0|||||||"0"|"1"
1012374|"28/05/2026 16:01:04"|"28/05/2026 16:01:19"|2|Error ocurred: Error initializing Python engineError Source: AWS Assume Role - Invoke Workflow File (AWS\AWS Assume Role.xaml): Python Scope|"1"|"28/05/2026 16:01:19"|"3"|[NULL]|210|EC2AMAZ-E970CTR|1|BR|"02ae9290-2325-4420-b83d-83333a4104b6"|"210.OMB.Tickets.Classification"|"1.0.71"|CoE Ops - BR/Nubank/CompSol/210||"0"|"1"
1012370|"28/05/2026 16:00:35"|"28/05/2026 16:00:52"|2|Error ocurred: Error initializing Python engineError Source: AWS Assume Role - Invoke Workflow File (AWS\AWS Assume Role.xaml): Python Scope|"1"|"28/05/2026 16:00:52"|"3"|[NULL]|210|EC2AMAZ-E970CTR|1|BR|e93c5e17-cb4d-485e-809b-5228ce9b1e5f|"210.OMB.Tickets.Classification"|"1.0.71"|CoE Ops - BR/Nubank/CompSol/210||"0"|"1"
1012120|"28/05/2026 12:00:55"|"28/05/2026 12:01:18"|2|Error ocurred: Error initializing Python engineError Source: AWS Assume Role - Invoke Workflow File (AWS\AWS Assume Role.xaml): Python Scope|"1"|"28/05/2026 12:01:18"|"3"|[NULL]|210|EC2AMAZ-E970CTR|1|BR|"8ef46fcc-d7ef-48fb-9944-0a086614968e"|"210.OMB.Tickets.Classification"|"1.0.71"|CoE Ops - BR/Nubank/CompSol/210||"0"|"1"
1012096|"28/05/2026 11:26:07"|"28/05/2026 11:26:22"|2|Error ocurred: Pipe is broken.Error Source: AWS Assume Role - Invoke Workflow File (AWS\AWS Assume Role.xaml): Invoke Python Method|"1"|"28/05/2026 11:26:22"|"3"|[NULL]|210|EC2AMAZ-E970CTR|1|BR|f679cdbb-616f-4213-8296-aa46377a380f|"210.OMB.Tickets.Classification"|"1.0.71"|CoE Ops - BR/Nubank/CompSol/210||"0"|"1"
1012058|"28/05/2026 10:48:01"|"28/05/2026 10:50:42"|2|Error ocurred: Error opening document, make sure Word application is installed. If already installed, an Office Repair may be required.Error Source: Tasks\GetChatMessage.xaml - Invoke Workflow File: Word Application Scope|"1"|"28/05/2026 10:50:42"|"3"|[NULL]|176|EC2AMAZ-ERHGKPJ|1|BR|e76975b5-c9e3-42d0-9beb-38bfa0234b01|"176.CXC.Envio.Registros.Atendimentos"|"1.0.22"|CoE Ops - BR/Nubank/Ops PF||"0"|"1"
1011960|"28/05/2026 09:00:28"|"28/05/2026 10:23:07"|2|Error ocurred: Error opening document, make sure Word application is installed. If already installed, an Office Repair may be required.Error Source: System.Activities|"0"||"3"|[NULL]|196|EC2AMAZ-9TPRIDL|0|BR|"0fea9a81-32b4-452b-b1ed-15bd10fc2181"|"196.CX.Extrato.RDB"|"1.0.45"|CoE Ops - BR/Nubank/Ops PF||"0"|"1"
1011854|"28/05/2026 06:32:27"|"28/05/2026 09:23:51"|2|Error ocurred: User bafdb6b5-dfed-4aa1-b212-34d85f1d788e does not have Connections.View permissions in [Connection: 2c55c21c-c9a3-4aba-a9a1-a4c79e10138b]Error Source: Retry Scope - Append Ticket GDrive - ok|"1"|"28/05/2026 09:23:51"|"3"|[NULL]|93|EC2AMAZ-AMINDJ4|1|BR|a220849a-ff57-44bd-b344-53d761ef7dab|"093.ROP.Analise.Erros.Sincad.Nubank"|"1.0.18"|CoE Ops - BR/Nubank/AML-CFT|ssmwindows\AUTOMACAO.MOPERACOES|"0"|"1"
1011447|"27/05/2026 15:36:24"|"27/05/2026 15:39:15"|6|Error ocurred: CSV does not have rows|"1"|"27/05/2026 15:39:15"|"3"|[NULL]|222|EC2AMAZ-AMINDJ4|0|||||||"0"|"1"
1011436|"27/05/2026 15:30:11"|"27/05/2026 15:33:01"|2|"Error ocurred: Could not find the UI element corresponding to this selector:
<wnd app=pcabine* cls=TFrmLogin />

The closest matches found are:
[69%] <wnd app=pcabine* cls=TApplication/>
[50%] <wnd app=pcabine* cls=#32770/>Error Source: Retry Scope"|"1"|"27/05/2026 15:33:01"|"3"|[NULL]|156|EC2AMAZ-AMINDJ4|0|BR|d93c6041-4b5c-40e4-be97-e1265ccb6dea|"156.ROP.Executa.STA.Nubank"|"1.0.14"|CoE Ops - BR/Nubank/Jud Orders|ssmwindows\AUTOMACAO.MOPERACOES|"0"|"1"
1010973|"27/05/2026 06:14:47"|"27/05/2026 07:23:55"|2|Error ocurred: User bafdb6b5-dfed-4aa1-b212-34d85f1d788e does not have Connections.View permissions in [Connection: 2c55c21c-c9a3-4aba-a9a1-a4c79e10138b]Error Source: Retry Scope - Append Ticket GDrive - ok|"1"|"27/05/2026 07:23:55"|"3"|[NULL]|93|EC2AMAZ-AMINDJ4|1|BR|f17e6ee6-5447-4f41-b7cb-d7178d18aa31|"093.ROP.Analise.Erros.Sincad.Nubank"|"1.0.18"|CoE Ops - BR/Nubank/AML-CFT|ssmwindows\AUTOMACAO.MOPERACOES|"0"|"1"
1010913|"27/05/2026 02:40:25"|"27/05/2026 05:23:43"|2|Error ocurred: User bafdb6b5-dfed-4aa1-b212-34d85f1d788e does not have Connections.View permissions in [Connection: 2c55c21c-c9a3-4aba-a9a1-a4c79e10138b]Error Source: Retry Scope - Append Ticket GDrive - ok|"1"|"27/05/2026 05:23:43"|"3"|[NULL]|93|EC2AMAZ-AMINDJ4|1|BR|"476836aa-c669-47a6-a6d2-f6e8bbedf656"|"093.ROP.Analise.Erros.Sincad.Nubank"|"1.0.18"|CoE Ops - BR/Nubank/AML-CFT|ssmwindows\AUTOMACAO.MOPERACOES|"0"|"1"
1010906|"27/05/2026 02:06:12"|"27/05/2026 02:09:00"|2|"Error ocurred: Could not find the UI element corresponding to this selector:
<wnd app=pcabine* cls=TFrmLogin />

The closest matches found are:
[69%] <wnd app=pcabine* cls=TApplication/>
[50%] <wnd app=pcabine* cls=#32770/>Error Source: Retry Scope"|"1"|"27/05/2026 02:09:00"|"3"|[NULL]|156|EC2AMAZ-AMINDJ4|0|BR|"64f34a74-30c1-4afb-8921-5296ee9497c3"|"156.ROP.Executa.STA.Nubank"|"1.0.14"|CoE Ops - BR/Nubank/Jud Orders|ssmwindows\AUTOMACAO.MOPERACOES|"0"|"1"
1010895|"27/05/2026 01:57:43"|"27/05/2026 02:05:05"|2|Error ocurred: Error - 503Error Source: API.Service.Nubank.Token - Invoke Workflow File (Tasks\API.Service.Nubank.Token.xaml): BuildServiceGet - Invoke Workflow File (Tasks\BuildServiceGet.xaml): Throw|"1"|"27/05/2026 02:05:05"|"3"|[NULL]|173|EC2AMAZ-AMINDJ4|1|BR|"6b3f02df-40e7-40e5-9eaa-adc30dfe99ce"|"173.CX.Declaracao.Collections"|"1.0.24"|CoE Ops - BR/Nubank/Ops PF||"0"|"1"
1010680|"26/05/2026 17:23:12"|"26/05/2026 17:25:06"|2|Error ocurred: Cannot find column 1.Error Source: Assign - Set Column Name Tipo|"1"|"26/05/2026 17:25:06"|"3"|[NULL]|178|EC2AMAZ-9TPRIDL|0||"28dce481-47de-4dc0-9dce-4413998a88c0"|"178.RegSol.Initial.Separation.NuInvest"|"1.1.4"|CoE Ops - BR/Nubank/Jud Orders||"0"|"1"
1010504|"26/05/2026 14:06:59"|"26/05/2026 14:10:27"|2|Error ocurred: Could not find label for user [u-lbrigatti]Error Source: Tasks\CheckPeopleChangedBU.xaml - Invoke Workflow File: SINCAD.Access - Invoke Workflow File (Tasks\Sincad\SINCAD.Access.xaml): Throw SE|"1"|"26/05/2026 14:10:27"|"3"|[NULL]|21|AWS-RPAP-006|1|BR|"0129b8e4-6e8a-4625-96cc-71326980bbaf"|"021.ROP.Pessoas.Vinculadas"|"1.0.30"|CoE Ops - BR/Nuinvest/AML-CFT|DOMAIN_TITULO\AUTOMACAO.MOPERACOES|"0"|"1"
1010346|"26/05/2026 11:41:37"|"26/05/2026 11:43:05"|6|Error ocurred: CSV does not have rows|"1"|"26/05/2026 11:43:05"|"3"|[NULL]|222|EC2AMAZ-ERHGKPJ|0|||||||"0"|"1"
1010123|"26/05/2026 07:56:41"|"26/05/2026 07:57:50"|2|Error ocurred: Sinacor login screen is not openError Source: System.Activities|"1"|"26/05/2026 07:57:50"|"3"|[NULL]|96|AWS-RPAP-004|1|BR||||||"0"|"1"
1010090|"26/05/2026 07:11:53"|"26/05/2026 07:14:06"|2|Error ocurred: The request was canceled due to the configured HttpClient.Timeout of 100 seconds elapsing.Error Source: Download File - template File|"0"||"3"|[NULL]|208|EC2AMAZ-I8623QI|0|BR|"9b52bd64-7c24-4316-a5a4-00928899e98a"|"208.CX.Extrato.Rendimentos"|"1.0.33"|Shared|ssmwindows\matheus.rubio.gft|"0"|"1"
1009543|"25/05/2026 14:16:07"|"25/05/2026 14:27:49"|2|Error ocurred: Object reference not set to an instance of an object.Error Source: Write Range Workbook|"1"|"25/05/2026 14:27:49"|"3"|[NULL]|93|EC2AMAZ-E582I2P|1|BR|"80079656-30d1-4c50-8614-9100a5d6f15d"|"093.ROP.Analise.Erros.Sincad"|"1.0.18"|Shared|ssmwindows\filipe.vitorino.taki|"0"|"1"
1009321|"25/05/2026 10:27:58"|"25/05/2026 10:56:12"|2|Error ocurred: Ocorreu 3 vezes, o seguinte erro: Não foi possível identificar o botão Corpo MensagemError Source: Throw|"1"|"25/05/2026 10:56:12"|"3"|[NULL]|191|EC2AMAZ-EEDQ776|1|BR||||||"0"|"1"
1009147|"25/05/2026 08:00:36"|"25/05/2026 08:20:16"|2|Error ocurred: Automation Cloud cannot be reached. It may be a network fluctuation on the Runtime machine.Error Source: Retry Scope - Write Row Execution Numbers|"1"|"25/05/2026 08:20:16"|"3"|[NULL]|183|EC2AMAZ-ERHGKPJ|1|||||||"0"|"1"
1008994|"25/05/2026 02:40:16"|"25/05/2026 02:43:15"|2|"Error ocurred: Could not find the UI element corresponding to this selector:
<wnd app=pcabine* cls=TFrmLogin />

The closest matches found are:
[69%] <wnd app=pcabine* cls=TApplication/>
[50%] <wnd app=pcabine* cls=#32770/>Error Source: Retry Scope"|"1"|"25/05/2026 02:43:15"|"3"|[NULL]|156|EC2AMAZ-AMINDJ4|0|BR|c0fb72df-5e82-463b-8bc9-ca9d4d7bad2f|"156.ROP.Executa.STA.Nubank"|"1.0.14"|CoE Ops - BR/Nubank/Jud Orders|ssmwindows\AUTOMACAO.MOPERACOES|"0"|"1"
1008748|"24/05/2026 12:35:38"|"24/05/2026 12:39:14"|2|Error ocurred: Object reference not set to an instance of an object.Error Source: Write Range Workbook|"1"|"24/05/2026 12:39:14"|"3"|[NULL]|93|EC2AMAZ-E582I2P|1|BR|a228e2f9-e346-44f7-8f0f-ce0221e3efba|"093.ROP.Analise.Erros.Sincad"|"1.0.18"|Shared|ssmwindows\filipe.vitorino.taki|"0"|"1"
1008446|"23/05/2026 15:10:03"|"23/05/2026 19:20:22"|2|Falha no upload depois de 0 bytes. {requestId:6a12280ce4b04f066c94f123,name:2b0a64a8-6dd7-4682-8dc0-bd9e0e9bd42a,message:User is not authorized}|"1"|"23/05/2026 19:20:22"|"3"|[NULL]|48|AWS-RPAP-001|1|BR|"4b2e8c43-f98a-4ffc-b972-b7dabdafbf9d"|"048.CX.Geracao.notas.tipo4"|"2.0.26"|Shared|DOMAIN_TITULO\matheus.rubio.gft|"0"|"1"
1008411|"23/05/2026 13:51:13"|"23/05/2026 21:48:46"|2|Error ocurred: Janela Salvar Como não encontrada para o user [007930525-1]Error Source: System.Private.CoreLib|"1"|"23/05/2026 21:48:46"|"3"|[NULL]|130|AWS-RPAP-004|1|BR|"6515e2b4-42aa-481a-8bcf-c9e87cd779d0"|"130.CX.Relatorios.Notas.VIRTUAL.SPB"|"1.1.2"|CoE Ops - BR/Nuinvest/Ops PF|DOMAIN_TITULO\AUTOMACAO.MOPERACOES|"0"|"1"
1008389|"23/05/2026 12:24:01"|"23/05/2026 12:38:47"|2|Error ocurred: Object reference not set to an instance of an object.Error Source: Write Range Workbook|"1"|"23/05/2026 12:38:47"|"3"|[NULL]|93|EC2AMAZ-E582I2P|1|BR|ccf05f43-3ca5-4f0b-812b-46dc546dbb25|"093.ROP.Analise.Erros.Sincad"|"1.0.18"|Shared|ssmwindows\filipe.vitorino.taki|"0"|"1"
1008249|"23/05/2026 03:55:06"|"23/05/2026 13:49:50"|2|Error ocurred: Janela Salvar Como não encontrada para o user [019008827-3]Error Source: System.Private.CoreLib|"1"|"23/05/2026 13:49:50"|"3"|[NULL]|130|AWS-RPAP-004|1|BR|"33d8abc2-b056-4e1e-bf51-4f29d0297ae8"|"130.CX.Relatorios.Notas.VIRTUAL.SPB"|"1.1.2"|CoE Ops - BR/Nuinvest/Ops PF|DOMAIN_TITULO\AUTOMACAO.MOPERACOES|"0"|"1"
1008160|"22/05/2026 22:14:36"|"22/05/2026 22:23:05"|2|Error ocurred: User 80a33353-cfe3-442c-98ba-aebc04721c63 does not have Connections.View permissions in [Connection: 34437d09-0844-45f0-94f9-bf54a0277207]Error Source: Retry Scope|"1"|"22/05/2026 22:23:05"|"3"|[NULL]|176|EC2AMAZ-I8623QI|1|BR|"51dc52cf-2623-49c2-aad5-471e119bda4b"|"176.CX.Envio.Registros.Atendimentos"|"1.0.21"|Shared||"0"|"1"
1008135|"22/05/2026 21:20:30"|"23/05/2026 14:02:40"|2|Nenhuma conexão pôde ser feita porque a máquina de destino as recusou ativamente. (sinacor.titulo.net:25149)|"1"|"23/05/2026 14:02:40"|"3"|[NULL]|48|AWS-RPAP-001|1|BR|"8963dfa8-4197-4478-a0c6-caa9b2a5b293"|"048.CX.Geracao.notas.tipo4"|"2.0.26"|Shared|DOMAIN_TITULO\matheus.rubio.gft|"0"|"1"
1008115|"22/05/2026 20:52:24"|"22/05/2026 20:55:39"|2|Error ocurred: Object reference not set to an instance of an object.Error Source: Write Range Workbook|"1"|"22/05/2026 20:55:39"|"3"|[NULL]|93|EC2AMAZ-E582I2P|1|BR|f14a571d-5094-49b2-ae18-8b604a276bae|"093.ROP.Analise.Erros.Sincad"|"1.0.18"|Shared|ssmwindows\filipe.vitorino.taki|"0"|"1"
1007842|"22/05/2026 15:20:37"|"22/05/2026 15:22:03"|2|"Error ocurred: Could not open target application.
Specified file path \\nub-jud-app\JDBCC\Cabine\JDBCC_Correio.exe does not refer to an existing file.Error Source: Retry Scope: Use Application: JDBCC Correio - Login"|"1"|"22/05/2026 15:22:03"|"3"|[NULL]|191|EC2AMAZ-I8623QI|1|BR||||||"0"|"1"
1007806|"22/05/2026 14:50:04"|"22/05/2026 14:53:26"|2|Error ocurred: Dispacther - CSVJUD file processing with error: \\10.105.8.39\temp\CCS0011_Nuinvest.csvError Source: DispatcherEnvNubank - Invoke Workflow File (Tasks\Env Nubank\DispatcherEnvNubank.xaml): Throw|"1"|"22/05/2026 14:53:26"|"3"|[NULL]|61|EC2AMAZ-EEDQ776|0|BR|fec83389-c796-4727-b4bb-7dce318c706d| 061.ROP.Insumos.Quebra.Sigilo.v2.Nubank|"1.0.13"|CoE Ops - BR/Nubank/Jud Orders|ssmwindows\AUTOMACAO.MOPERACOES|"0"|"1"
1007716|"22/05/2026 13:00:37"|"22/05/2026 13:12:31"|2|Error ocurred: Ocorreu 3 vezes, o seguinte erro: Não foi possível identificar o botão Corpo MensagemError Source: Throw|"1"|"22/05/2026 13:12:31"|"3"|[NULL]|191|EC2AMAZ-ERHGKPJ|1|BR||||||"0"|"1"
1007537|"22/05/2026 10:00:23"|"22/05/2026 10:12:40"|2|Error ocurred: Ocorreu 3 vezes, o seguinte erro: Não foi possível identificar o botão Corpo MensagemError Source: Throw|"1"|"22/05/2026 10:12:40"|"3"|[NULL]|191|EC2AMAZ-EEDQ776|1|BR||||||"0"|"1"
1007324|"22/05/2026 05:01:26"|"22/05/2026 05:08:06"|2|Error ocurred: User ac02443d-2a23-4d9f-bb16-dbb5a236af24 does not have Connections.View permissions in [Connection: ab6eeac4-9c29-4138-9863-080295e32ef9]Error Source: Retry Scope|"1"|"22/05/2026 05:08:06"|"3"|[NULL]|157|AWS-RPAP-006|1|BR|"7e03cc26-bf1f-4dd3-bbfd-2a33d19feaf0"|"157.LGL.Payments.Receipt"|"1.0.29"|CoE Ops - BR/Nuinvest/Legal|DOMAIN_TITULO\AUTOMACAO.MOPERACOES|"0"|"1"
1007066|"21/05/2026 18:02:50"|"21/05/2026 19:58:20"|2|Falha no upload depois de 0 bytes. {requestId:6a0f8df2e4b0db7a719c90ef,name:2b0a64a8-6dd7-4682-8dc0-bd9e0e9bd42a,message:User is not authorized}|"1"|"21/05/2026 19:58:20"|"3"|[NULL]|48|AWS-RPAP-001|1|BR|"701fb661-3d14-4264-95ed-7a3ed4b94a9f"|"048.CX.Geracao.notas.tipo4"|"2.0.26"|Shared|DOMAIN_TITULO\matheus.rubio.gft|"0"|"1"
1006919|"21/05/2026 15:02:34"|"21/05/2026 15:05:12"|2|"Error ocurred: Could not find the UI element corresponding to this selector:
<wnd app=pcabine* cls=TFrmLogin />

The closest matches found are:
[69%] <wnd app=pcabine* cls=TApplication/>
[50%] <wnd app=pcabine* cls=#32770/>Error Source: Retry Scope"|"1"|"21/05/2026 15:05:12"|"3"|[NULL]|156|EC2AMAZ-AMINDJ4|0|BR|"05a633be-8ec1-407f-8739-146e7dbbd77c"|"156.ROP.Executa.STA.Nubank"|"1.0.14"|CoE Ops - BR/Nubank/Jud Orders|ssmwindows\AUTOMACAO.MOPERACOES|"0"|"1"
1006870|"21/05/2026 14:13:33"|"21/05/2026 14:26:16"|2|Error ocurred: Login Failed - Cabine JudError Source: Retry Scope|"1"|"21/05/2026 14:26:16"|"3"|[NULL]|160|EC2AMAZ-AMINDJ4|0|||||||"0"|"1"
1006628|"21/05/2026 10:05:39"|"21/05/2026 10:06:44"|2|Error ocurred: Sinacor login screen is not openError Source: System.Activities|"1"|"21/05/2026 10:06:44"|"3"|[NULL]|96|AWS-RPAP-004|1|BR||||||"0"|"1"
1005995|"20/05/2026 13:43:01"|"20/05/2026 13:52:10"|2|Error ocurred: The operation has timed out.Error Source: GetTicketsJira - Invoke Workflow File (Tasks\GetTicketsJira.xaml): Retry Scope|"1"|"20/05/2026 13:52:10"|"3"|[NULL]|167|EC2AMAZ-9TPRIDL|1|BR|"210bfe32-1b51-456f-9df7-1fc2009329dc"|"167.RegSol.Reativacao.Contas.JIRA"|"1.0.17"|CoE Ops - BR/Nubank/AML-CFT|ssmwindows\AUTOMACAO.MOPERACOES|"0"|"1"
1005994|"20/05/2026 13:42:47"|"20/05/2026 13:46:47"|2|Error ocurred: Could not find label for user [u-lbrigatti]Error Source: Tasks\CheckPeopleChangedBU.xaml - Invoke Workflow File: SINCAD.Access - Invoke Workflow File (Tasks\Sincad\SINCAD.Access.xaml): Throw SE|"1"|"20/05/2026 13:46:47"|"3"|[NULL]|21|AWS-RPAP-001|1|BR|"69565c35-72fb-4f1a-8eb7-3e6b5fb26e33"|"021.ROP.Pessoas.Vinculadas"|"1.0.29"|Shared|DOMAIN_TITULO\matheus.rubio.gft|"0"|"1"
1005981|"20/05/2026 13:29:14"|"20/05/2026 13:32:38"|2|Error ocurred: O elemento foi encontrado, mas sua visibilidade não era a esperada (Visível). A visibilidade esperada do elemento pode ser alterada editando o destino e definindo a visibilidade correta na tela de seleção.Error Source: Tasks\CheckPeopleChangedBU.xaml - Invoke Workflow File: SINCAD.Access - Invoke Workflow File (Tasks\Sincad\SINCAD.Access.xaml): Select Item - Participante|"1"|"20/05/2026 13:32:38"|"3"|[NULL]|21|AWS-RPAP-001|1|BR|cb9c101c-1133-477e-a157-805bc9975d6c|"021.ROP.Pessoas.Vinculadas"|"1.0.29"|Shared|DOMAIN_TITULO\matheus.rubio.gft|"0"|"1"
1005980|"20/05/2026 13:24:31"|"20/05/2026 13:27:54"|2|Error ocurred: O elemento foi encontrado, mas sua visibilidade não era a esperada (Visível). A visibilidade esperada do elemento pode ser alterada editando o destino e definindo a visibilidade correta na tela de seleção.Error Source: Tasks\CheckPeopleChangedBU.xaml - Invoke Workflow File: SINCAD.Access - Invoke Workflow File (Tasks\Sincad\SINCAD.Access.xaml): Select Item - Participante|"1"|"20/05/2026 13:27:54"|"3"|[NULL]|21|AWS-RPAP-001|1|BR|"834eb6d8-426e-45ec-b981-062efa7210f1"|"021.ROP.Pessoas.Vinculadas"|"1.0.29"|Shared|DOMAIN_TITULO\matheus.rubio.gft|"0"|"1"
1005913|"20/05/2026 12:09:04"|"20/05/2026 12:12:19"|6|Error ocurred: Could not find label for user [u-lbrigatti]|"1"|"20/05/2026 12:12:19"|"3"|[NULL]|192|AWS-RPAP-006|1|BR|"89ff4fcd-92b4-437b-a1bc-c2ad841cd6db"|"192.ROP.EncerramentoConta.PedidoCliente"|"1.0.30"|CoE Ops - BR/Nuinvest/AML-CFT|DOMAIN_TITULO\AUTOMACAO.MOPERACOES|"0"|"1"
1005884|"20/05/2026 11:39:14"|"20/05/2026 11:44:23"|6|Error ocurred: Could not find label for user [u-lbrigatti]|"1"|"20/05/2026 11:44:23"|"3"|[NULL]|192|AWS-RPAP-004|1|BR|"8e8fc792-582d-4d62-95c5-a36054369db9"|"192.ROP.EncerramentoConta.PedidoCliente"|"1.0.30"|CoE Ops - BR/Nuinvest/AML-CFT|DOMAIN_TITULO\AUTOMACAO.MOPERACOES|"0"|"1"
1005869|"20/05/2026 11:19:45"|"20/05/2026 11:23:06"|6|Error ocurred: Could not find label for user [u-lbrigatti]|"1"|"20/05/2026 11:23:06"|"3"|[NULL]|21|AWS-RPAP-001|1|BR|ecdcfef7-21b9-4759-8eef-85154928f7d4|"021.ROP.Pessoas.Vinculadas"|"1.0.29"|Shared|DOMAIN_TITULO\matheus.rubio.gft|"0"|"1"
1005783|"20/05/2026 09:49:47"|"20/05/2026 09:53:11"|6|Error ocurred: Could not find label for user [u-lbrigatti]|"1"|"20/05/2026 09:53:11"|"3"|[NULL]|192|AWS-RPAP-006|1|BR|"87c190cc-83c3-4185-b4f9-2fa70295d2c2"|"192.ROP.EncerramentoConta.PedidoCliente"|"1.0.30"|CoE Ops - BR/Nuinvest/AML-CFT|DOMAIN_TITULO\AUTOMACAO.MOPERACOES|"0"|"1"
1005654|"20/05/2026 07:15:16"|"20/05/2026 07:21:13"|6|Error ocurred: Could not find label for user [u-lbrigatti]|"1"|"20/05/2026 07:21:13"|"3"|[NULL]|95|AWS-RPAP-006|1|BR|cf69acb4-97b7-41c7-92a5-73082f5e18aa|"095.ROP.Taxa.Inatividade.B3.SINCAD"|"1.0.31"|CoE Ops - BR/Nuinvest/AML-CFT|DOMAIN_TITULO\AUTOMACAO.MOPERACOES|"0"|"1"
1005539|"20/05/2026 00:36:24"|"20/05/2026 10:23:21"|2|Error ocurred: Janela Salvar Como não encontrada para o user [009462978-1]Error Source: System.Private.CoreLib|"1"|"20/05/2026 10:23:21"|"3"|[NULL]|130|AWS-RPAP-004|1|BR|eb93cc45-5485-48ae-a641-4bae039dbb38|"130.CX.Relatorios.Notas.VIRTUAL.SPB"|"1.1.2"|CoE Ops - BR/Nuinvest/Ops PF|DOMAIN_TITULO\AUTOMACAO.MOPERACOES|"0"|"1"
1005341|"19/05/2026 17:54:39"|"19/05/2026 18:02:27"|6|Error ocurred: Could not find label for user [u-lbrigatti]|"1"|"19/05/2026 18:02:27"|"3"|[NULL]|192|AWS-RPAP-004|1|BR|c1da9eb9-d896-417a-8b50-5bee2c8d5a96|"192.ROP.EncerramentoConta.PedidoCliente"|"1.0.30"|CoE Ops - BR/Nuinvest/AML-CFT|DOMAIN_TITULO\AUTOMACAO.MOPERACOES|"0"|"1"
1005310|"19/05/2026 17:18:13"|"19/05/2026 17:18:44"|2|Error ocurred: User 80a33353-cfe3-442c-98ba-aebc04721c63 does not have Connections.View permissions in [Connection: 29dc8856-d2ab-4899-8f7b-b20b3127ceac]Error Source: Retry Scope|"1"|"19/05/2026 17:18:44"|"3"|[NULL]|157|AWS-RPAP-001|1|BR|ccb3bcd1-9522-4eea-b9bb-40795362b64d|"157.LGL.Payments.Receipt"|"1.0.29"|Shared|DOMAIN_TITULO\matheus.rubio.gft|"0"|"1"
1005194|"19/05/2026 15:07:54"|"19/05/2026 15:15:18"|6|Error ocurred: Could not find label for user [u-lbrigatti]|"1"|"19/05/2026 15:15:18"|"3"|[NULL]|192|AWS-RPAP-006|1|BR|"3f5a234a-d56e-4aab-a5b3-f210451aabf9"|"192.ROP.EncerramentoConta.PedidoCliente"|"1.0.30"|CoE Ops - BR/Nuinvest/AML-CFT|DOMAIN_TITULO\AUTOMACAO.MOPERACOES|"0"|"1"
1005142|"19/05/2026 14:28:18"|"19/05/2026 14:32:30"|6|Error ocurred: Could not find label for user [u-lbrigatti]|"1"|"19/05/2026 14:32:30"|"3"|[NULL]|21|AWS-RPAP-004|1|BR|b94a3fbf-22e9-4ad8-a443-ad9cbd97839b|"021.ROP.Pessoas.Vinculadas"|"1.0.29"|CoE Ops - BR/Nuinvest/AML-CFT|DOMAIN_TITULO\AUTOMACAO.MOPERACOES|"0"|"1"
1004911|"19/05/2026 10:18:05"|"19/05/2026 10:55:00"|2|"Error ocurred: Não foi possível encontrar o elemento de interface gráfica para esta ação.

Possíveis soluções:
 ?  Verifique se o aplicativo está aberto e se o elemento de interface gráfica está visível na tela no tempo de execução
 ?  Edite o Destino da atividade de interface gráfica e use a Validação para depurar o problema.
 ?  Se necessário, indique novamente o elemento caso as propriedades dele tenham sido alteradas
 ?  Use a atividade Check state para verificar o estado do aplicativo antes de executar a ação
 ?  Aumente o valor de Delay before para o aplicativo fazer a renderização completa a tempo e se tornar responsivoError Source: System.Activities"|"1"|"19/05/2026 10:55:00"|"3"|[NULL]|240|EC2AMAZ-EEDQ776|18|BR||||||"0"|"1"
1004742|"19/05/2026 07:01:34"|"19/05/2026 15:07:14"|6|Error ocurred: Could not find label for user [u-lbrigatti]|"1"|"19/05/2026 15:07:14"|"3"|[NULL]|95|AWS-RPAP-006|1|BR|bd44d26d-e695-4fc7-85b3-c6170f3d316a|"095.ROP.Taxa.Inatividade.B3.SINCAD"|"1.0.31"|CoE Ops - BR/Nuinvest/AML-CFT|DOMAIN_TITULO\AUTOMACAO.MOPERACOES|"0"|"1"
1004588|"18/05/2026 23:00:38"|"19/05/2026 07:53:41"|2|Error ocurred: Janela Salvar Como não encontrada para o user [007350356-0]Error Source: System.Private.CoreLib|"1"|"19/05/2026 07:53:41"|"3"|[NULL]|130|AWS-RPAP-004|1|BR|ced21df7-1a37-4917-b05a-9d097fbfb95f|"130.CX.Relatorios.Notas.VIRTUAL.SPB"|"1.1.2"|CoE Ops - BR/Nuinvest/Ops PF|DOMAIN_TITULO\AUTOMACAO.MOPERACOES|"0"|"1"
1004453|"18/05/2026 18:39:05"|"18/05/2026 18:39:42"|2|Error ocurred: {requestId:6a0b870de4b0f5044811d6f1,name:2b0a64a8-6dd7-4682-8dc0-bd9e0e9bd42a,message:User is not authorized}Error Source: Retry Scope - Pagamentos (SPOKE 3C)|"1"|"18/05/2026 18:39:42"|"3"|[NULL]|281|EC2AMAZ-L08I12T|0|BR|"4e43e067-62cd-4b49-b9b8-5c1fb0dcdd4a"|"281.Cadastro.Positivo"|"1.0.2"|renan.melo.global-ti@nubank.com.br's workspace|ssmwindows\renan.melo.global-ti|"0"|"1"
1004362|"18/05/2026 16:14:07"|"18/05/2026 16:14:13"|6|Error ocurred: Execução atual fora da janela de cancelamento|"1"|"18/05/2026 16:14:13"|"3"|[NULL]|206|EC2AMAZ-EEDQ776|0|BR|"218bfdbd-58ed-435c-91ef-76058ce8db5d"|"206.CX.Investments.Cancelamento.CDB"|"1.0.12"|CoE Ops - BR/Nubank/Ops PF|ssmwindows\AUTOMACAO.MOPERACOES|"0"|"1"
1004205|"18/05/2026 13:51:22"|"18/05/2026 22:08:43"|2|"Error ocurred: Could not find the user-interface (UI) element for this action.

Possible solutions:
 ?  Ensure application is opened and the UI element is visible on the screen at execution time
 ?  Edit the Target of the UI activity and use Validation to debug the issue.
 ?  If needed, re-indicate the element as its properties might have changed
 ?  Use Check state activity to check the application state before executing the action
 ?  Increase the Delay before value to allow time to the application to render entirely and become responsiveError Source: Retry Scope - SINCAD: Select Item Tipo da Conta"|"1"|"18/05/2026 22:08:43"|"3"|[NULL]|95|AWS-RPAP-004|1|BR|"4e253c69-ff5c-446a-8937-88eec9105d19"|"095.ROP.Taxa.Inatividade.B3.SINCAD"|"1.0.31"|CoE Ops - BR/Nuinvest/AML-CFT|DOMAIN_TITULO\AUTOMACAO.MOPERACOES|"0"|"1"
1002974|"16/05/2026 09:15:12"|"16/05/2026 09:15:32"|2|Error ocurred: O caminho da rede não foi encontrado. : \\file-server-nuinvest\publico\RPA\Files\061.CSVJUD\Error Source: DispatcherEnvNubank - Invoke Workflow File (Tasks\Env Nubank\DispatcherEnvNubank.xaml): Create Folder|"1"|"16/05/2026 09:15:32"|"3"|[NULL]|61|EC2AMAZ-ERHGKPJ|0|BR|"0e88c4f7-bbfa-4bf4-a676-dceb1fb46690"| 061.ROP.Insumos.Quebra.Sigilo.v2.Nubank|"1.0.13"|CoE Ops - BR/Nubank/Jud Orders|ssmwindows\AUTOMACAO.MOPERACOES|"0"|"1"
1002871|"16/05/2026 02:10:29"|"16/05/2026 09:03:05"|2|"Error ocurred: Could not open target application.
Specified file path \\nub-ccs-app\JDCCS\Cabines\PCabineCCS_JUD.exe does not refer to an existing file.Error Source: Retry Scope"|"1"|"16/05/2026 09:03:05"|"3"|[NULL]|156|EC2AMAZ-ERHGKPJ|22|BR|"2bb2280c-6416-49a0-9783-cc21d7c147f4"|"156.ROP.Executa.STA.Nubank"|"1.0.14"|CoE Ops - BR/Nubank/Jud Orders|ssmwindows\AUTOMACAO.MOPERACOES|"0"|"1"
1002684|"15/05/2026 19:12:35"|"15/05/2026 19:13:59"|2|"Error ocurred: Não foi possível abrir o aplicativo de destino.
O caminho de arquivo especificado \\nub-jud-app\JDBCC\Cabine\JDBCC_Correio.exe não se refere a um arquivo existente.Error Source: Retry Scope: Use Application: JDBCC Correio - Login"|"1"|"15/05/2026 19:13:59"|"3"|[NULL]|191|EC2AMAZ-EEDQ776|1|BR||||||"0"|"1"
1002605|"15/05/2026 17:18:05"|"15/05/2026 17:19:24"|2|Falha ao fazer download do relatorio no SinacorWeb|"1"|"15/05/2026 17:19:24"|"3"|[NULL]|35|AWS-RPAP-006|1|BR|a4237dda-f621-411c-8a28-9786b320538b|"035.CX.Geracao.notas.clientes"|"2.0.31"|CoE Ops - BR/Nuinvest/Ops PF|DOMAIN_TITULO\AUTOMACAO.MOPERACOES|"0"|"1"
1002519|"15/05/2026 15:59:25"|"15/05/2026 16:00:54"|6|Error ocurred: CSV does not have rows|"1"|"15/05/2026 16:00:54"|"3"|[NULL]|222|EC2AMAZ-NLK1TA2|0|||||||"0"|"1"
1002489|"15/05/2026 15:18:47"|"15/05/2026 19:12:09"|2|Error ocurred: O caminho da rede não foi encontrado. : \\nub-jud-app\JUD-arquivos\SIMBA\20260512318415758Error Source: System.Private.CoreLib|"1"|"15/05/2026 19:12:09"|"3"|[NULL]|156|EC2AMAZ-ERHGKPJ|18|BR|"85b3e108-bf63-411b-bf17-147f3a36185e"|"156.ROP.Executa.STA.Nubank"|"1.0.14"|CoE Ops - BR/Nubank/Jud Orders|ssmwindows\AUTOMACAO.MOPERACOES|"0"|"1"
1002405|"15/05/2026 14:07:03"|"15/05/2026 14:08:21"|2|Falha ao fazer download do relatorio no SinacorWeb|"1"|"15/05/2026 14:08:21"|"3"|[NULL]|35|AWS-RPAP-006|1|BR|b793a493-c898-43ec-9917-90d9da28a9b7|"035.CX.Geracao.notas.clientes"|"2.0.31"|CoE Ops - BR/Nuinvest/Ops PF|DOMAIN_TITULO\AUTOMACAO.MOPERACOES|"0"|"1"
1002349|"15/05/2026 13:04:16"|"15/05/2026 13:22:51"|2|Falha ao fazer download do relatorio no SinacorWeb|"1"|"15/05/2026 13:22:51"|"3"|[NULL]|35|AWS-RPAP-004|1|BR|"05132706-3aaa-48e1-964a-18a8cda49098"|"035.CX.Geracao.notas.clientes"|"2.0.31"|CoE Ops - BR/Nuinvest/Ops PF|DOMAIN_TITULO\AUTOMACAO.MOPERACOES|"0"|"1"
1002268|"15/05/2026 11:48:15"|"15/05/2026 11:51:54"|2|Error ocurred: Automation Cloud cannot be reached. It may be a network fluctuation on the Runtime machine.Error Source: Retry Scope - Append Ticket GDrive - ok|"1"|"15/05/2026 11:51:54"|"3"|[NULL]|93|EC2AMAZ-9TPRIDL|1|BR|af6b53c8-4173-4ed2-80a4-96c122a479e0|"093.ROP.Analise.Erros.Sincad.Nubank"|"1.0.18"|CoE Ops - BR/Nubank/AML-CFT|ssmwindows\AUTOMACAO.MOPERACOES|"0"|"1"
1002261|"15/05/2026 11:39:01"|"15/05/2026 11:40:27"|6|Error ocurred: CSV does not have rows|"1"|"15/05/2026 11:40:27"|"3"|[NULL]|222|EC2AMAZ-NLK1TA2|0|||||||"0"|"1"
1002200|"15/05/2026 10:36:02"|"15/05/2026 10:37:05"|2|"Error ocurred: Failed to get the bucket details: Unable to reach credentials server
Error: Unable to reach credentials serverError Source: Retry Scope"|"1"|"15/05/2026 10:37:05"|"3"|[NULL]|183|AWS-RPAP-004|1|||||||"0"|"1"
1002190|"15/05/2026 10:27:31"|"15/05/2026 10:29:44"|2|"Error ocurred: Failed to get the bucket details: Unable to reach credentials server
Error: Unable to reach credentials serverError Source: Retry Scope"|"1"|"15/05/2026 10:29:44"|"3"|[NULL]|183|AWS-RPAP-004|1|||||||"0"|"1"
1001944|"15/05/2026 04:10:58"|"15/05/2026 04:47:49"|2|"Error ocurred: Could not find the user-interface (UI) element for this action.

Possible solutions:
 ?  Ensure application is opened and the UI element is visible on the screen at execution time
 ?  Edit the Target of the UI activity and use Validation to debug the issue.
 ?  If needed, re-indicate the element as its properties might have changed
 ?  Use Check state activity to check the application state before executing the action
 ?  Increase the Delay before value to allow time to the application to render entirely and become responsiveError Source: Import.Payments.ReceiptElaw - Invoke Workflow File (Tasks\Import.Payments.ReceiptElaw.xaml): Retry Scope"|"1"|"15/05/2026 04:47:49"|"3"|[NULL]|157|EC2AMAZ-NLK1TA2|1|BR|e0f329d6-069a-42f6-aaa4-d6c6f942cadc|"157.LGL.Payments.Receipt"|"1.0.29"|CoE Ops - BR/Nubank/Legal|ssmwindows\automacao.moperacoes|"0"|"1"
1001912|"15/05/2026 02:33:49"|"15/05/2026 02:36:35"|2|Error ocurred: Error HRESULT E_FAIL has been returned from a call to a COM component.Error Source: Retry Scope|"1"|"15/05/2026 02:36:35"|"3"|[NULL]|156|EC2AMAZ-EEDQ776|0|BR|"3b81eb5f-7000-4503-be13-5a7d3a2a2290"|"156.ROP.Executa.STA.Nubank"|"1.0.14"|CoE Ops - BR/Nubank/Jud Orders|ssmwindows\AUTOMACAO.MOPERACOES|"0"|"1"
1001865|"15/05/2026 00:01:03"|"15/05/2026 00:01:30"|6|Error ocurred: No Data to Process|"1"|"15/05/2026 00:01:30"|"3"|[NULL]|172|EC2AMAZ-EEDQ776|1|BR|"4442703e-eddd-43ca-915b-b89d525e712d"|"172.AML.CFT.CPF.Irregular.EMS"|"1.0.31"|CoE Ops - BR/Nubank/AML-CFT|ssmwindows\AUTOMACAO.MOPERACOES|"0"|"1"
1001558|"14/05/2026 15:29:31"|"14/05/2026 15:54:25"|2|Error ocurred: Object reference not set to an instance of an object.Error Source: System.Activities|"1"|"14/05/2026 15:54:25"|"3"|[NULL]|240|EC2AMAZ-EEDQ776|7|BR||||||"0"|"1"
1001316|"14/05/2026 11:41:17"|"14/05/2026 11:50:29"|2|Falha ao fazer download do relatorio no SinacorWeb|"1"|"14/05/2026 11:50:29"|"3"|[NULL]|35|AWS-RPAP-006|1|BR|a0233e0f-4802-40fc-a22a-7e7f23d8e267|"035.CX.Geracao.notas.clientes"|"2.0.31"|CoE Ops - BR/Nuinvest/Ops PF|DOMAIN_TITULO\AUTOMACAO.MOPERACOES|"0"|"1"
1001286|"14/05/2026 11:03:49"|"14/05/2026 11:06:32"|2|Error ocurred: Object reference not set to an instance of an object.Error Source: PopulateQueue: ProcessTicket: Find and replace text - ticket_body|"1"|"14/05/2026 11:06:32"|"3"|[NULL]|275|EC2AMAZ-9TPRIDL|0|BR|"67db26f8-307a-4a87-b36d-908bee2bbb48"|"275.CX.Estate.Duplicate.Zendesk "|"1.0.7"|CoE Ops - BR/Nubank/Ops PF|ssmwindows\AUTOMACAO.MOPERACOES|"0"|"1"
1001204|"14/05/2026 09:17:48"|"14/05/2026 11:18:12"|2|Error ocurred: {requestId:6a05d98be4b066d90fc8eeae,name:2b0a64a8-6dd7-4682-8dc0-bd9e0e9bd42a,message:User is not authorized}Error Source: Retry Scope - Append Ticket GDrive|"1"|"14/05/2026 11:18:12"|"3"|[NULL]|210|EC2AMAZ-2779GGU|1|BR|abce0605-f243-4bf1-9495-702413ebc3f7|"210.OMB.Tickets.Classification"|"1.0.68"|Shared||"0"|"1"
1001165|"14/05/2026 08:43:19"|"14/05/2026 08:45:52"|2|Error ocurred: Object reference not set to an instance of an object.Error Source: PopulateQueue: ProcessTicket: Find and replace text - ticket_body|"1"|"14/05/2026 08:45:52"|"3"|[NULL]|275|EC2AMAZ-NLK1TA2|0|BR|"7ccc1ad1-bb86-4228-bbea-85736d77d984"|"275.CX.Estate.Duplicate.Zendesk "|"1.0.7"|CoE Ops - BR/Nubank/Ops PF|ssmwindows\automacao.moperacoes|"0"|"1"
1000959|"14/05/2026 00:58:41"|"14/05/2026 00:59:07"|6|Error ocurred: No Data to Process|"1"|"14/05/2026 00:59:07"|"3"|[NULL]|172|EC2AMAZ-EEDQ776|1|BR|fd19754a-86c0-4847-b8ad-d4a5d8422675|"172.AML.CFT.CPF.Irregular.EMS"|"1.0.31"|CoE Ops - BR/Nubank/AML-CFT|ssmwindows\AUTOMACAO.MOPERACOES|"0"|"1"
1000895|"13/05/2026 21:13:57"|"13/05/2026 21:14:45"|2|Error ocurred: The selected connection is no longer valid. Please use another connection or create a new one.Error Source: GetTicketsJira - Invoke Workflow File (Tasks\GetTicketsJira.xaml): Retry Scope|"1"|"13/05/2026 21:14:45"|"3"|[NULL]|167|EC2AMAZ-9TPRIDL|1|BR|"2e6b4a4a-d481-4432-80d9-e5b60c0e4a60"|"167.RegSol.Reativacao.Contas.JIRA"|"1.0.17"|CoE Ops - BR/Nubank/AML-CFT|ssmwindows\AUTOMACAO.MOPERACOES|"0"|"1"
1000350|"13/05/2026 10:32:55"|"13/05/2026 18:38:37"|2|Error ocurred: User 80a33353-cfe3-442c-98ba-aebc04721c63 does not have Connections.View permissions in [Connection: 29dc8856-d2ab-4899-8f7b-b20b3127ceac]Error Source: Retry Scope|"1"|"13/05/2026 18:38:37"|"3"|[NULL]|157|AWS-RPAP-001|1|BR|"2fb35921-7ec0-4c83-a58b-b38a71b443ae"|"157.LGL.Payments.Receipt"|"1.0.29"|Shared|DOMAIN_TITULO\matheus.rubio.gft|"0"|"1"
1000144|"13/05/2026 06:38:40"|"13/05/2026 07:43:47"|2|"Error ocurred: Could not open target application.
Specified file path \\nub-ccs-app\JDCCS\Cabines\PCabineCCS_JUD.exe does not refer to an existing file.Error Source: Retry Scope"|"1"|"13/05/2026 07:43:47"|"3"|[NULL]|156|EC2AMAZ-NLK1TA2|42|BR|"216710e0-e508-42d7-9e3a-a1fd395c0ef6"|"156.ROP.Executa.STA.Nubank"|"1.0.14"|CoE Ops - BR/Nubank/Jud Orders|ssmwindows\automacao.moperacoes|"0"|"1"
1000117|"13/05/2026 05:52:45"|"13/05/2026 06:20:11"|2|"Error ocurred: Could not find the user-interface (UI) element for this action.

Possible solutions:
 ?  Ensure application is opened and the UI element is visible on the screen at execution time
 ?  Edit the Target of the UI activity and use Validation to debug the issue.
 ?  If needed, re-indicate the element as its properties might have changed
 ?  Use Check state activity to check the application state before executing the action
 ?  Increase the Delay before value to allow time to the application to render entirely and become responsiveError Source: Import.Payments.ReceiptElaw - Invoke Workflow File (Tasks\Import.Payments.ReceiptElaw.xaml): Retry Scope"|"1"|"13/05/2026 06:20:11"|"3"|[NULL]|157|EC2AMAZ-NLK1TA2|1|BR|c5cfe929-1e75-4c83-85bb-4db93e132d46|"157.LGL.Payments.Receipt"|"1.0.29"|CoE Ops - BR/Nubank/Legal|ssmwindows\automacao.moperacoes|"0"|"1"
1000024|"13/05/2026 00:51:22"|"13/05/2026 00:51:47"|6|Error ocurred: No Data to Process|"1"|"13/05/2026 00:51:47"|"3"|[NULL]|172|EC2AMAZ-EEDQ776|1|BR|b5fd5419-91c9-4371-aec3-518767582d9c|"172.AML.CFT.CPF.Irregular.EMS"|"1.0.31"|CoE Ops - BR/Nubank/AML-CFT|ssmwindows\AUTOMACAO.MOPERACOES|"0"|"1"
999875|"12/05/2026 18:51:12"|"12/05/2026 18:54:02"|2|"Error ocurred: Could not find the user-interface (UI) element for this action.

Possible solutions:
 ?  Ensure application is opened and the UI element is visible on the screen at execution time
 ?  Edit the Target of the UI activity and use Validation to debug the issue.
 ?  If needed, re-indicate the element as its properties might have changed
 ?  Use Check state activity to check the application state before executing the action
 ?  Increase the Delay before value to allow time to the application to render entirely and become responsiveError Source: Perform.Serasa - Invoke Workflow File (Tasks\Perform.Serasa.xaml): Login.Serasa - Invoke Workflow File (Login.Serasa.xaml): Get assets and Login"|"1"|"12/05/2026 18:54:02"|"3"|[NULL]|144|EC2AMAZ-9TPRIDL|1|BR|"54b29b6f-7307-4cf1-ad5c-4b780ddc75f8"|"144.LGL.Retirada.Apontamento"|"1.3.18"|CoE Ops - BR/Nubank/Legal|ssmwindows\AUTOMACAO.MOPERACOES|"0"|"1"
999587|"12/05/2026 14:08:34"|"12/05/2026 14:26:17"|2|Error ocurred: Erro ao acessar o eLaw, valide a disponibilidade do portal e/contate a equipe de RPA.Error Source: Throw|"1"|"12/05/2026 14:26:17"|"3"|[NULL]|157|EC2AMAZ-9TPRIDL|1|BR|d41c90c1-be5c-4516-bcda-090ceca5df9c|"157.LGL.Payments.Receipt"|"1.0.29"|CoE Ops - BR/Nubank/Legal|ssmwindows\AUTOMACAO.MOPERACOES|"0"|"1"
999198|"12/05/2026 07:48:34"|"12/05/2026 14:06:19"|2|"Error ocurred: Could not find the user-interface (UI) element for this action.

Possible solutions:
 ?  Ensure application is opened and the UI element is visible on the screen at execution time
 ?  Edit the Target of the UI activity and use Validation to debug the issue.
 ?  If needed, re-indicate the element as its properties might have changed
 ?  Use Check state activity to check the application state before executing the action
 ?  Increase the Delay before value to allow time to the application to render entirely and become responsiveError Source: Import.Payments.ReceiptElaw - Invoke Workflow File (Tasks\Import.Payments.ReceiptElaw.xaml): Retry Scope"|"1"|"12/05/2026 14:06:19"|"3"|[NULL]|157|EC2AMAZ-9TPRIDL|1|BR|f09d0cfc-0dd6-498d-8e4a-59f3c76255f2|"157.LGL.Payments.Receipt"|"1.0.29"|CoE Ops - BR/Nubank/Legal|ssmwindows\AUTOMACAO.MOPERACOES|"0"|"1"
998952|"11/05/2026 20:59:45"|"11/05/2026 21:00:35"|2|Error ocurred: {requestId:6a026d8be4b05a02f42e7045,name:2b0a64a8-6dd7-4682-8dc0-bd9e0e9bd42a,message:User is not authorized}Error Source: Retry Scope - Append Ticket GDrive - ok|"1"|"11/05/2026 21:00:35"|"3"|[NULL]|93|EC2AMAZ-2779GGU|1|BR|"00b42526-d317-450d-9afe-36a3911adc15"|"093.ROP.Analise.Erros.Sincad"|"1.0.17"|Shared|ssmwindows\natalia.abrao.taking|"0"|"1"
998487|"11/05/2026 11:58:34"|"11/05/2026 12:05:46"|2|Error ocurred: Este host não é conhecido. (prod--customers.nubank.com.br:443)Error Source: System.Activities|"1"|"11/05/2026 12:05:46"|"3"|[NULL]|247|EC2AMAZ-NLK1TA2|0|BR|"911ef70f-c78d-4f9e-b0d2-33c8f45aac9c"|"247.COMPSOL.Agencia.Externa"|"1.0.6"|CoE Ops - BR/Nubank/CompSol|ssmwindows\automacao.moperacoes|"0"|"1"
998463|"11/05/2026 11:32:34"|"11/05/2026 11:33:58"|6|Error ocurred: CSV does not have rows|"1"|"11/05/2026 11:33:58"|"3"|[NULL]|222|EC2AMAZ-9TPRIDL|0|||||||"0"|"1"
998416|"11/05/2026 10:28:04"|"11/05/2026 10:35:52"|2|Error ocurred: A tentativa de autenticação demorou mais de 90 segundos para ser concluída e foi cancelada.Error Source: Tasks\Get.Data.From.Spreadsheet.xaml : Retry Scope - Google Workspace Scope|"1"|"11/05/2026 10:35:52"|"3"|[NULL]|200|EC2AMAZ-EEDQ776|1|BR|e4382166-11a6-4634-a6af-23d0c33c0993|"200.AML.Workload.Qualidade.AML-CFT.AML"|"1.0.7"|CoE Ops - BR/Nubank/AML-CFT||"0"|"1"
998410|"11/05/2026 10:23:02"|"11/05/2026 10:30:49"|2|Error ocurred: Authentication attempt took longer than 90 seconds to complete, and was cancelled.Error Source: Tasks\Get.Data.From.Spreadsheet.xaml : Retry Scope - Google Workspace Scope|"1"|"11/05/2026 10:30:49"|"3"|[NULL]|200|EC2AMAZ-9TPRIDL|1|BR|"184951a5-a146-475b-b962-d2fa5e8efa70"|"200.AML.Workload.CompSol.Ouvidoria"|"1.0.7"|CoE Ops - BR/Nubank/CompSol||"0"|"1"
998340|"11/05/2026 09:22:46"|"11/05/2026 09:26:15"|2|Error ocurred: ORA-00917: missing commaError Source: Oracle Data Provider for .NET, Managed Driver|"1"|"11/05/2026 09:26:15"|"3"|[NULL]|275|EC2AMAZ-9TPRIDL|0|BR|b3df90f4-5675-4634-87f4-7bf76138c2ed|"275.CX.Estate.Duplicate.Zendesk "|"1.0.7"|CoE Ops - BR/Nubank/Ops PF|ssmwindows\AUTOMACAO.MOPERACOES|"0"|"1"
998203|"11/05/2026 07:10:56"|"11/05/2026 07:18:42"|2|Error ocurred: Authentication attempt took longer than 90 seconds to complete, and was cancelled.Error Source: Tasks\Get.Data.From.Spreadsheet.xaml : Retry Scope - Google Workspace Scope|"1"|"11/05/2026 07:18:42"|"3"|[NULL]|200|EC2AMAZ-ERHGKPJ|1|BR|"7ba211c0-4444-472b-8d3f-dd5c0ccd006a"|"200.AML.Workload.CompSol.Ouvidoria"|"1.0.7"|CoE Ops - BR/Nubank/CompSol||"0"|"1"
998086|"11/05/2026 01:58:38"|"11/05/2026 02:01:13"|2|Error ocurred: Error HRESULT E_FAIL has been returned from a call to a COM component.Error Source: Retry Scope|"1"|"11/05/2026 02:01:13"|"3"|[NULL]|156|EC2AMAZ-ERHGKPJ|0|BR|"7b05f98d-4dab-411a-988d-69c7b3fabdf5"|"156.ROP.Executa.STA.Nubank"|"1.0.14"|CoE Ops - BR/Nubank/Jud Orders|ssmwindows\AUTOMACAO.MOPERACOES|"0"|"1"
997918|"10/05/2026 17:13:29"|"10/05/2026 17:20:39"|2|Error ocurred: Este host não é conhecido. (prod--customers.nubank.com.br:443)Error Source: System.Activities|"1"|"10/05/2026 17:20:39"|"3"|[NULL]|247|EC2AMAZ-9TPRIDL|0|BR|faae439b-d7d6-45e9-b9c6-484f596cd9ef|"247.COMPSOL.Agencia.Externa"|"1.0.6"|CoE Ops - BR/Nubank/CompSol|ssmwindows\AUTOMACAO.MOPERACOES|"0"|"1"
997794|"10/05/2026 11:16:19"|"10/05/2026 11:19:07"|2|Error ocurred: Can not assign dtResult.Rows(0)(TRANSACTIONS).ToString to sTransactions.Error Source: System.Activities|"1"|"10/05/2026 11:19:07"|"3"|[NULL]|277|EC2AMAZ-9TPRIDL|0|BR|"725a81b2-3da7-4d72-8dfc-fb864cd23fdf"|"277.SEC.CSI.Banks"|"1.0.9"|CoE Ops - BR/Nubank/CompSol|ssmwindows\AUTOMACAO.MOPERACOES|"0"|"1"
997793|"10/05/2026 11:08:05"|"10/05/2026 11:15:29"|2|Error ocurred: Este host não é conhecido. (prod--customers.nubank.com.br:443)Error Source: System.Activities|"1"|"10/05/2026 11:15:29"|"3"|[NULL]|247|EC2AMAZ-EEDQ776|0|BR|e88650f6-64c1-4b87-bbda-78e61c3fe86e|"247.COMPSOL.Agencia.Externa"|"1.0.6"|CoE Ops - BR/Nubank/CompSol|ssmwindows\AUTOMACAO.MOPERACOES|"0"|"1"
997677|"10/05/2026 05:22:09"|"10/05/2026 13:50:01"|2|Error ocurred: Janela Salvar Como não encontrada para o user [013725587-6]Error Source: System.Private.CoreLib|"1"|"10/05/2026 13:50:01"|"3"|[NULL]|130|AWS-RPAP-004|1|BR|"0ed935e9-8430-4340-abc7-a94079d04b5f"|"130.CX.Relatorios.Notas.VIRTUAL.SPB"|"1.1.2"|CoE Ops - BR/Nuinvest/Ops PF|DOMAIN_TITULO\AUTOMACAO.MOPERACOES|"0"|"1"
997270|"09/05/2026 03:36:10"|"09/05/2026 03:36:47"|6|Error ocurred: No Data to Process|"1"|"09/05/2026 03:36:47"|"3"|[NULL]|172|EC2AMAZ-9TPRIDL|1|BR|"55916ee4-4bcb-46ee-98ab-b763c70d8ad3"|"172.AML.CFT.CPF.Irregular.EMS"|"1.0.31"|CoE Ops - BR/Nubank/AML-CFT|ssmwindows\AUTOMACAO.MOPERACOES|"0"|"1"
997006|"08/05/2026 17:18:45"|"08/05/2026 17:31:54"|2|Error ocurred: Este host não é conhecido. (prod--customers.nubank.com.br:443)Error Source: System.Activities|"1"|"08/05/2026 17:31:54"|"3"|[NULL]|247|EC2AMAZ-9TPRIDL|3|BR|"9e771022-171d-45fc-9bef-bec5348ce45b"|"247.COMPSOL.Agencia.Externa"|"1.0.6"|CoE Ops - BR/Nubank/CompSol|ssmwindows\AUTOMACAO.MOPERACOES|"0"|"1"
996970|"08/05/2026 16:35:42"|"08/05/2026 16:35:48"|6|Error ocurred: Execução atual fora da janela de cancelamento|"1"|"08/05/2026 16:35:48"|"3"|[NULL]|206|EC2AMAZ-NLK1TA2|0|BR|b31bd928-5e1c-426e-a575-0e0e0e694d6e|"206.CX.Investments.Cancelamento.CDB"|"1.0.12"|CoE Ops - BR/Nubank/VM 12 - Quarta VM|ssmwindows\automacao.moperacoes|"0"|"1"
996684|"08/05/2026 11:45:38"|"08/05/2026 11:45:58"|2|Error ocurred: User bafdb6b5-dfed-4aa1-b212-34d85f1d788e does not have Connections.View permissions in [Connection: 69a95749-9996-4350-9dd4-4c3bf34c32ea]Error Source: For Each File or Folder|"1"|"08/05/2026 11:45:58"|"3"|[NULL]|179|EC2AMAZ-9TPRIDL|1|BR|"31e46810-c7e7-4df7-a9bd-4655e7b92881"|"179.CX.Declaracao.Insurance"|"1.0.13"|CoE Ops - BR/Nubank/VM 12 - Quarta VM||"0"|"1"
996357|"08/05/2026 03:24:58"|"08/05/2026 03:25:17"|2|Error ocurred: User bafdb6b5-dfed-4aa1-b212-34d85f1d788e does not have Connections.View permissions in [Connection: 69a95749-9996-4350-9dd4-4c3bf34c32ea]Error Source: For Each File or Folder|"1"|"08/05/2026 03:25:17"|"3"|[NULL]|179|EC2AMAZ-ERHGKPJ|1|BR|ad9e0891-7995-4c23-83ea-1d9a94e1a5b7|"179.CX.Declaracao.Insurance"|"1.0.13"|CoE Ops - BR/Nubank/VM 12 - Quarta VM||"0"|"1"
996318|"08/05/2026 01:59:20"|"08/05/2026 02:07:27"|2|"Error ocurred: Cannot select item. It was not found among existing items.
TIP: Some combo-boxes delay load items until its dropdown is expanded. Try to simulate a click on control prior to selecting an item.Error Source: Select Item Computador Destino"|"1"|"08/05/2026 02:07:27"|"3"|[NULL]|226|EC2AMAZ-NLK1TA2|6|BR||||||"0"|"1"
996194|"07/05/2026 20:46:57"|"07/05/2026 20:48:52"|2|"Error ocurred: Uma tentativa de conexão falhou porque o componente conectado não respondeu
corretamente após um período de tempo ou a conexão estabelecida falhou
porque o host conectado não respondeu. (prod-global-scatterbrain.nubank.com.br:443)Error Source: Tasks\CheckAccountNubank.xaml - Invoke Workflow File: HTTP Request - CPF Person"|"1"|"07/05/2026 20:48:52"|"3"|[NULL]|167|EC2AMAZ-ERHGKPJ|1|BR|"832f1e3a-828e-47b3-b352-7dd04ada5628"|"167.RegSol.Reativacao.Contas-JIRA"|"1.0.17"|CoE Ops - BR/Nubank/VM 12 - Quarta VM|ssmwindows\AUTOMACAO.MOPERACOES|"0"|"1"
994344|"06/05/2026 00:22:02"|"06/05/2026 00:22:45"|6|Error ocurred: No Data to Process|"1"|"06/05/2026 00:22:45"|"3"|[NULL]|172|EC2AMAZ-9TPRIDL|1|BR|"8c4f7fa7-21ab-421c-8915-daa4f589ee29"|"172.AML.CFT.CPF.Irregular.EMS"|"1.0.31"|CoE Ops - BR/Nubank/VM 12 - Quarta VM|ssmwindows\AUTOMACAO.MOPERACOES|"0"|"1"
994053|"05/05/2026 16:01:28"|"05/05/2026 16:34:09"|2|"Error ocurred: Multiple similar matches found.

Could not uniquely identify the user-interface element for this action.
Edit the element, run Validation, and add anchors in order to ensure the element is uniquely identified.Error Source: Perform.Serasa - Invoke Workflow File (Tasks\Perform.Serasa.xaml): Login.Serasa - Invoke Workflow File (Login.Serasa.xaml): Get assets and Login"|"1"|"05/05/2026 16:34:09"|"3"|[NULL]|144|EC2AMAZ-9TPRIDL|1|BR|"46de0495-0009-4a65-ab53-dd2080b39300"|"144.LGL.Retirada.Apontamento"|"1.3.17"|CoE Ops - BR/Nubank/Legal|ssmwindows\AUTOMACAO.MOPERACOES|"0"|"1"
994035|"05/05/2026 15:50:04"|"05/05/2026 15:50:14"|2|Error ocurred: The activity For Each File/Folder with ID 85 threw or propagated an exception while being canceled.Error Source: System.Private.CoreLib|"1"|"05/05/2026 15:50:14"|"3"|[NULL]|144|EC2AMAZ-9TPRIDL|1|BR|a42ccdf3-15c7-4c9a-8407-a979892307cf|"144.LGL.Retirada.Apontamento"|"1.3.17"|CoE Ops - BR/Nubank/Legal|ssmwindows\AUTOMACAO.MOPERACOES|"0"|"1"
993967|"05/05/2026 14:33:01"|"05/05/2026 15:49:10"|2|Error ocurred: Connection [c592ec09-009c-4bd5-b8c7-1a691a25d546] failed to authorizeError Source: Retry Scope - Append Ticket GDrive|"1"|"05/05/2026 15:49:10"|"3"|[NULL]|210|EC2AMAZ-9TPRIDL|1|BR|"0551039c-b702-45c9-9683-308fc0e8f535"|"210.OMB.Tickets.Classification"|"1.0.68"|CoE Ops - BR/Nubank/VM 16 - Segunda VM||"0"|"1"
993734|"05/05/2026 11:05:30"|"05/05/2026 11:42:29"|6|Sinacor application error - Report not generated in time. No action required.|"1"|"05/05/2026 11:42:29"|"3"|[NULL]|48|AWS-RPAP-001|1|BR|ccef7fe5-79c5-4d20-a501-fc1902b44da5|"048.CX.Geracao.notas.tipo4"|"2.0.26"|Shared|DOMAIN_TITULO\matheus.rubio.gft|"0"|"1"
993645|"05/05/2026 10:00:27"|"05/05/2026 11:42:04"|6|Sinacor application error - Report not generated in time. No action required.|"1"|"05/05/2026 11:42:04"|"3"|[NULL]|48|AWS-RPAP-006|1|BR|"76142cdb-fbfc-4a24-b198-6e21bc07150d"|"048.CX.Geracao.notas.tipo4"|"2.0.26"|CoE Ops - BR/Nuinvest/Ops PF|DOMAIN_TITULO\AUTOMACAO.MOPERACOES|"0"|"1"
993421|"05/05/2026 04:29:02"|"05/05/2026 04:42:14"|2|"Error ocurred: Could not find the user-interface (UI) element for this action.

Possible solutions:
 ?  Ensure application is opened and the UI element is visible on the screen at execution time
 ?  Edit the Target of the UI activity and use Validation to debug the issue.
 ?  If needed, re-indicate the element as its properties might have changed
 ?  Use Check state activity to check the application state before executing the action
 ?  Increase the Delay before value to allow time to the application to render entirely and become responsiveError Source: Perform.Elaw - Invoke Workflow File (Tasks\Elaw\Perform.Elaw.xaml): Retry Scope"|"1"|"05/05/2026 04:42:14"|"3"|[NULL]|144|EC2AMAZ-NLK1TA2|1|BR|dd7303b3-a7a6-43d8-baaf-1f63c883fa54|"144.LGL.Retirada.Apontamento"|"1.3.17"|CoE Ops - BR/Nubank/Legal|ssmwindows\automacao.moperacoes|"0"|"1"
993420|"05/05/2026 04:25:19"|"05/05/2026 04:28:40"|6|Error ocurred: Arquivo de Input nao foi encontrado no Bucket|"1"|"05/05/2026 04:28:40"|"3"|[NULL]|222|EC2AMAZ-NLK1TA2|0|||||||"0"|"1"
993419|"05/05/2026 04:24:57"|"05/05/2026 04:25:09"|6|Error ocurred: Errro - Input Sheet Not Found in Thread on judqualiter-seniors channel|"1"|"05/05/2026 04:25:09"|"3"|[NULL]|259|EC2AMAZ-NLK1TA2|0|BR|"289c672c-3fd8-42ba-ab01-ea9367bd6f72"|"259-rpa-jud-quality-broker-automation"|"1.0.6"|CoE Ops - BR/Nubank/VM 12 - Quarta VM|ssmwindows\automacao.moperacoes|"0"|"1"
993348|"05/05/2026 00:33:35"|"05/05/2026 00:35:38"|6|Error ocurred: Arquivo de Input nao foi encontrado no Bucket|"1"|"05/05/2026 00:35:38"|"3"|[NULL]|191|EC2AMAZ-NLK1TA2|1|BR||||||"0"|"1"
993302|"04/05/2026 22:00:24"|"04/05/2026 22:03:58"|2|Nenhuma conexão pôde ser feita porque a máquina de destino as recusou ativamente. (sinacor.titulo.net:25149)|"1"|"04/05/2026 22:03:58"|"3"|[NULL]|48|AWS-RPAP-006|1|BR|"17764c43-0836-4166-943c-ebff4cad7792"|"048.CX.Geracao.notas.tipo4"|"2.0.26"|CoE Ops - BR/Nuinvest/Ops PF|DOMAIN_TITULO\AUTOMACAO.MOPERACOES|"0"|"1"
992841|"04/05/2026 11:38:11"|"04/05/2026 11:38:20"|6|Error ocurred: Errro - Input Sheet Not Found in Thread on judqualiter-seniors channel|"1"|"04/05/2026 11:38:20"|"3"|[NULL]|259|EC2AMAZ-EEDQ776|0|BR|d03ce471-c772-4140-bea7-b0d1b04c41d3|"259-rpa-jud-quality-broker-automation"|"1.0.6"|CoE Ops - BR/Nubank/VM 12 - Quarta VM|ssmwindows\AUTOMACAO.MOPERACOES|"0"|"1"
992695|"04/05/2026 09:18:32"|"04/05/2026 09:30:11"|2|Error ocurred: Internal server error occurred. Please try again later.Error Source: Report.Results.RPA - Invoke Workflow File (Tasks\Report.Results.RPA.xaml): Retry Scope|"1"|"04/05/2026 09:30:11"|"3"|[NULL]|167|EC2AMAZ-NLK1TA2|1|BR|de8c7c89-c7fd-425f-a0d1-84bfecae9cb5|"167.RegSol.Reativacao.Contas-JIRA"|"1.0.17"|CoE Ops - BR/Nubank/VM 12 - Quarta VM|ssmwindows\automacao.moperacoes|"0"|"1"
992691|"04/05/2026 09:10:36"|"04/05/2026 09:18:14"|2|Error ocurred: Internal server error occurred. Please try again later.Error Source: Report.Results.RPA - Invoke Workflow File (Tasks\Report.Results.RPA.xaml): Retry Scope|"1"|"04/05/2026 09:18:14"|"3"|[NULL]|167|EC2AMAZ-NLK1TA2|1|BR|f1f24d01-b330-4ac0-b4e8-dae9fa959a05|"167.RegSol.Reativacao.Contas-JIRA"|"1.0.17"|CoE Ops - BR/Nubank/VM 12 - Quarta VM|ssmwindows\automacao.moperacoes|"0"|"1"
992659|"04/05/2026 08:49:57"|"04/05/2026 08:50:08"|6|Error ocurred: Errro - Input Sheet Not Found in Thread on judqualiter-seniors channel|"1"|"04/05/2026 08:50:08"|"3"|[NULL]|259|EC2AMAZ-EEDQ776|0|BR|"3dd6c741-f87b-4b71-ab5e-39ae808b9b60"|"259-rpa-jud-quality-broker-automation"|"1.0.6"|CoE Ops - BR/Nubank/VM 12 - Quarta VM|ssmwindows\AUTOMACAO.MOPERACOES|"0"|"1"
992419|"03/05/2026 23:00:38"|"04/05/2026 07:15:58"|2|Error ocurred: Janela Salvar Como não encontrada para o user [006833455-1]Error Source: System.Private.CoreLib|"1"|"04/05/2026 07:15:58"|"3"|[NULL]|130|AWS-RPAP-004|1|BR|"1d19afd2-5088-4ca0-83d5-64498b024437"|"130.CX.Relatorios.Notas.VIRTUAL.SPB"|"1.1.2"|CoE Ops - BR/Nuinvest/Ops PF|DOMAIN_TITULO\AUTOMACAO.MOPERACOES|"0"|"1"
992288|"03/05/2026 15:31:05"|"03/05/2026 15:31:16"|6|Error ocurred: Errro - Input Sheet Not Found in Thread on judqualiter-seniors channel|"1"|"03/05/2026 15:31:16"|"3"|[NULL]|259|EC2AMAZ-ERHGKPJ|0|BR|b12d1124-ccba-4766-b4eb-71d5cee1fdac|"259-rpa-jud-quality-broker-automation"|"1.0.6"|CoE Ops - BR/Nubank/VM 12 - Quarta VM|ssmwindows\AUTOMACAO.MOPERACOES|"0"|"1"
992140|"03/05/2026 07:48:41"|"03/05/2026 15:42:38"|2|Error ocurred: Janela Salvar Como não encontrada para o user [019462318-1]Error Source: System.Private.CoreLib|"1"|"03/05/2026 15:42:38"|"3"|[NULL]|130|AWS-RPAP-004|1|BR|"6137c05e-063f-4a1a-aab7-aef83bf0d377"|"130.CX.Relatorios.Notas.VIRTUAL.SPB"|"1.1.2"|CoE Ops - BR/Nuinvest/Ops PF|DOMAIN_TITULO\AUTOMACAO.MOPERACOES|"0"|"1"
992135|"03/05/2026 07:30:44"|"03/05/2026 07:30:54"|6|Error ocurred: Errro - Input Sheet Not Found in Thread on judqualiter-seniors channel|"1"|"03/05/2026 07:30:54"|"3"|[NULL]|259|EC2AMAZ-NLK1TA2|0|BR|"10f5687e-fa1b-45a4-9380-1f1b7c46d227"|"259-rpa-jud-quality-broker-automation"|"1.0.6"|CoE Ops - BR/Nubank/VM 12 - Quarta VM|ssmwindows\automacao.moperacoes|"0"|"1"
992004|"02/05/2026 23:53:45"|"03/05/2026 07:47:35"|2|Error ocurred: Janela Salvar Como não encontrada para o user [012919574-0]Error Source: System.Private.CoreLib|"1"|"03/05/2026 07:47:35"|"3"|[NULL]|130|AWS-RPAP-004|1|BR|"6fb643f2-afd3-4249-b2f1-e9df10be2ec2"|"130.CX.Relatorios.Notas.VIRTUAL.SPB"|"1.1.2"|CoE Ops - BR/Nuinvest/Ops PF|DOMAIN_TITULO\AUTOMACAO.MOPERACOES|"0"|"1"
991862|"02/05/2026 15:30:44"|"02/05/2026 15:30:54"|6|Error ocurred: Errro - Input Sheet Not Found in Thread on judqualiter-seniors channel|"1"|"02/05/2026 15:30:54"|"3"|[NULL]|259|EC2AMAZ-NLK1TA2|0|BR|"5359d060-3f71-421d-b57a-3add1f08d86c"|"259-rpa-jud-quality-broker-automation"|"1.0.6"|CoE Ops - BR/Nubank/VM 12 - Quarta VM|ssmwindows\automacao.moperacoes|"0"|"1"
991718|"02/05/2026 07:53:25"|"02/05/2026 07:53:35"|6|Error ocurred: Errro - Input Sheet Not Found in Thread on judqualiter-seniors channel|"1"|"02/05/2026 07:53:35"|"3"|[NULL]|259|EC2AMAZ-ERHGKPJ|0|BR|c749557e-6bd7-4fd8-9b54-2e09e8e4b233|"259-rpa-jud-quality-broker-automation"|"1.0.6"|CoE Ops - BR/Nubank/VM 12 - Quarta VM|ssmwindows\AUTOMACAO.MOPERACOES|"0"|"1"
991703|"02/05/2026 07:06:50"|"02/05/2026 15:00:50"|2|Error ocurred: Janela Salvar Como não encontrada para o user [000063972-0]Error Source: System.Private.CoreLib|"1"|"02/05/2026 15:00:50"|"3"|[NULL]|130|AWS-RPAP-004|1|BR|fc661dc8-77a0-491c-922d-466778ff9270|"130.CX.Relatorios.Notas.VIRTUAL.SPB"|"1.1.2"|CoE Ops - BR/Nuinvest/Ops PF|DOMAIN_TITULO\AUTOMACAO.MOPERACOES|"0"|"1"
991633|"02/05/2026 01:14:39"|"02/05/2026 01:34:39"|2|Error ocurred: Erro ao acessar o Validador SimbaError Source: Throw|"1"|"02/05/2026 01:34:39"|"3"|[NULL]|226|EC2AMAZ-9TPRIDL|19|BR||||||"0"|"1"
991579|"01/05/2026 23:00:36"|"02/05/2026 07:05:33"|2|Error ocurred: Janela Salvar Como não encontrada para o user [012919574-0]Error Source: System.Private.CoreLib|"1"|"02/05/2026 07:05:33"|"3"|[NULL]|130|AWS-RPAP-004|1|BR|"7ef4afd1-13e5-40a6-8511-3c7b2b6fbf04"|"130.CX.Relatorios.Notas.VIRTUAL.SPB"|"1.1.2"|CoE Ops - BR/Nuinvest/Ops PF|DOMAIN_TITULO\AUTOMACAO.MOPERACOES|"0"|"1"
991434|"01/05/2026 17:00:57"|"01/05/2026 17:01:12"|2|Error ocurred: The response ended prematurely. (ResponseEnded)Error Source: Zendesk_Handle_Blank_Tickets.xaml - Invoke Workflow File: Tasks\Zendesk_Endpoint_GetTicketsList.xaml - Invoke Workflow File: HTTP Request|"1"|"01/05/2026 17:01:12"|"3"|[NULL]|119|EC2AMAZ-EEDQ776|1|BR|acad8d1c-b022-496e-b846-0866b0baf435|"119.CXC.Blank.Emails.Zendesk"|"1.0.34"|CoE Ops - BR/Nubank/VM 12 - Quarta VM|ssmwindows\AUTOMACAO.MOPERACOES|"0"|"1"
991212|"01/05/2026 13:00:53"|"01/05/2026 13:08:31"|2|Error ocurred: Automation Cloud cannot be reached. It may be a network fluctuation on the Runtime machine.Error Source: Retry Scope - Deny Subjects GSheet|"1"|"01/05/2026 13:08:31"|"3"|[NULL]|182|EC2AMAZ-9TPRIDL|1|||||||"0"|"1"
990862|"01/05/2026 06:33:34"|"01/05/2026 14:34:34"|2|Error ocurred: Janela Salvar Como não encontrada para o user [000644873-0]Error Source: System.Private.CoreLib|"1"|"01/05/2026 14:34:34"|"3"|[NULL]|130|AWS-RPAP-004|1|BR|eac4a41b-edd6-4de7-a7d8-e93e2d66730b|"130.CX.Relatorios.Notas.VIRTUAL.SPB"|"1.1.2"|CoE Ops - BR/Nuinvest/Ops PF|DOMAIN_TITULO\AUTOMACAO.MOPERACOES|"0"|"1"
990733|"30/04/2026 23:00:37"|"01/05/2026 06:32:16"|2|Error ocurred: Janela Salvar Como não encontrada para o user [009729065-1]Error Source: System.Private.CoreLib|"1"|"01/05/2026 06:32:16"|"3"|[NULL]|130|AWS-RPAP-004|1|BR|"8ba09acc-16e9-4e97-9aba-5a2404d20dcb"|"130.CX.Relatorios.Notas.VIRTUAL.SPB"|"1.1.2"|CoE Ops - BR/Nuinvest/Ops PF|DOMAIN_TITULO\AUTOMACAO.MOPERACOES|"0"|"1"
990718|"30/04/2026 22:00:24"|"30/04/2026 22:03:57"|2|Nenhuma conexão pôde ser feita porque a máquina de destino as recusou ativamente. (sinacor.titulo.net:25149)|"1"|"30/04/2026 22:03:57"|"3"|[NULL]|48|AWS-RPAP-006|1|BR|"293117eb-25f8-43bf-82b1-e87c12a5592f"|"048.CX.Geracao.notas.tipo4"|"2.0.26"|CoE Ops - BR/Nuinvest/Ops PF|DOMAIN_TITULO\AUTOMACAO.MOPERACOES|"0"|"1"
990579|"30/04/2026 17:26:01"|"30/04/2026 19:59:15"|2|"Error ocurred: Could not find the user-interface (UI) element for this action.

Possible solutions:
 ?  Ensure application is opened and the UI element is visible on the screen at execution time
 ?  Edit the Target of the UI activity and use Validation to debug the issue.
 ?  If needed, re-indicate the element as its properties might have changed
 ?  Use Check state activity to check the application state before executing the action
 ?  Increase the Delay before value to allow time to the application to render entirely and become responsiveError Source: Perform.Elaw - Invoke Workflow File (Tasks\Elaw\Perform.Elaw.xaml): Retry Scope"|"1"|"30/04/2026 19:59:15"|"3"|[NULL]|144|EC2AMAZ-ERHGKPJ|1|BR|"033ecb4a-47ca-4ad3-801f-75658de91153"|"144.LGL.Retirada.Apontamento"|"1.3.17"|CoE Ops - BR/Nubank/Legal|ssmwindows\AUTOMACAO.MOPERACOES|"0"|"1"
990572|"30/04/2026 17:21:08"|"30/04/2026 20:16:37"|6|"Falha ao requistar relatorio no SinacorWeb: STATUS CODE: 404 | RESPONSE: <!DOCTYPE HTML PUBLIC -//W3C//DTD HTML 4.01//ENhttp://www.w3.org/TR/html4/strict.dtd>
<HTML><HEAD><TITLE>Not Found</TITLE>
<META HTTP-EQUIV=Content-Type Content=text/html; charset=us-ascii></HEAD>
<BODY><h2>Not Found</h2>
<hr><p>HTTP Error 404. The requested resource is not found.</p>
</BODY></HTML>
"|"1"|"30/04/2026 20:16:37"|"3"|[NULL]|48|AWS-RPAP-006|1|BR|"330bf028-cb47-455d-952d-8b18fc594f4e"|"048.CX.Geracao.notas.tipo4"|"2.0.26"|CoE Ops - BR/Nuinvest/Ops PF|DOMAIN_TITULO\AUTOMACAO.MOPERACOES|"0"|"1"
990371|"30/04/2026 13:23:58"|"30/04/2026 13:26:52"|2|Error ocurred: Unexpected character encountered while parsing value: <. Path , line 0, position 0.Error Source: PopulateQueue: ProcessTicket: Deserialize JSON|"1"|"30/04/2026 13:26:52"|"3"|[NULL]|275|EC2AMAZ-ERHGKPJ|0|BR|e4545fb9-5ae7-402e-aa41-e53918d8f6d3|"275.CX.Estate.Duplicate.Zendesk "|"1.0.6"|CoE Ops - BR/Nubank/Ops PF|ssmwindows\AUTOMACAO.MOPERACOES|"0"|"1"
990351|"30/04/2026 13:04:53"|"30/04/2026 13:06:20"|2|Error ocurred: User ac02443d-2a23-4d9f-bb16-dbb5a236af24 does not have Connections.View permissions in [Connection: 2c55c21c-c9a3-4aba-a9a1-a4c79e10138b]Error Source: Retry Scope - Append Ticket GDrive|"1"|"30/04/2026 13:06:20"|"3"|[NULL]|93|AWS-RPAP-006|1|BR|cacdd8e5-9bdd-4d84-8cfd-156e63945f21|"093.ROP.Analise.Erros.Sincad"|"1.0.16"|CoE Ops - BR/Nuinvest/VM 06 - Quinta VM|DOMAIN_TITULO\AUTOMACAO.MOPERACOES|"0"|"1"
990179|"30/04/2026 09:59:41"|"30/04/2026 18:51:20"|2|Error ocurred: Janela Salvar Como não encontrada para o user [019230055-4]Error Source: System.Private.CoreLib|"1"|"30/04/2026 18:51:20"|"3"|[NULL]|130|AWS-RPAP-004|1|BR|"8012bce2-8b93-45b3-bc30-61624fc8884d"|"130.CX.Relatorios.Notas.VIRTUAL.SPB"|"1.1.2"|CoE Ops - BR/Nuinvest/Ops PF|DOMAIN_TITULO\AUTOMACAO.MOPERACOES|"0"|"1"
990124|"30/04/2026 08:45:18"|"30/04/2026 08:46:40"|2|Error ocurred: User ac02443d-2a23-4d9f-bb16-dbb5a236af24 does not have Connections.View permissions in [Connection: 2c55c21c-c9a3-4aba-a9a1-a4c79e10138b]Error Source: Retry Scope - Append Ticket GDrive|"1"|"30/04/2026 08:46:40"|"3"|[NULL]|93|AWS-RPAP-006|1|BR|e02833c7-781f-46d1-aec8-3e94f0d5b76e|"093.ROP.Analise.Erros.Sincad"|"1.0.16"|CoE Ops - BR/Nuinvest/VM 06 - Quinta VM|DOMAIN_TITULO\AUTOMACAO.MOPERACOES|"0"|"1"
989903|"29/04/2026 23:49:46"|"30/04/2026 09:58:28"|2|Error ocurred: Janela Salvar Como não encontrada para o user [006669303-6]Error Source: System.Private.CoreLib|"1"|"30/04/2026 09:58:28"|"3"|[NULL]|130|AWS-RPAP-004|1|BR|"98e79681-3a5e-411d-b2dc-32feed3f976c"|"130.CX.Relatorios.Notas.VIRTUAL.SPB"|"1.1.2"|CoE Ops - BR/Nuinvest/Ops PF|DOMAIN_TITULO\AUTOMACAO.MOPERACOES|"0"|"1"
989862|"29/04/2026 22:00:32"|"29/04/2026 22:32:06"|6|Sinacor application error - Report not generated in time. No action required.|"1"|"29/04/2026 22:32:06"|"3"|[NULL]|48|AWS-RPAP-003|1|BR|"1430943a-a93c-453d-b221-d767b83c7d8e"|"048.CX.Geracao.notas.tipo4"|"2.0.26"|CoE Ops - BR/Nuinvest/Ops PF|DOMAIN_TITULO\AUTOMACAO.MOPERACOES|"0"|"1"
989807|"29/04/2026 20:00:31"|"29/04/2026 20:33:09"|6|Sinacor application error - Report not generated in time. No action required.|"1"|"29/04/2026 20:33:09"|"3"|[NULL]|48|AWS-RPAP-003|1|BR|"466d10bf-1946-4144-a78e-198272af39f0"|"048.CX.Geracao.notas.tipo4"|"2.0.26"|CoE Ops - BR/Nuinvest/Ops PF|DOMAIN_TITULO\AUTOMACAO.MOPERACOES|"0"|"1"
989723|"29/04/2026 17:42:09"|"29/04/2026 21:41:06"|2|"Error ocurred: Não foi possível encontrar o elemento de interface gráfica para esta ação.

Possíveis soluções:
 ?  Verifique se o aplicativo está aberto e se o elemento de interface gráfica está visível na tela no tempo de execução
 ?  Edite o Destino da atividade de interface gráfica e use a Validação para depurar o problema.
 ?  Se necessário, indique novamente o elemento caso as propriedades dele tenham sido alteradas
 ?  Use a atividade Check state para verificar o estado do aplicativo antes de executar a ação
 ?  Aumente o valor de Delay before para o aplicativo fazer a renderização completa a tempo e se tornar responsivoError Source: Retry Scope - SINCAD: Select Item Tipo da Conta"|"1"|"29/04/2026 21:41:06"|"3"|[NULL]|95|AWS-RPAP-006|1|BR|"229c8b85-e967-47ab-8579-73deebbdc2bd"|"095.ROP.Taxa.Inatividade.B3.SINCAD"|"1.0.31"|CoE Ops - BR/Nuinvest/VM 06 - Quinta VM|DOMAIN_TITULO\AUTOMACAO.MOPERACOES|"0"|"1"
989675|"29/04/2026 16:19:00"|"29/04/2026 16:19:45"|2|Error ocurred: Object reference not set to an instance of an object.Error Source: Tasks\CheckRestrictiveListPEP.xaml - Invoke Workflow File: If - Check if dtRestrictiveListPEP is equal to SIM|"1"|"29/04/2026 16:19:45"|"3"|[NULL]|167|EC2AMAZ-GC6B6R8|1|BR|"809f4267-5bac-4dee-869b-df2d9384a184"|"167.RegSol.Reativacao.Contas-JIRA"|"1.0.17"|CoE Ops - BR/Nubank/VM 10 - Quarta VM|ssmwindows\AUTOMACAO.MOPERACOES|"0"|"1"
989659|"29/04/2026 16:01:46"|"29/04/2026 16:02:23"|2|Error ocurred: Object reference not set to an instance of an object.Error Source: Tasks\CheckRestrictiveListPEP.xaml - Invoke Workflow File: If - Check if dtRestrictiveListPEP is equal to SIM|"1"|"29/04/2026 16:02:23"|"3"|[NULL]|167|EC2AMAZ-GC6B6R8|1|BR|c1c09129-8f1a-4a4d-b432-017634964a2c|"167.RegSol.Reativacao.Contas-JIRA"|"1.0.17"|CoE Ops - BR/Nubank/VM 10 - Quarta VM|ssmwindows\AUTOMACAO.MOPERACOES|"0"|"1"
989650|"29/04/2026 15:59:51"|"29/04/2026 16:00:40"|2|Error ocurred: Object reference not set to an instance of an object.Error Source: Tasks\CheckRestrictiveListPEP.xaml - Invoke Workflow File: If - Check if dtRestrictiveListPEP is equal to SIM|"1"|"29/04/2026 16:00:40"|"3"|[NULL]|167|EC2AMAZ-GC6B6R8|1|BR|"466cab17-92bc-40fe-a70f-49c0cb614efa"|"167.RegSol.Reativacao.Contas-JIRA"|"1.0.17"|CoE Ops - BR/Nubank/VM 10 - Quarta VM|ssmwindows\AUTOMACAO.MOPERACOES|"0"|"1"
989635|"29/04/2026 15:34:22"|"29/04/2026 15:35:03"|2|Error ocurred: Object reference not set to an instance of an object.Error Source: Tasks\CheckRestrictiveListPEP.xaml - Invoke Workflow File: If - Check if dtRestrictiveListPEP is equal to SIM|"1"|"29/04/2026 15:35:03"|"3"|[NULL]|167|EC2AMAZ-NLK1TA2|1|BR|"8f3b970e-182e-41b8-be2e-488bda7dce66"|"167.RegSol.Reativacao.Contas-FORMS"|"1.0.17"|CoE Ops - BR/Nubank/All VMs|ssmwindows\automacao.moperacoes|"0"|"1"
989618|"29/04/2026 15:20:12"|"29/04/2026 15:21:02"|2|Error ocurred: Object reference not set to an instance of an object.Error Source: Tasks\CheckRestrictiveListPEP.xaml - Invoke Workflow File: If - Check if dtRestrictiveListPEP is equal to SIM|"1"|"29/04/2026 15:21:02"|"3"|[NULL]|167|EC2AMAZ-EEDQ776|1|BR|"9960f81d-eb1c-4278-a2ea-9bee7f9972cb"|"167.RegSol.Reativacao.Contas-JIRA"|"1.0.17"|CoE Ops - BR/Nubank/VM 10 - Quarta VM|ssmwindows\AUTOMACAO.MOPERACOES|"0"|"1"
989606|"29/04/2026 15:06:17"|"29/04/2026 15:06:56"|2|Error ocurred: Object reference not set to an instance of an object.Error Source: Tasks\CheckRestrictiveListPEP.xaml - Invoke Workflow File: If - Check if dtRestrictiveListPEP is equal to SIM|"1"|"29/04/2026 15:06:56"|"3"|[NULL]|167|EC2AMAZ-GC6B6R8|1|BR|"183da3c4-2c09-4c30-a6e9-de20c50ae785"|"167.RegSol.Reativacao.Contas-JIRA"|"1.0.17"|CoE Ops - BR/Nubank/VM 10 - Quarta VM|ssmwindows\AUTOMACAO.MOPERACOES|"0"|"1"
989584|"29/04/2026 14:55:23"|"29/04/2026 14:56:09"|2|Error ocurred: Object reference not set to an instance of an object.Error Source: Tasks\CheckRestrictiveListPEP.xaml - Invoke Workflow File: If - Check if dtRestrictiveListPEP is equal to SIM|"1"|"29/04/2026 14:56:09"|"3"|[NULL]|167|EC2AMAZ-GC6B6R8|1|BR|"32c6e02f-313a-4649-8444-b81f5db3e971"|"167.RegSol.Reativacao.Contas-JIRA"|"1.0.17"|CoE Ops - BR/Nubank/VM 10 - Quarta VM|ssmwindows\AUTOMACAO.MOPERACOES|"0"|"1"
989559|"29/04/2026 14:23:19"|"29/04/2026 14:24:10"|2|Error ocurred: Object reference not set to an instance of an object.Error Source: Tasks\CheckRestrictiveListPEP.xaml - Invoke Workflow File: If - Check if dtRestrictiveListPEP is equal to SIM|"1"|"29/04/2026 14:24:10"|"3"|[NULL]|167|EC2AMAZ-GC6B6R8|1|BR|d51c39fa-1b76-4ad1-84f6-3d20ec229954|"167.RegSol.Reativacao.Contas-JIRA"|"1.0.17"|CoE Ops - BR/Nubank/VM 10 - Quarta VM|ssmwindows\AUTOMACAO.MOPERACOES|"0"|"1"
989547|"29/04/2026 14:08:15"|"29/04/2026 14:09:07"|2|Error ocurred: Object reference not set to an instance of an object.Error Source: Tasks\CheckRestrictiveListPEP.xaml - Invoke Workflow File: If - Check if dtRestrictiveListPEP is equal to SIM|"1"|"29/04/2026 14:09:07"|"3"|[NULL]|167|EC2AMAZ-GC6B6R8|1|BR|d8db1fe1-8cd0-4437-a6a3-b3e01fcb13b9|"167.RegSol.Reativacao.Contas-JIRA"|"1.0.17"|CoE Ops - BR/Nubank/VM 10 - Quarta VM|ssmwindows\AUTOMACAO.MOPERACOES|"0"|"1"
989519|"29/04/2026 13:52:24"|"29/04/2026 13:53:00"|2|Error ocurred: Object reference not set to an instance of an object.Error Source: Tasks\CheckRestrictiveListPEP.xaml - Invoke Workflow File: If - Check if dtRestrictiveListPEP is equal to SIM|"1"|"29/04/2026 13:53:00"|"3"|[NULL]|167|EC2AMAZ-GC6B6R8|1|BR|"66cd81a1-93b8-430b-9e48-0285e64d61a0"|"167.RegSol.Reativacao.Contas-JIRA"|"1.0.17"|CoE Ops - BR/Nubank/VM 10 - Quarta VM|ssmwindows\AUTOMACAO.MOPERACOES|"0"|"1"
989517|"29/04/2026 13:50:43"|"29/04/2026 13:51:16"|2|Error ocurred: Object reference not set to an instance of an object.Error Source: Tasks\CheckRestrictiveListPEP.xaml - Invoke Workflow File: If - Check if dtRestrictiveListPEP is equal to SIM|"1"|"29/04/2026 13:51:16"|"3"|[NULL]|167|EC2AMAZ-NLK1TA2|1|BR|"9b904eeb-f6fb-4c78-8bbc-424f3524cfc5"|"167.RegSol.Reativacao.Contas-FORMS"|"1.0.17"|CoE Ops - BR/Nubank/All VMs|ssmwindows\automacao.moperacoes|"0"|"1"
989516|"29/04/2026 13:49:52"|"29/04/2026 13:50:23"|2|Error ocurred: Object reference not set to an instance of an object.Error Source: Tasks\CheckRestrictiveListPEP.xaml - Invoke Workflow File: If - Check if dtRestrictiveListPEP is equal to SIM|"1"|"29/04/2026 13:50:23"|"3"|[NULL]|167|EC2AMAZ-NLK1TA2|1|BR|f68fd464-e0e3-45fe-b704-9f08765b9294|"167.RegSol.Reativacao.Contas-FORMS"|"1.0.17"|CoE Ops - BR/Nubank/All VMs|ssmwindows\automacao.moperacoes|"0"|"1"
989495|"29/04/2026 13:13:17"|"30/04/2026 05:38:44"|2|Error ocurred: ERROR [42S02] [Simba][SQLEngine] (31740) Table or view not found: .br__contract.soulstone__liquid_deposit_redemptionsError Source: System.Activities|"0"||"3"|[NULL]|196|EC2AMAZ-I8623QI|114|BR|"655f9b71-8aad-41b4-921e-6b0a52710718"|"196.CX.Extrato.RDB"|"1.0.44"|Shared||"0"|"1"
989462|"29/04/2026 12:36:39"|"29/04/2026 12:38:09"|2|Error ocurred: Object reference not set to an instance of an object.Error Source: Tasks\CheckRestrictiveListPEP.xaml - Invoke Workflow File: If - Check if dtRestrictiveListPEP is equal to SIM|"1"|"29/04/2026 12:38:09"|"3"|[NULL]|167|EC2AMAZ-NLK1TA2|1|BR|add0f2cd-5184-4175-af1e-741d5d90f959|"167.RegSol.Reativacao.Contas-FORMS"|"1.0.17"|CoE Ops - BR/Nubank/All VMs|ssmwindows\AUTOMACAO.MOPERACOES|"0"|"1"
989460|"29/04/2026 12:35:48"|"29/04/2026 12:36:17"|2|Error ocurred: Object reference not set to an instance of an object.Error Source: Tasks\CheckRestrictiveListPEP.xaml - Invoke Workflow File: If - Check if dtRestrictiveListPEP is equal to SIM|"1"|"29/04/2026 12:36:17"|"3"|[NULL]|167|EC2AMAZ-NLK1TA2|1|BR|"028c35a4-211b-462d-8e61-f6699a712671"|"167.RegSol.Reativacao.Contas-FORMS"|"1.0.17"|CoE Ops - BR/Nubank/All VMs|ssmwindows\AUTOMACAO.MOPERACOES|"0"|"1"
989456|"29/04/2026 12:33:20"|"29/04/2026 12:33:54"|2|Error ocurred: Object reference not set to an instance of an object.Error Source: Tasks\CheckRestrictiveListPEP.xaml - Invoke Workflow File: If - Check if dtRestrictiveListPEP is equal to SIM|"1"|"29/04/2026 12:33:54"|"3"|[NULL]|167|EC2AMAZ-GC6B6R8|1|BR|"18849486-5646-43ee-af9e-acefa363fc08"|"167.RegSol.Reativacao.Contas-JIRA"|"1.0.17"|CoE Ops - BR/Nubank/VM 10 - Quarta VM|ssmwindows\AUTOMACAO.MOPERACOES|"0"|"1"
989454|"29/04/2026 12:31:32"|"29/04/2026 12:32:16"|2|Error ocurred: Object reference not set to an instance of an object.Error Source: Tasks\CheckRestrictiveListPEP.xaml - Invoke Workflow File: If - Check if dtRestrictiveListPEP is equal to SIM|"1"|"29/04/2026 12:32:16"|"3"|[NULL]|167|EC2AMAZ-GC6B6R8|1|BR|"4f5bfce3-d1c8-4440-b4fb-78782fa15ad4"|"167.RegSol.Reativacao.Contas-JIRA"|"1.0.17"|CoE Ops - BR/Nubank/VM 10 - Quarta VM|ssmwindows\AUTOMACAO.MOPERACOES|"0"|"1"
989399|"29/04/2026 11:37:37"|"29/04/2026 11:38:22"|2|Error ocurred: Object reference not set to an instance of an object.Error Source: Tasks\CheckRestrictiveListPEP.xaml - Invoke Workflow File: If - Check if dtRestrictiveListPEP is equal to SIM|"1"|"29/04/2026 11:38:22"|"3"|[NULL]|167|EC2AMAZ-GC6B6R8|1|BR|"654283b3-2b25-491d-b747-234fecbbbeeb"|"167.RegSol.Reativacao.Contas-JIRA"|"1.0.17"|CoE Ops - BR/Nubank/VM 10 - Quarta VM|ssmwindows\AUTOMACAO.MOPERACOES|"0"|"1"
989382|"29/04/2026 11:22:30"|"29/04/2026 11:23:14"|2|Error ocurred: Object reference not set to an instance of an object.Error Source: Tasks\CheckRestrictiveListPEP.xaml - Invoke Workflow File: If - Check if dtRestrictiveListPEP is equal to SIM|"1"|"29/04/2026 11:23:14"|"3"|[NULL]|167|EC2AMAZ-GC6B6R8|1|BR|bec1974a-5d0d-4e9e-8d78-547cc3ce0cdb|"167.RegSol.Reativacao.Contas-JIRA"|"1.0.17"|CoE Ops - BR/Nubank/VM 10 - Quarta VM|ssmwindows\AUTOMACAO.MOPERACOES|"0"|"1"
989373|"29/04/2026 11:10:11"|"29/04/2026 11:10:45"|2|Error ocurred: Object reference not set to an instance of an object.Error Source: Tasks\CheckRestrictiveListPEP.xaml - Invoke Workflow File: If - Check if dtRestrictiveListPEP is equal to SIM|"1"|"29/04/2026 11:10:45"|"3"|[NULL]|167|EC2AMAZ-GC6B6R8|1|BR|eecdf1a9-9dfc-4fc9-8a9b-c188981d5ed6|"167.RegSol.Reativacao.Contas-FORMS"|"1.0.17"|CoE Ops - BR/Nubank/All VMs|ssmwindows\AUTOMACAO.MOPERACOES|"0"|"1"
989372|"29/04/2026 11:08:30"|"29/04/2026 11:09:07"|2|Error ocurred: Object reference not set to an instance of an object.Error Source: Tasks\CheckRestrictiveListPEP.xaml - Invoke Workflow File: If - Check if dtRestrictiveListPEP is equal to SIM|"1"|"29/04/2026 11:09:07"|"3"|[NULL]|167|EC2AMAZ-GC6B6R8|1|BR|"2ac54a57-bfe9-45a7-a652-d3bc77259bc9"|"167.RegSol.Reativacao.Contas-FORMS"|"1.0.17"|CoE Ops - BR/Nubank/All VMs|ssmwindows\AUTOMACAO.MOPERACOES|"0"|"1"
988915|"28/04/2026 19:48:19"|"28/04/2026 22:55:09"|2|"Error ocurred: Uma tentativa de conexão falhou porque o componente conectado não respondeu
corretamente após um período de tempo ou a conexão estabelecida falhou
porque o host conectado não respondeu. (prod-global-scatterbrain.nubank.com.br:443)Error Source: Tasks\GetListCustomer.xaml - Invoke Workflow File: HTTP Request - CPF Person"|"1"|"28/04/2026 22:55:09"|"3"|[NULL]|185|EC2AMAZ-EEDQ776|1|BR|ca8ff324-3dcf-44f7-8439-a34ac31637e0|"185.CX.Declaracao.Investments"|"1.0.38"|CoE Ops - BR/Nubank/VM 14 - Terceira VM||"0"|"1"
988870|"28/04/2026 18:40:06"|"28/04/2026 18:40:17"|2|Error ocurred: String 2026/04/25 1:28:53 PM GMT-3 was not recognized as a valid DateTime.Error Source: Tasks\GetListCustomer.xaml - Invoke Workflow File: Assign|"1"|"28/04/2026 18:40:17"|"3"|[NULL]|185|EC2AMAZ-EEDQ776|1|BR|"595a8876-3777-43bd-a85b-51c7dbae3339"|"185.CX.Declaracao.Investments"|"1.0.38"|CoE Ops - BR/Nubank/VM 14 - Terceira VM||"0"|"1"
988715|"28/04/2026 15:38:21"|"28/04/2026 16:08:13"|2|Error ocurred: The request is not as expected by Google API.Error Source: System.Activities|"1"|"28/04/2026 16:08:13"|"3"|[NULL]|276|EC2AMAZ-GC6B6R8|4|BR|d6b0a144-9b75-4ba0-8317-c840ffa55b39|"276.CX.Estate.Blank.Zendesk.Emails"|"1.0.4"|CoE Ops - BR/Nubank/VM 10 - Quarta VM|ssmwindows\AUTOMACAO.MOPERACOES|"0"|"1"
988686|"28/04/2026 15:05:34"|"28/04/2026 15:31:05"|2|Error ocurred: A solicitação não é a esperada pela API do Google.Error Source: System.Activities|"1"|"28/04/2026 15:31:05"|"3"|[NULL]|276|EC2AMAZ-EEDQ776|0|BR|f662f0dd-6a74-4f5d-88aa-628f47025084|"276.CX.Estate.Blank.Zendesk.Emails"|"1.0.4"|CoE Ops - BR/Nubank/VM 10 - Quarta VM|ssmwindows\AUTOMACAO.MOPERACOES|"0"|"1"
988414|"28/04/2026 11:04:50"|"28/04/2026 11:08:30"|2|"Error ocurred: Não foi possível encontrar o elemento de interface gráfica correspondente a este seletor:
<html app=chrome.exe url=https://corporativo.bvmfnet.com.br/* />

As correspondências mais próximas são:
[50%] <html app=chrome.exe url=https://auth4b3-corporativo.netb3.com.br/icadx-web/pages/default.jsf/>Error Source: Tasks\CheckPeopleChangedBU.xaml - Invoke Workflow File: SINCAD - Sistema de Cadastro Integrado B3"|"1"|"28/04/2026 11:08:30"|"3"|[NULL]|21|AWS-RPAP-001|1|BR|c7d83f11-dab3-41ea-bce5-99fd2526a46a|"021.ROP.Pessoas.Vinculadas"|"1.0.28"|Shared|DOMAIN_TITULO\matheus.rubio.gft|"0"|"1"
988387|"28/04/2026 10:33:58"|"28/04/2026 10:37:13"|6|Error ocurred: Ofício sem carta. Tratar manualmente|"1"|"28/04/2026 10:37:13"|"3"|[NULL]|145|EC2AMAZ-9TPRIDL|1|BR||||||"0"|"1"
988160|"28/04/2026 06:11:19"|"28/04/2026 06:12:29"|2|Error ocurred: Sinacor login screen is not openError Source: System.Activities|"1"|"28/04/2026 06:12:29"|"3"|[NULL]|96|AWS-RPAP-004|1|BR||||||"0"|"1"
988118|"28/04/2026 04:09:24"|"28/04/2026 04:09:40"|2|Error ocurred: The source contains no DataRows.Error Source: Tasks\GetListCustomer.xaml - Invoke Workflow File: Assign|"1"|"28/04/2026 04:09:40"|"3"|[NULL]|185|EC2AMAZ-EEDQ776|1|BR|"66c059d1-f39a-4ace-878c-782bdaf79256"|"185.CX.Declaracao.Investments"|"1.0.37"|CoE Ops - BR/Nubank/VM 14 - Terceira VM||"0"|"1"
988032|"27/04/2026 23:52:18"|"27/04/2026 23:55:01"|2|"Error ocurred: Could not find the user-interface (UI) element for this action.

Possible solutions:
 ?  Ensure application is opened and the UI element is visible on the screen at execution time
 ?  Edit the Target of the UI activity and use Validation to debug the issue.
 ?  If needed, re-indicate the element as its properties might have changed
 ?  Use Check state activity to check the application state before executing the action
 ?  Increase the Delay before value to allow time to the application to render entirely and become responsiveError Source: Perform.Serasa - Invoke Workflow File (Tasks\Perform.Serasa.xaml): Login.Serasa - Invoke Workflow File (Login.Serasa.xaml): Get assets and Login"|"1"|"27/04/2026 23:55:01"|"3"|[NULL]|144|EC2AMAZ-9TPRIDL|1|BR|"1c32b879-074b-46af-8e92-90d48d12cf64"|"144.LGL.Retirada.Apontamento"|"1.3.17"|CoE Ops - BR/Nubank/Legal|ssmwindows\AUTOMACAO.MOPERACOES|"0"|"1"
986460|"25/04/2026 06:54:15"|"25/04/2026 16:12:07"|2|Error ocurred: Janela Salvar Como não encontrada para o user [005957825-7]Error Source: System.Private.CoreLib|"1"|"25/04/2026 16:12:07"|"3"|[NULL]|130|AWS-RPAP-004|1|BR|d336e7f9-5304-4105-9046-00ce3fd61589|"130.CX.Relatorios.Notas.VIRTUAL.SPB"|"1.1.2"|CoE Ops - BR/Nuinvest/Ops PF|DOMAIN_TITULO\AUTOMACAO.MOPERACOES|"0"|"1"
986394|"25/04/2026 02:11:38"|"25/04/2026 09:03:25"|2|"Error ocurred: Could not open target application.
Specified file path \\nub-ccs-app\JDCCS\Cabines\PCabineCCS_JUD.exe does not refer to an existing file.Error Source: Retry Scope"|"1"|"25/04/2026 09:03:25"|"3"|[NULL]|156|EC2AMAZ-NLK1TA2|2|BR|"568c98dc-016e-455e-a54a-574f0b14808d"|"156.ROP.Executa.STA.Nubank"|"1.0.13"|CoE Ops - BR/Nubank/VM 11 - Primeira VM|ssmwindows\AUTOMACAO.MOPERACOES|"0"|"1"
986294|"24/04/2026 20:52:36"|"24/04/2026 20:54:45"|2|Error ocurred: ORA-12899: value too large for column RPA.RPA_CTRL_CX_EXTRATO_RENDIMENTOS.BOX_NAME (actual: 119, maximum: 100)Error Source: Oracle Data Provider for .NET, Managed Driver|"0"||"3"|[NULL]|208|EC2AMAZ-EEDQ776|0|BR|"2c32944c-2b1e-4e61-b852-92e7114819ca"|"208.CX.Extrato.Rendimentos"|"1.0.32"|CoE Ops - BR/Nubank/VM 14 - Terceira VM|ssmwindows\AUTOMACAO.MOPERACOES|"0"|"1"
986252|"24/04/2026 19:19:11"|"24/04/2026 19:39:43"|2|Error ocurred: The request is not as expected by Google API.Error Source: System.Activities|"1"|"24/04/2026 19:39:43"|"3"|[NULL]|276|EC2AMAZ-GC6B6R8|2|BR|"19b9399f-1157-4c92-ae9c-0e0c9cbb2ddf"|"276.CX.Estate.Blank.Zendesk.Emails"|"1.0.4"|CoE Ops - BR/Nubank/VM 10 - Quarta VM|ssmwindows\AUTOMACAO.MOPERACOES|"0"|"1"
986201|"24/04/2026 17:45:41"|"24/04/2026 18:29:36"|2|Error ocurred: Cannot bring the target application in the foreground. The action was blocked by the current foreground window Vamos eliminar este item da sua lista from the process musnotificationux.exe.Error Source: Retry Scope - Cabine.JDJUD.Login|"1"|"24/04/2026 18:29:36"|"3"|[NULL]|222|EC2AMAZ-GC6B6R8|0|||||||"0"|"1"
986181|"24/04/2026 17:12:26"|"24/04/2026 17:32:42"|2|Error ocurred: The request is not as expected by Google API.Error Source: System.Activities|"1"|"24/04/2026 17:32:42"|"3"|[NULL]|276|EC2AMAZ-GC6B6R8|2|BR|"09e4836e-aa6d-4857-a1a5-9a1ab121100a"|"276.CX.Estate.Blank.Zendesk.Emails"|"1.0.4"|CoE Ops - BR/Nubank/VM 10 - Quarta VM|ssmwindows\AUTOMACAO.MOPERACOES|"0"|"1"
986070|"24/04/2026 15:00:42"|"24/04/2026 15:23:25"|2|Error ocurred: The request is not as expected by Google API.Error Source: System.Activities|"1"|"24/04/2026 15:23:25"|"3"|[NULL]|276|EC2AMAZ-GC6B6R8|4|BR|"4b3e4ab9-64e3-4d05-982f-8c5e293b5d15"|"276.CX.Estate.Blank.Zendesk.Emails"|"1.0.4"|CoE Ops - BR/Nubank/VM 10 - Quarta VM|ssmwindows\AUTOMACAO.MOPERACOES|"0"|"1"
986020|"24/04/2026 14:09:14"|"24/04/2026 14:12:15"|2|Error ocurred: O navegador não foi especificado para esta atividade. Use esta atividade no escopo de um Browser (atividades Attach Browser ou Open Browser) ou configure a propriedade Browser.Error Source: 3Sincad.xaml - Invoke Workflow File: SINCAD.Access - Invoke Workflow File (Tasks\Sincad\SINCAD.Access.xaml): Close Tab|"1"|"24/04/2026 14:12:15"|"3"|[NULL]|192|AWS-RPAP-005|1|BR|"0eef431a-08e7-4897-ba0a-75b4b2466875"|"192.ROP.EncerramentoConta.PedidoCliente"|"1.0.29"|CoE Ops - BR/Nuinvest/AML-CFT|DOMAIN_TITULO\AUTOMACAO.MOPERACOES|"0"|"1"
985723|"24/04/2026 09:00:51"|"24/04/2026 09:21:13"|2|Error ocurred: Cetip URL https://corporativo.bvmfnet.com.br/icadx-web/pages/default.jsf was not opened successfullyError Source: 3Sincad.xaml - Invoke Workflow File: Retry Scope: Throw - Login Fail|"1"|"24/04/2026 09:21:13"|"3"|[NULL]|192|AWS-RPAP-005|1|BR|"7c0de53a-b4cf-4804-9d5b-c0f92e4049cc"|"192.ROP.EncerramentoConta.PedidoCliente"|"1.0.28"|CoE Ops - BR/Nuinvest/AML-CFT|DOMAIN_TITULO\AUTOMACAO.MOPERACOES|"0"|"1"
985663|"24/04/2026 07:54:01"|"24/04/2026 12:08:09"|2|Error ocurred: Error HRESULT E_FAIL has been returned from a call to a COM component.Error Source: Retry Scope|"1"|"24/04/2026 12:08:09"|"3"|[NULL]|156|EC2AMAZ-NLK1TA2|1|BR|"362566c2-4387-4e99-922b-571e67a15ed2"|"156.ROP.Executa.STA.Nubank"|"1.0.13"|CoE Ops - BR/Nubank/VM 11 - Primeira VM|ssmwindows\AUTOMACAO.MOPERACOES|"0"|"1"
985619|"24/04/2026 07:00:55"|"24/04/2026 07:41:02"|2|Error ocurred: Cetip URL https://corporativo.bvmfnet.com.br/icadx-web/pages/default.jsf was not opened successfullyError Source: Retry Scope - SINCAD: Sincad.Login - Invoke Workflow File (Tasks\SINCAD\Sincad.Login.xaml): Throw - Login Fail|"1"|"24/04/2026 07:41:02"|"3"|[NULL]|95|AWS-RPAP-006|1|BR|"9b7446ab-4841-43ba-b8ac-61235ec79708"|"095.ROP.Taxa.Inatividade.B3.SINCAD"|"1.0.30"|CoE Ops - BR/Nuinvest/AML-CFT|DOMAIN_TITULO\AUTOMACAO.MOPERACOES|"0"|"1"
985617|"24/04/2026 07:00:33"|"24/04/2026 08:02:22"|2|Error ocurred: Cetip URL https://corporativo.bvmfnet.com.br/icadx-web/pages/default.jsf was not opened successfullyError Source: 3Sincad - Fraude - Invoke Workflow File (Tasks\Fraudes\3Sincad - Fraude.xaml): Retry Scope: Throw - Login Fail|"1"|"24/04/2026 08:02:22"|"3"|[NULL]|192|AWS-RPAP-002|1|BR|"69af94bb-59fc-43c3-99f4-14811004b8b6"|"192.ROP.EncerramentoConta.Fraudes"|"1.0.28"|CoE Ops - BR/Nuinvest/AML-CFT/192|DOMAIN_TITULO\automacao.moperacoes|"0"|"1"
985597|"24/04/2026 06:09:02"|"24/04/2026 14:33:45"|2|Error ocurred: Janela Salvar Como não encontrada para o user [016973655-1]Error Source: System.Private.CoreLib|"1"|"24/04/2026 14:33:45"|"3"|[NULL]|130|AWS-RPAP-004|1|BR|"7fcd1c9e-cc2e-416d-9a8a-4f90b3f52989"|"130.CX.Relatorios.Notas.VIRTUAL.SPB"|"1.1.2"|CoE Ops - BR/Nuinvest/Ops PF|DOMAIN_TITULO\AUTOMACAO.MOPERACOES|"0"|"1"
985404|"23/04/2026 20:26:48"|"23/04/2026 21:03:12"|2|"Error ocurred: Could not find the user-interface (UI) element for this action.

Possible solutions:
 ?  Ensure application is opened and the UI element is visible on the screen at execution time
 ?  Edit the Target of the UI activity and use Validation to debug the issue.
 ?  If needed, re-indicate the element as its properties might have changed
 ?  Use Check state activity to check the application state before executing the action
 ?  Increase the Delay before value to allow time to the application to render entirely and become responsiveError Source: Import.Payments.ReceiptElaw - Invoke Workflow File (Tasks\Import.Payments.ReceiptElaw.xaml): Retry Scope"|"1"|"23/04/2026 21:03:12"|"3"|[NULL]|157|EC2AMAZ-ERHGKPJ|1|BR|"8c0ae22a-589a-4a2b-b9b8-a14c6bfe3657"|"157.LGL.Payments.Receipt"|"1.0.29"|CoE Ops - BR/Nubank/Legal|ssmwindows\automacao.moperacoes|"0"|"1"
984901|"23/04/2026 10:41:25"|"23/04/2026 10:43:56"|6|Error ocurred: Ofício sem carta. Tratar manualmente|"1"|"23/04/2026 10:43:56"|"3"|[NULL]|145|EC2AMAZ-L08I12T|1|BR||||||"0"|"1"
984792|"23/04/2026 08:44:13"|"23/04/2026 14:02:47"|2|Error ocurred: Este host não é conhecido. (prod--customers.nubank.com.br:443)Error Source: Get.Customer.Id - Invoke Workflow File (Tasks\Get.Consumer.Id.xaml): Retry Scope - Get Customer Id|"1"|"23/04/2026 14:02:47"|"3"|[NULL]|146|EC2AMAZ-9TPRIDL|0|BR|d47fb784-b6c9-44c4-a7ad-ee9caca6240d|"146.RegSol.KYC.Customer.Data.Extraction"|"2.0.19"|CoE Ops - BR/Nubank/AML-CFT/146|ssmwindows\AUTOMACAO.MOPERACOES|"0"|"1"
984738|"23/04/2026 07:56:44"|"23/04/2026 12:23:11"|2|"Error ocurred: Could not find the user-interface (UI) element for this action.

Possible solutions:
 ?  Ensure application is opened and the UI element is visible on the screen at execution time
 ?  Edit the Target of the UI activity and use Validation to debug the issue.
 ?  If needed, re-indicate the element as its properties might have changed
 ?  Use Check state activity to check the application state before executing the action
 ?  Increase the Delay before value to allow time to the application to render entirely and become responsiveError Source: Retry Scope"|"1"|"23/04/2026 12:23:11"|"3"|[NULL]|156|EC2AMAZ-NLK1TA2|3|BR|"8b78f8bb-2ec5-4e10-b652-190adc5b1bb9"|"156.ROP.Executa.STA.Nubank"|"1.0.13"|CoE Ops - BR/Nubank/VM 11 - Primeira VM|ssmwindows\AUTOMACAO.MOPERACOES|"0"|"1"
984568|"23/04/2026 00:21:04"|"23/04/2026 01:43:54"|2|Error ocurred: The request was canceled due to the configured HttpClient.Timeout of 300 seconds elapsing.Error Source: Retry Scope - Deny Subjects GSheet|"1"|"23/04/2026 01:43:54"|"3"|[NULL]|182|EC2AMAZ-GC6B6R8|1|||||||"0"|"1"
984538|"22/04/2026 22:48:23"|"23/04/2026 00:10:56"|2|Error ocurred: The request was canceled due to the configured HttpClient.Timeout of 300 seconds elapsing.Error Source: Retry Scope - Deny Subjects GSheet|"1"|"23/04/2026 00:10:56"|"3"|[NULL]|182|EC2AMAZ-GC6B6R8|1|||||||"0"|"1"
984273|"22/04/2026 15:15:36"|"23/04/2026 22:58:50"|2|Error ocurred: Cetip URL https://corporativo.bvmfnet.com.br/icadx-web/pages/default.jsf was not opened successfullyError Source: 3Sincad - Fraude - Invoke Workflow File (Tasks\Fraudes\3Sincad - Fraude.xaml): Retry Scope: Throw - Login Fail|"1"|"23/04/2026 22:58:50"|"3"|[NULL]|192|AWS-RPAP-002|1|BR|"66165f08-6431-4d0f-a320-aaaed8c739cf"|"192.ROP.EncerramentoConta.Fraudes"|"1.0.28"|CoE Ops - BR/Nuinvest/AML-CFT/192|DOMAIN_TITULO\automacao.moperacoes|"0"|"1"
984126|"22/04/2026 12:21:19"|"22/04/2026 12:23:17"|2|Error ocurred: ORA-00917: missing commaError Source: Oracle Data Provider for .NET, Managed Driver|"1"|"22/04/2026 12:23:17"|"3"|[NULL]|93|EC2AMAZ-Q4IMKHB|1|BR|"231d1563-1a5d-471d-aa53-2a0b30382f86"|"093.ROP.Analise.Erros.Sincad"|"1.0.13"|CoE Ops - BR/Nubank/AML-CFT|ssmwindows\AUTOMACAO.MOPERACOES|"0"|"1"
983996|"22/04/2026 10:06:20"|"22/04/2026 21:44:13"|6|Error ocurred: Customer [00000000100] not found|"1"|"22/04/2026 21:44:13"|"3"|[NULL]|146|EC2AMAZ-9TPRIDL|0|BR|"3cc5f5a7-d466-4191-a007-e399fd3102c3"|"146.RegSol.KYC.Customer.Data.Extraction"|"2.0.19"|CoE Ops - BR/Nubank/AML-CFT/146|ssmwindows\AUTOMACAO.MOPERACOES|"0"|"1"
982841|"21/04/2026 07:10:24"|"21/04/2026 15:55:50"|2|Error ocurred: Janela Salvar Como não encontrada para o user [009034705-5]Error Source: System.Private.CoreLib|"1"|"21/04/2026 15:55:50"|"3"|[NULL]|130|AWS-RPAP-004|1|BR|"59fb7415-0d7c-4e45-8906-b23bf20d2013"|"130.CX.Relatorios.Notas.VIRTUAL.SPB"|"1.1.2"|CoE Ops - BR/Nuinvest/Ops PF|DOMAIN_TITULO\AUTOMACAO.MOPERACOES|"0"|"1"
982391|"20/04/2026 16:06:13"|"20/04/2026 16:09:56"|2|Error ocurred: Falha no Login SERASA.Error Source: Perform.Serasa - Invoke Workflow File (Tasks\Perform.Serasa.xaml): Login.Serasa - Invoke Workflow File (Login.Serasa.xaml): Get assets and Login|"1"|"20/04/2026 16:09:56"|"3"|[NULL]|144|EC2AMAZ-Q4IMKHB|1|BR|"4736ba77-b54f-4274-a184-3631e8c8527b"|"144.LGL.Retirada.Apontamento"|"1.3.17"|CoE Ops - BR/Nubank/Legal|ssmwindows\AUTOMACAO.MOPERACOES|"0"|"1"
982341|"20/04/2026 15:21:24"|"20/04/2026 15:22:30"|2|Error ocurred: Nenhuma conexão pôde ser feita porque a máquina de destino as recusou ativamente. (ems-udvo.easynvest.com.br:80)Error Source: EMSAccountReactivation.xaml - Invoke Workflow File: HTTP Request - Active Account|"1"|"20/04/2026 15:22:30"|"3"|[NULL]|167|EC2AMAZ-GC6B6R8|1|BR|"4fe8e331-6ddb-4bfa-84b2-58906e21a46f"|"167.RegSol.Reativacao.Contas-JIRA"|"1.0.17"|CoE Ops - BR/Nubank/VM 10 - Quarta VM|ssmwindows\AUTOMACAO.MOPERACOES|"0"|"1"
982255|"20/04/2026 13:45:08"|"20/04/2026 14:11:57"|2|Error ocurred: The operation has timed out.Error Source: 1EMSDeactivateAccount - Fraudes - Invoke Workflow File (Tasks\1EMSDeactivateAccount - Fraudes.xaml): Retry Scope|"1"|"20/04/2026 14:11:57"|"3"|[NULL]|192|AWS-RPAP-002|1|BR|"73bdc72b-0964-42f1-89dd-51e0359bc7b6"|"192.ROP.EncerramentoConta.Fraudes"|"1.0.27"|CoE Ops - BR/Nuinvest/AML-CFT/192|DOMAIN_TITULO\automacao.moperacoes|"0"|"1"
982203|"20/04/2026 13:00:44"|"20/04/2026 13:05:14"|2|Error ocurred: The request timed-out.Error Source: 1EMSDeactivateAccount.xaml - Invoke Workflow File: Retry Scope|"1"|"20/04/2026 13:05:14"|"3"|[NULL]|192|AWS-RPAP-006|1|BR|a2060186-5ece-4681-9f31-c36a01dfd09a|"192.ROP.EncerramentoConta.PedidoCliente"|"1.0.27"|CoE Ops - BR/Nuinvest/AML-CFT|DOMAIN_TITULO\AUTOMACAO.MOPERACOES|"0"|"1"
982201|"20/04/2026 13:00:35"|"20/04/2026 13:05:24"|2|Error ocurred: Service EMS returning status code 400 - Customer ID: 00000000200Error Source: Tasks\Flag PEP EMS.xaml - Invoke Workflow File: Throw|"1"|"20/04/2026 13:05:24"|"3"|[NULL]|43|EC2AMAZ-GC6B6R8|1|BR|"767e2c04-b98a-47ff-807f-a70bbb92f21d"|"043.ROP.Flag.PEP.Especial.Atencao.Daily"|"1.0.25"|CoE Ops - BR/Nubank/VM 10 - Quarta VM|ssmwindows\AUTOMACAO.MOPERACOES|"0"|"1"
982027|"20/04/2026 09:46:44"|"20/04/2026 09:49:01"|2|Error ocurred: Unexpected character encountered while parsing value: <. Path , line 0, position 0.Error Source: 1EMSDeactivateAccount - Fraudes - Invoke Workflow File (Tasks\1EMSDeactivateAccount - Fraudes.xaml): Deserialize JSON|"1"|"20/04/2026 09:49:01"|"3"|[NULL]|192|AWS-RPAP-002|1|BR|"9aaabf30-feae-49bc-8f00-dfd3826ec141"|"192.ROP.EncerramentoConta.Fraudes"|"1.0.27"|CoE Ops - BR/Nuinvest/AML-CFT/192|DOMAIN_TITULO\automacao.moperacoes|"0"|"1"
981991|"20/04/2026 09:01:31"|"20/04/2026 09:04:56"|2|Error ocurred: Unexpected character encountered while parsing value: <. Path , line 0, position 0.Error Source: 1EMSDeactivateAccount.xaml - Invoke Workflow File: Deserialize JSON|"1"|"20/04/2026 09:04:56"|"3"|[NULL]|192|AWS-RPAP-004|1|BR|"46b34528-ac7f-4073-ba62-14fb11494776"|"192.ROP.EncerramentoConta.PedidoCliente"|"1.0.27"|CoE Ops - BR/Nuinvest/AML-CFT|DOMAIN_TITULO\AUTOMACAO.MOPERACOES|"0"|"1"
981914|"20/04/2026 07:16:23"|"20/04/2026 07:16:40"|6|Error ocurred: Error API getting pendency list.|"1"|"20/04/2026 07:16:40"|"3"|[NULL]|127|AWS-RPAP-003|1|BR|"97645924-fe1e-4aab-afef-0a8a6da59542"|"127.ROP.Sanctions.Phase2"|"1.0.10"|CoE Ops - BR/Nuinvest/ROP - Regulatory Operations|DOMAIN_TITULO\AUTOMACAO.MOPERACOES|"0"|"1"
981913|"20/04/2026 07:16:22"|"20/04/2026 07:16:31"|6|Error ocurred: Error API getting pendency list.|"1"|"20/04/2026 07:16:31"|"3"|[NULL]|125|AWS-RPAP-004|1|BR||||||"0"|"1"
981860|"20/04/2026 06:00:33"|"20/04/2026 06:32:10"|6|Sinacor application error - Report not generated in time. No action required.|"1"|"20/04/2026 06:32:10"|"3"|[NULL]|48|AWS-RPAP-005|1|BR|"0e031921-8994-47df-8f26-75fc3fedb7d6"|"048.CX.Geracao.notas.tipo4"|"2.0.26"|CoE Ops - BR/Nuinvest/Ops PF|DOMAIN_TITULO\AUTOMACAO.MOPERACOES|"0"|"1"
981822|"20/04/2026 04:00:33"|"20/04/2026 04:32:10"|6|Sinacor application error - Report not generated in time. No action required.|"1"|"20/04/2026 04:32:10"|"3"|[NULL]|48|AWS-RPAP-005|1|BR|b56d160c-21b7-45f7-b7dd-243ed42ab144|"048.CX.Geracao.notas.tipo4"|"2.0.26"|CoE Ops - BR/Nuinvest/Ops PF|DOMAIN_TITULO\AUTOMACAO.MOPERACOES|"0"|"1"
981781|"20/04/2026 02:00:30"|"20/04/2026 02:32:06"|6|Sinacor application error - Report not generated in time. No action required.|"1"|"20/04/2026 02:32:06"|"3"|[NULL]|48|AWS-RPAP-005|1|BR|"503614d2-20cd-4928-a913-fbb9f5b59c45"|"048.CX.Geracao.notas.tipo4"|"2.0.26"|CoE Ops - BR/Nuinvest/Ops PF|DOMAIN_TITULO\AUTOMACAO.MOPERACOES|"0"|"1"
981732|"20/04/2026 00:00:31"|"20/04/2026 00:44:27"|6|Sinacor application error - Report not generated in time. No action required.|"1"|"20/04/2026 00:44:27"|"3"|[NULL]|48|AWS-RPAP-005|1|BR|bbf9b4bf-08ff-4fc6-b0ac-79ae60208118|"048.CX.Geracao.notas.tipo4"|"2.0.26"|CoE Ops - BR/Nuinvest/Ops PF|DOMAIN_TITULO\AUTOMACAO.MOPERACOES|"0"|"1"
981699|"19/04/2026 22:00:33"|"19/04/2026 22:32:08"|6|Sinacor application error - Report not generated in time. No action required.|"1"|"19/04/2026 22:32:08"|"3"|[NULL]|48|AWS-RPAP-005|1|BR|"015d2e00-5968-447a-81eb-2774a3057df5"|"048.CX.Geracao.notas.tipo4"|"2.0.26"|CoE Ops - BR/Nuinvest/Ops PF|DOMAIN_TITULO\AUTOMACAO.MOPERACOES|"0"|"1"
981669|"19/04/2026 20:00:31"|"19/04/2026 20:43:05"|6|Sinacor application error - Report not generated in time. No action required.|"1"|"19/04/2026 20:43:05"|"3"|[NULL]|48|AWS-RPAP-005|1|BR|"69117b27-7baf-4315-9935-eeb2d479c0fc"|"048.CX.Geracao.notas.tipo4"|"2.0.26"|CoE Ops - BR/Nuinvest/Ops PF|DOMAIN_TITULO\AUTOMACAO.MOPERACOES|"0"|"1"
981661|"19/04/2026 19:12:20"|"19/04/2026 19:12:36"|2|Error ocurred: Unexpected character encountered while parsing value: <. Path , line 0, position 0.Error Source: Change Data in EMS: Deserialize JSON|"1"|"19/04/2026 19:12:36"|"3"|[NULL]|199|EC2AMAZ-GC6B6R8|1|BR||||||"0"|"1"
981653|"19/04/2026 19:00:52"|"19/04/2026 19:01:10"|2|Error ocurred: Unexpected character encountered while parsing value: <. Path , line 0, position 0.Error Source: Change Data in EMS: Deserialize JSON|"1"|"19/04/2026 19:01:10"|"3"|[NULL]|199|EC2AMAZ-NLK1TA2|1|BR||||||"0"|"1"
981628|"19/04/2026 18:00:32"|"19/04/2026 18:32:07"|6|Sinacor application error - Report not generated in time. No action required.|"1"|"19/04/2026 18:32:07"|"3"|[NULL]|48|AWS-RPAP-005|1|BR|"90050a41-8d3a-41f7-92f4-c0569759feb9"|"048.CX.Geracao.notas.tipo4"|"2.0.26"|CoE Ops - BR/Nuinvest/Ops PF|DOMAIN_TITULO\AUTOMACAO.MOPERACOES|"0"|"1"
981592|"19/04/2026 16:00:44"|"19/04/2026 16:32:40"|6|Sinacor application error - Report not generated in time. No action required.|"1"|"19/04/2026 16:32:40"|"3"|[NULL]|48|AWS-RPAP-005|1|BR|"87f7d521-6509-4be6-aa6f-339c8ae3d037"|"048.CX.Geracao.notas.tipo4"|"2.0.26"|CoE Ops - BR/Nuinvest/Ops PF|DOMAIN_TITULO\AUTOMACAO.MOPERACOES|"0"|"1"
981554|"19/04/2026 14:00:30"|"19/04/2026 14:32:05"|6|Sinacor application error - Report not generated in time. No action required.|"1"|"19/04/2026 14:32:05"|"3"|[NULL]|48|AWS-RPAP-005|1|BR|b96821ea-f2c8-4210-bb74-a7f8781f166c|"048.CX.Geracao.notas.tipo4"|"2.0.26"|CoE Ops - BR/Nuinvest/Ops PF|DOMAIN_TITULO\AUTOMACAO.MOPERACOES|"0"|"1"
981518|"19/04/2026 12:00:32"|"19/04/2026 12:32:08"|6|Sinacor application error - Report not generated in time. No action required.|"1"|"19/04/2026 12:32:08"|"3"|[NULL]|48|AWS-RPAP-005|1|BR|"2d4ef89a-94f5-4c45-9a55-7963d2429922"|"048.CX.Geracao.notas.tipo4"|"2.0.26"|CoE Ops - BR/Nuinvest/Ops PF|DOMAIN_TITULO\AUTOMACAO.MOPERACOES|"0"|"1"
981491|"19/04/2026 10:09:40"|"19/04/2026 10:13:35"|2|Error ocurred: Service EMS returning status code 400 - Customer ID: 00000000300Error Source: Tasks\Flag PEP EMS.xaml - Invoke Workflow File: Throw|"1"|"19/04/2026 10:13:35"|"3"|[NULL]|43|EC2AMAZ-GC6B6R8|1|BR|"3a71754e-6bee-4f26-9285-8cf345500f74"|"043.ROP.Flag.PEP.Especial.Atencao.Daily"|"1.0.25"|CoE Ops - BR/Nubank/VM 10 - Quarta VM|ssmwindows\AUTOMACAO.MOPERACOES|"0"|"1"
981481|"19/04/2026 10:00:33"|"19/04/2026 10:32:08"|6|Sinacor application error - Report not generated in time. No action required.|"1"|"19/04/2026 10:32:08"|"3"|[NULL]|48|AWS-RPAP-005|1|BR|"8c2a59da-04ab-4e6f-ac63-2cf6b0350e8e"|"048.CX.Geracao.notas.tipo4"|"2.0.26"|CoE Ops - BR/Nuinvest/Ops PF|DOMAIN_TITULO\AUTOMACAO.MOPERACOES|"0"|"1"
981440|"19/04/2026 08:00:31"|"19/04/2026 08:44:51"|6|Sinacor application error - Report not generated in time. No action required.|"1"|"19/04/2026 08:44:51"|"3"|[NULL]|48|AWS-RPAP-005|1|BR|"993dab43-194a-4a6a-868a-db6cea385d82"|"048.CX.Geracao.notas.tipo4"|"2.0.26"|CoE Ops - BR/Nuinvest/Ops PF|DOMAIN_TITULO\AUTOMACAO.MOPERACOES|"0"|"1"
981433|"19/04/2026 07:16:23"|"19/04/2026 07:16:33"|6|Error ocurred: Error API getting pendency list.|"1"|"19/04/2026 07:16:33"|"3"|[NULL]|125|AWS-RPAP-003|1|BR||||||"0"|"1"
981405|"19/04/2026 06:00:33"|"19/04/2026 06:32:09"|6|Sinacor application error - Report not generated in time. No action required.|"1"|"19/04/2026 06:32:09"|"3"|[NULL]|48|AWS-RPAP-005|1|BR|"3e2f72db-87dd-410f-ba86-5507ba545d06"|"048.CX.Geracao.notas.tipo4"|"2.0.26"|CoE Ops - BR/Nuinvest/Ops PF|DOMAIN_TITULO\AUTOMACAO.MOPERACOES|"0"|"1"
981376|"19/04/2026 04:00:35"|"19/04/2026 04:43:09"|6|Sinacor application error - Report not generated in time. No action required.|"1"|"19/04/2026 04:43:09"|"3"|[NULL]|48|AWS-RPAP-005|1|BR|e5257fa4-c6cc-4241-8ded-850337c86a1c|"048.CX.Geracao.notas.tipo4"|"2.0.26"|CoE Ops - BR/Nuinvest/Ops PF|DOMAIN_TITULO\AUTOMACAO.MOPERACOES|"0"|"1"
981343|"19/04/2026 02:00:31"|"19/04/2026 02:32:07"|6|Sinacor application error - Report not generated in time. No action required.|"1"|"19/04/2026 02:32:07"|"3"|[NULL]|48|AWS-RPAP-005|1|BR|fbac6977-4d13-404d-a1d0-5e82570cc2ce|"048.CX.Geracao.notas.tipo4"|"2.0.26"|CoE Ops - BR/Nuinvest/Ops PF|DOMAIN_TITULO\AUTOMACAO.MOPERACOES|"0"|"1"
981306|"19/04/2026 00:00:33"|"19/04/2026 00:32:09"|6|Sinacor application error - Report not generated in time. No action required.|"1"|"19/04/2026 00:32:09"|"3"|[NULL]|48|AWS-RPAP-005|1|BR|f81815bf-2aa5-428f-9e72-9feba1d59ec0|"048.CX.Geracao.notas.tipo4"|"2.0.26"|CoE Ops - BR/Nuinvest/Ops PF|DOMAIN_TITULO\AUTOMACAO.MOPERACOES|"0"|"1"
981274|"18/04/2026 22:00:32"|"18/04/2026 22:32:07"|6|Sinacor application error - Report not generated in time. No action required.|"1"|"18/04/2026 22:32:07"|"3"|[NULL]|48|AWS-RPAP-005|1|BR|dab0b264-b584-48ce-8bc4-76db2823dfae|"048.CX.Geracao.notas.tipo4"|"2.0.26"|CoE Ops - BR/Nuinvest/Ops PF|DOMAIN_TITULO\AUTOMACAO.MOPERACOES|"0"|"1"
981244|"18/04/2026 20:00:28"|"18/04/2026 20:55:25"|6|Sinacor application error - Report not generated in time. No action required.|"1"|"18/04/2026 20:55:25"|"3"|[NULL]|48|AWS-RPAP-005|1|BR|fd3f9f20-532e-41ca-898f-d1d4553d3bb0|"048.CX.Geracao.notas.tipo4"|"2.0.26"|CoE Ops - BR/Nuinvest/Ops PF|DOMAIN_TITULO\AUTOMACAO.MOPERACOES|"0"|"1"
981236|"18/04/2026 19:13:13"|"18/04/2026 19:13:30"|2|Error ocurred: Unexpected character encountered while parsing value: <. Path , line 0, position 0.Error Source: Change Data in EMS: Deserialize JSON|"1"|"18/04/2026 19:13:30"|"3"|[NULL]|199|EC2AMAZ-GC6B6R8|1|BR||||||"0"|"1"
981234|"18/04/2026 19:04:06"|"18/04/2026 19:04:23"|2|Error ocurred: Unexpected character encountered while parsing value: <. Path , line 0, position 0.Error Source: Change Data in EMS: Deserialize JSON|"1"|"18/04/2026 19:04:23"|"3"|[NULL]|199|EC2AMAZ-Q4IMKHB|1|BR||||||"0"|"1"
981206|"18/04/2026 18:00:34"|"18/04/2026 18:32:09"|6|Sinacor application error - Report not generated in time. No action required.|"1"|"18/04/2026 18:32:09"|"3"|[NULL]|48|AWS-RPAP-005|1|BR|"2cc25da6-7cbd-4a24-9fad-29e44f151455"|"048.CX.Geracao.notas.tipo4"|"2.0.26"|CoE Ops - BR/Nuinvest/Ops PF|DOMAIN_TITULO\AUTOMACAO.MOPERACOES|"0"|"1"
981170|"18/04/2026 16:00:30"|"18/04/2026 16:55:04"|6|Sinacor application error - Report not generated in time. No action required.|"1"|"18/04/2026 16:55:04"|"3"|[NULL]|48|AWS-RPAP-005|1|BR|"4a5f298e-b196-49c8-9fe7-cf63a06a3c0c"|"048.CX.Geracao.notas.tipo4"|"2.0.26"|CoE Ops - BR/Nuinvest/Ops PF|DOMAIN_TITULO\AUTOMACAO.MOPERACOES|"0"|"1"
981130|"18/04/2026 14:00:32"|"18/04/2026 14:32:08"|6|Sinacor application error - Report not generated in time. No action required.|"1"|"18/04/2026 14:32:08"|"3"|[NULL]|48|AWS-RPAP-005|1|BR|aeb5b4ed-e255-4751-ac04-531e473e53f7|"048.CX.Geracao.notas.tipo4"|"2.0.26"|CoE Ops - BR/Nuinvest/Ops PF|DOMAIN_TITULO\AUTOMACAO.MOPERACOES|"0"|"1"
981098|"18/04/2026 12:00:58"|"18/04/2026 13:19:33"|6|Sinacor application error - Report not generated in time. No action required.|"1"|"18/04/2026 13:19:33"|"3"|[NULL]|48|AWS-RPAP-005|1|BR|"8d0ce65e-4b2d-4ffc-8d26-caf28f697263"|"048.CX.Geracao.notas.tipo4"|"2.0.26"|CoE Ops - BR/Nuinvest/Ops PF|DOMAIN_TITULO\AUTOMACAO.MOPERACOES|"0"|"1"
981034|"18/04/2026 08:10:30"|"18/04/2026 09:36:09"|6|Sinacor application error - Report not generated in time. No action required.|"1"|"18/04/2026 09:36:09"|"3"|[NULL]|48|AWS-RPAP-005|1|BR|b541dd8f-0925-4c3b-ba68-5e5a9381f563|"048.CX.Geracao.notas.tipo4"|"2.0.26"|CoE Ops - BR/Nuinvest/Ops PF|DOMAIN_TITULO\AUTOMACAO.MOPERACOES|"0"|"1"
980945|"18/04/2026 04:00:34"|"18/04/2026 04:32:10"|6|Sinacor application error - Report not generated in time. No action required.|"1"|"18/04/2026 04:32:10"|"3"|[NULL]|48|AWS-RPAP-005|1|BR|cee4f544-6480-43e9-af04-7c77997d28ad|"048.CX.Geracao.notas.tipo4"|"2.0.26"|CoE Ops - BR/Nuinvest/Ops PF|DOMAIN_TITULO\AUTOMACAO.MOPERACOES|"0"|"1"
980931|"18/04/2026 02:00:31"|"18/04/2026 02:33:52"|6|Sinacor application error - Report not generated in time. No action required.|"1"|"18/04/2026 02:33:52"|"3"|[NULL]|48|AWS-RPAP-005|1|BR|"8b45af13-7359-426b-b8fa-f13fc668d499"|"048.CX.Geracao.notas.tipo4"|"2.0.26"|CoE Ops - BR/Nuinvest/Ops PF|DOMAIN_TITULO\AUTOMACAO.MOPERACOES|"0"|"1"
980915|"18/04/2026 00:38:14"|"18/04/2026 01:37:01"|6|Sinacor application error - Report not generated in time. No action required.|"1"|"18/04/2026 01:37:01"|"3"|[NULL]|48|AWS-RPAP-005|1|BR|b80d2448-5983-48f0-84a3-eb630ac13ab6|"048.CX.Geracao.notas.tipo4"|"2.0.26"|CoE Ops - BR/Nuinvest/Ops PF|DOMAIN_TITULO\AUTOMACAO.MOPERACOES|"0"|"1"
980843|"17/04/2026 21:25:41"|"17/04/2026 22:37:46"|6|Sinacor application error - Report not generated in time. No action required.|"1"|"17/04/2026 22:37:46"|"3"|[NULL]|48|AWS-RPAP-005|1|BR|"9f98b587-0373-4ada-a450-11da9b396f45"|"048.CX.Geracao.notas.tipo4"|"2.0.26"|CoE Ops - BR/Nuinvest/Ops PF|DOMAIN_TITULO\AUTOMACAO.MOPERACOES|"0"|"1"
980661|"17/04/2026 16:01:15"|"17/04/2026 16:18:50"|2|Error ocurred: Cetip URL https://corporativo.bvmfnet.com.br/icadx-web/pages/default.jsf was not opened successfullyError Source: 3Sincad.xaml - Invoke Workflow File: Retry Scope: Throw - Login Fail|"1"|"17/04/2026 16:18:50"|"3"|[NULL]|192|AWS-RPAP-004|1|BR|bdb342b1-9145-4a21-a4a5-2d59cb986c00|"192.ROP.EncerramentoConta.PedidoCliente"|"1.0.27"|CoE Ops - BR/Nuinvest/AML-CFT|DOMAIN_TITULO\AUTOMACAO.MOPERACOES|"0"|"1"
980603|"17/04/2026 15:00:35"|"17/04/2026 15:18:24"|2|Error ocurred: Cetip URL https://corporativo.bvmfnet.com.br/icadx-web/pages/default.jsf was not opened successfullyError Source: 3Sincad.xaml - Invoke Workflow File: Retry Scope: Throw - Login Fail|"1"|"17/04/2026 15:18:24"|"3"|[NULL]|192|AWS-RPAP-006|1|BR|a5526869-da71-4f2d-9d49-eeca219215c9|"192.ROP.EncerramentoConta.PedidoCliente"|"1.0.27"|CoE Ops - BR/Nuinvest/AML-CFT|DOMAIN_TITULO\automacao.moperacoes|"0"|"1"
980359|"17/04/2026 10:01:15"|"17/04/2026 10:05:54"|2|Error ocurred: Connection [c592ec09-009c-4bd5-b8c7-1a691a25d546] failed to authorizeError Source: Retry Scope|"1"|"17/04/2026 10:05:54"|"3"|[NULL]|192|AWS-RPAP-006|1|BR|"6cc88dbe-d990-4d69-8180-b9616bde094e"|"192.ROP.EncerramentoConta.PedidoCliente"|"1.0.27"|CoE Ops - BR/Nuinvest/AML-CFT|DOMAIN_TITULO\automacao.moperacoes|"0"|"1"
980348|"17/04/2026 09:46:39"|"17/04/2026 09:51:29"|2|Error ocurred: Connection [c592ec09-009c-4bd5-b8c7-1a691a25d546] failed to authorizeError Source: Retry Scope|"1"|"17/04/2026 09:51:29"|"3"|[NULL]|167|EC2AMAZ-EEDQ776|1|BR|"7b06f208-3230-4723-969d-3e7c541e6755"|"167.RegSol.Reativacao.Contas"|"1.0.16"|CoE Ops - BR/Nubank/AML-CFT|ssmwindows\AUTOMACAO.MOPERACOES|"0"|"1"
980200|"17/04/2026 07:00:41"|"17/04/2026 09:49:44"|2|Error ocurred: Connection [c592ec09-009c-4bd5-b8c7-1a691a25d546] failed to authorizeError Source: Retry Scope|"1"|"17/04/2026 09:49:44"|"3"|[NULL]|192|AWS-RPAP-002|1|BR|"03ab6573-06c2-4613-a05e-f0c3b9b8f197"|"192.ROP.EncerramentoConta.Fraudes"|"1.0.27"|CoE Ops - BR/Nuinvest/AML-CFT/192|DOMAIN_TITULO\automacao.moperacoes|"0"|"1"
979815|"16/04/2026 16:28:15"|"16/04/2026 16:50:53"|2|"Error ocurred: Could not find the user-interface (UI) element for this action.

Possible solutions:
 ?  Ensure application is opened and the UI element is visible on the screen at execution time
 ?  Edit the Target of the UI activity and use Validation to debug the issue.
 ?  If needed, re-indicate the element as its properties might have changed
 ?  Use Check state activity to check the application state before executing the action
 ?  Increase the Delay before value to allow time to the application to render entirely and become responsiveError Source: Perform.Serasa - Invoke Workflow File (Tasks\Perform.Serasa.xaml): Login.Serasa - Invoke Workflow File (Login.Serasa.xaml): Get assets and Login"|"1"|"16/04/2026 16:50:53"|"3"|[NULL]|144|EC2AMAZ-9TPRIDL|1|BR|f6981a1f-bd04-4323-8f85-565a39c3f9d1|"144.LGL.Retirada.Apontamento"|"1.3.17"|CoE Ops - BR/Nubank/Legal|ssmwindows\AUTOMACAO.MOPERACOES|"0"|"1"
979728|"16/04/2026 14:50:38"|"16/04/2026 15:16:05"|2|Error ocurred: Cannot bring the target application in the foreground. The action was blocked by the current foreground window Nova notificação from the process shellexperiencehost.exe.Error Source: Use Application: Cabine JUD|"1"|"16/04/2026 15:16:05"|"3"|[NULL]|121|EC2AMAZ-GC6B6R8|1|BR||||||"0"|"1"
979586|"16/04/2026 12:03:35"|"16/04/2026 13:17:54"|6|Sinacor application error - Report not generated in time. No action required.|"1"|"16/04/2026 13:17:54"|"3"|[NULL]|48|AWS-RPAP-005|1|BR|"45a0ce6e-af9b-481b-828a-d52cb774726a"|"048.CX.Geracao.notas.tipo4"|"2.0.26"|CoE Ops - BR/Nuinvest/Ops PF|DOMAIN_TITULO\AUTOMACAO.MOPERACOES|"0"|"1"
979487|"16/04/2026 10:05:59"|"16/04/2026 10:53:10"|6|Sinacor application error - Report not generated in time. No action required.|"1"|"16/04/2026 10:53:10"|"3"|[NULL]|48|AWS-RPAP-005|1|BR|"5699b167-0df6-4a17-8a24-9374b4783005"|"048.CX.Geracao.notas.tipo4"|"2.0.26"|CoE Ops - BR/Nuinvest/Ops PF|DOMAIN_TITULO\AUTOMACAO.MOPERACOES|"0"|"1"
979458|"16/04/2026 09:51:27"|"16/04/2026 09:59:48"|2|"Error ocurred: Não foi possível encontrar o elemento de interface gráfica para esta ação.

Possíveis soluções:
 ?  Verifique se o aplicativo está aberto e se o elemento de interface gráfica está visível na tela no tempo de execução
 ?  Edite o Destino da atividade de interface gráfica e use a Validação para depurar o problema.
 ?  Se necessário, indique novamente o elemento caso as propriedades dele tenham sido alteradas
 ?  Use a atividade Check state para verificar o estado do aplicativo antes de executar a ação
 ?  Aumente o valor de Delay before para o aplicativo fazer a renderização completa a tempo e se tornar responsivoError Source: Retry Scope - SINCAD: Check/Uncheck NU INVEST"|"1"|"16/04/2026 09:59:48"|"3"|[NULL]|95|AWS-RPAP-006|1|BR|"4e7bacff-4f5c-4af1-a130-9e8c697bf607"|"095.ROP.Taxa.Inatividade.B3.SINCAD"|"1.0.29"|CoE Ops - BR/Nuinvest/AML-CFT|DOMAIN_TITULO\automacao.moperacoes|"0"|"1"
979380|"16/04/2026 08:20:36"|"16/04/2026 08:21:54"|2|Error ocurred: Error opening document, make sure Word application is installed. If already installed, an Office Repair may be required.Error Source: Tasks\GetChatMessage.xaml - Invoke Workflow File: Word Application Scope|"1"|"16/04/2026 08:21:54"|"3"|[NULL]|176|EC2AMAZ-GC6B6R8|1|||||||"0"|"1"
979370|"16/04/2026 08:07:48"|"16/04/2026 08:39:25"|6|Sinacor application error - Report not generated in time. No action required.|"1"|"16/04/2026 08:39:25"|"3"|[NULL]|48|AWS-RPAP-005|1|BR|"16c0b5d2-a97a-4a3a-bca2-89d029649680"|"048.CX.Geracao.notas.tipo4"|"2.0.26"|CoE Ops - BR/Nuinvest/Ops PF|DOMAIN_TITULO\AUTOMACAO.MOPERACOES|"0"|"1"
979271|"16/04/2026 06:02:48"|"16/04/2026 08:07:09"|6|Sinacor application error - Report not generated in time. No action required.|"1"|"16/04/2026 08:07:09"|"3"|[NULL]|48|AWS-RPAP-005|1|BR|aa0b6ae8-a796-4a47-ab5a-c4d03b692479|"048.CX.Geracao.notas.tipo4"|"2.0.26"|CoE Ops - BR/Nuinvest/Ops PF|DOMAIN_TITULO\AUTOMACAO.MOPERACOES|"0"|"1"
979202|"16/04/2026 02:26:59"|"16/04/2026 02:30:07"|2|Error ocurred: ORA-00936: missing expressionError Source: Oracle Data Provider for .NET, Managed Driver|"1"|"16/04/2026 02:30:07"|"3"|[NULL]|179|EC2AMAZ-GC6B6R8|1|||||||"0"|"1"
979200|"16/04/2026 02:18:23"|"16/04/2026 02:25:57"|2|Error ocurred: Error opening document, make sure Word application is installed. If already installed, an Office Repair may be required.Error Source: Customer Document|"1"|"16/04/2026 02:25:57"|"3"|[NULL]|173|EC2AMAZ-GC6B6R8|1|BR|"128c197b-02b6-420e-8a2b-82467a985b67"|"173.CX.Declaracao.Collections"|"1.0.24"|CoE Ops - BR/Nubank/VM 10 - Quarta VM||"0"|"1"
979161|"15/04/2026 23:39:24"|"15/04/2026 23:41:31"|2|Error ocurred: Automation Cloud cannot be reached. It may be a network fluctuation on the Runtime machine.Error Source: Retry Scope|"1"|"15/04/2026 23:41:31"|"3"|[NULL]|153|EC2AMAZ-GC6B6R8|1|||||||"0"|"1"
978620|"15/04/2026 11:39:24"|"15/04/2026 11:41:01"|6|Error ocurred: CSV does not have rows|"1"|"15/04/2026 11:41:01"|"3"|[NULL]|222|EC2AMAZ-GC6B6R8|0|||||||"0"|"1"
978341|"15/04/2026 06:04:14"|"15/04/2026 06:05:14"|2|Error ocurred: Automation Cloud cannot be reached. It may be a network fluctuation on the Runtime machine.Error Source: Retry Scope|"1"|"15/04/2026 06:05:14"|"3"|[NULL]|205|EC2AMAZ-Q4IMKHB|1|||||||"0"|"1"
978279|"15/04/2026 02:41:14"|"15/04/2026 02:41:51"|6|Error ocurred: No Data to Process|"1"|"15/04/2026 02:41:51"|"3"|[NULL]|172|EC2AMAZ-Q4IMKHB|1|BR|"516ab2ea-8580-4fe3-bdce-81fe3b13ec41"|"172.AML.CFT.CPF.Irregular.EMS"|"1.0.31"|CoE Ops - BR/Nubank/AML-CFT|ssmwindows\AUTOMACAO.MOPERACOES|"0"|"1"
978232|"15/04/2026 00:18:54"|"15/04/2026 01:29:05"|2|Error ocurred: ORA-01089: immediate shutdown or close in progress - no operations are permittedError Source: System.Activities|"0"||"3"|[NULL]|208|EC2AMAZ-NLK1TA2|5|BR|bd6eb899-d4e9-447a-8127-1fbd084900ec|"208.CX.Extrato.Rendimentos"|"1.0.32"|CoE Ops - BR/Nubank/Ops PF|ssmwindows\AUTOMACAO.MOPERACOES|"0"|"1"
978036|"14/04/2026 17:20:42"|"14/04/2026 17:21:20"|2|Error ocurred: User bafdb6b5-dfed-4aa1-b212-34d85f1d788e does not have Connections.View permissions in [Connection: 69a95749-9996-4350-9dd4-4c3bf34c32ea]Error Source: CopyBaseSedex - Invoke Workflow File (Tasks\GDRIVE\CopyBaseSedex.xaml): Retry Scope - Copy Template File|"1"|"14/04/2026 17:21:20"|"3"|[NULL]|264|EC2AMAZ-GC6B6R8|0|BR|"7008f715-3a49-43af-84c2-1ea4149a1bdc"|"264.Growth.Sedex"|"1.0.9"|CoE Ops - BR/Nubank/VM 10 - Quarta VM|ssmwindows\AUTOMACAO.MOPERACOES|"0"|"1"
977800|"14/04/2026 12:12:49"|"14/04/2026 12:14:39"|2|Error ocurred: Column ACI does not belong to table .Error Source: Run query|"1"|"14/04/2026 12:14:39"|"3"|[NULL]|95|AWS-RPAP-003|1|BR|"9110110b-d6be-4475-9645-a6a5d8724472"|"095.ROP.Taxa.Inatividade.B3.SINACOR"|"1.0.29"|CoE Ops - BR/Nuinvest/AML-CFT|DOMAIN_TITULO\AUTOMACAO.MOPERACOES|"0"|"1"
977433|"14/04/2026 04:42:45"|"14/04/2026 04:43:43"|6|Error ocurred: No Data to Process|"1"|"14/04/2026 04:43:43"|"3"|[NULL]|172|EC2AMAZ-QDRLESV|1|BR|"9676f005-e106-41e8-a335-7a73483a7059"|"172.AML.CFT.CPF.Irregular.EMS"|"1.0.31"|CoE Ops - BR/Nubank/AML-CFT|ssmwindows\AUTOMACAO.MOPERACOES|"0"|"1"
977267|"13/04/2026 19:38:50"|"13/04/2026 19:46:06"|2|Error ocurred: Este host não é conhecido. (prod--customers.nubank.com.br:443)Error Source: System.Activities|"1"|"13/04/2026 19:46:06"|"3"|[NULL]|247|EC2AMAZ-QDRLESV|0|BR|befa4987-1d24-4729-a3ae-b81624998ae0|"247.COMPSOL.Agencia.Externa"|"1.0.6"|CoE Ops - BR/Nubank/CompSol|ssmwindows\AUTOMACAO.MOPERACOES|"0"|"1"
976854|"13/04/2026 11:00:42"|"13/04/2026 11:19:00"|2|Error ocurred: Cetip URL https://corporativo.bvmfnet.com.br/icadx-web/pages/default.jsf was not opened successfullyError Source: 3Sincad.xaml - Invoke Workflow File: Retry Scope|"1"|"13/04/2026 11:19:00"|"3"|[NULL]|192|AWS-RPAP-006|1|BR|ab00a92b-1815-4353-b007-f15399c980a3|"192.ROP.EncerramentoConta.PedidoCliente"|"1.0.26"|CoE Ops - BR/Nuinvest/AML-CFT|DOMAIN_TITULO\automacao.moperacoes|"0"|"1"
976763|"13/04/2026 09:23:01"|"13/04/2026 10:02:26"|2|Error ocurred: Cetip URL https://corporativo.bvmfnet.com.br/icadx-web/pages/default.jsf was not opened successfullyError Source: 3Sincad - Fraude - Invoke Workflow File (Tasks\Fraudes\3Sincad - Fraude.xaml): Retry Scope|"1"|"13/04/2026 10:02:26"|"3"|[NULL]|192|AWS-RPAP-003|1|BR|"832c93c0-0bea-457a-9617-05732de3072d"|"192.ROP.EncerramentoConta.Fraudes"|"1.0.26"|CoE Ops - BR/Nuinvest/AML-CFT|DOMAIN_TITULO\AUTOMACAO.MOPERACOES|"0"|"1"
976718|"13/04/2026 08:23:36"|"13/04/2026 09:03:49"|2|Error ocurred: Cetip URL https://corporativo.bvmfnet.com.br/icadx-web/pages/default.jsf was not opened successfullyError Source: 3Sincad - Fraude - Invoke Workflow File (Tasks\Fraudes\3Sincad - Fraude.xaml): Retry Scope|"1"|"13/04/2026 09:03:49"|"3"|[NULL]|192|AWS-RPAP-004|1|BR|"28b0f193-c423-435d-a484-d569f75fd5f3"|"192.ROP.EncerramentoConta.Fraudes"|"1.0.26"|CoE Ops - BR/Nuinvest/AML-CFT|DOMAIN_TITULO\AUTOMACAO.MOPERACOES|"0"|"1"
976694|"13/04/2026 08:04:10"|"13/04/2026 08:05:15"|2|Error ocurred: Execution Timeout Expired.  The timeout period elapsed prior to completion of the operation or the server is not responding.Error Source: Core Microsoft SqlClient Data Provider|"1"|"13/04/2026 08:05:15"|"3"|[NULL]|167|EC2AMAZ-NLK1TA2|1|BR|"93f787a2-128b-40da-9ef1-d98fd1e78536"|"167.RegSol.Reativacao.Contas"|"1.0.16"|CoE Ops - BR/Nubank/AML-CFT|ssmwindows\AUTOMACAO.MOPERACOES|"0"|"1"
976634|"13/04/2026 07:01:07"|"13/04/2026 07:42:48"|2|Error ocurred: Cetip URL https://corporativo.bvmfnet.com.br/icadx-web/pages/default.jsf was not opened successfullyError Source: Retry Scope - SINCAD: Throw|"1"|"13/04/2026 07:42:48"|"3"|[NULL]|95|AWS-RPAP-005|1|BR|c66c85b2-dd94-4653-a883-8b3e84fc25c1|"095.ROP.Taxa.Inatividade.B3.SINCAD"|"1.0.28"|CoE Ops - BR/Nuinvest/AML-CFT|DOMAIN_TITULO\AUTOMACAO.MOPERACOES|"0"|"1"
975452|"10/04/2026 18:08:36"|"10/04/2026 18:47:39"|2|Error ocurred: Cetip URL https://corporativo.bvmfnet.com.br/icadx-web/pages/default.jsf was not opened successfullyError Source: 3Sincad - Fraude - Invoke Workflow File (Tasks\Fraudes\3Sincad - Fraude.xaml): Retry Scope|"1"|"10/04/2026 18:47:39"|"3"|[NULL]|192|AWS-RPAP-003|1|BR|aee71add-5d86-4962-bca2-d403bce413e8|"192.ROP.EncerramentoConta.Fraudes"|"1.0.26"|CoE Ops - BR/Nuinvest/AML-CFT|DOMAIN_TITULO\automacao.moperacoes|"0"|"1"
975447|"10/04/2026 18:02:14"|"10/04/2026 18:03:20"|2|The operation has timed out.|"1"|"10/04/2026 18:03:20"|"3"|[NULL]|48|AWS-RPAP-005|1|BR|f77d9cf9-bc71-4199-8446-7ace31b2582d|"048.CX.Geracao.notas.tipo4"|"2.0.26"|CoE Ops - BR/Nuinvest/Ops PF|DOMAIN_TITULO\AUTOMACAO.MOPERACOES|"0"|"1"
975439|"10/04/2026 17:58:31"|"10/04/2026 18:05:45"|2|Error ocurred: Este host não é conhecido. (prod--customers.nubank.com.br:443)Error Source: System.Activities|"1"|"10/04/2026 18:05:45"|"3"|[NULL]|247|EC2AMAZ-QDRLESV|0|BR|f51757e8-f601-4ddf-a447-05efa32722c2|"247.COMPSOL.Agencia.Externa"|"1.0.6"|CoE Ops - BR/Nubank/CompSol|ssmwindows\AUTOMACAO.MOPERACOES|"0"|"1"
975241|"10/04/2026 13:44:43"|"10/04/2026 13:52:01"|2|Error ocurred: Este host não é conhecido. (prod--customers.nubank.com.br:443)Error Source: System.Activities|"1"|"10/04/2026 13:52:01"|"3"|[NULL]|247|EC2AMAZ-QDRLESV|0|BR|"6421f729-7b72-4deb-9912-667b532cd4b3"|"247.COMPSOL.Agencia.Externa"|"1.0.6"|CoE Ops - BR/Nubank/CompSol|ssmwindows\AUTOMACAO.MOPERACOES|"0"|"1"
975207|"10/04/2026 13:00:52"|"10/04/2026 13:03:00"|6|Error ocurred: Não é possível acessar o Automation Cloud. Pode ser uma flutuação de rede na máquina de runtime.Error Source: Retry Scope|"1"|"10/04/2026 13:03:00"|"3"|[NULL]|153|EC2AMAZ-EEDQ776|1|||||||"0"|"1"
974987|"10/04/2026 09:06:04"|"10/04/2026 09:07:56"|6|Error ocurred: Error HRESULT E_FAIL has been returned from a call to a COM component.Error Source: Select Instituição|"1"|"10/04/2026 09:07:56"|"3"|[NULL]|240|EC2AMAZ-EEDQ776|0|BR||||||"0"|"1"
974800|"10/04/2026 01:17:28"|"10/04/2026 02:00:12"|6|"Error ocurred: Cannot select item. It was not found among existing items.
TIP: Some combo-boxes delay load items until its dropdown is expanded. Try to simulate a click on control prior to selecting an item.Error Source: Select Item Computador Destino"|"1"|"10/04/2026 02:00:12"|"3"|[NULL]|226|EC2AMAZ-GC6B6R8|43|BR||||||"0"|"1"
974513|"09/04/2026 16:40:22"|"09/04/2026 16:45:55"|6|"Error ocurred: Não foi possível encontrar o elemento de interface gráfica para esta ação.

Possíveis soluções:
 ?  Verifique se o aplicativo está aberto e se o elemento de interface gráfica está visível na tela no tempo de execução
 ?  Edite o Destino da atividade de interface gráfica e use a Validação para depurar o problema.
 ?  Se necessário, indique novamente o elemento caso as propriedades dele tenham sido alteradas
 ?  Use a atividade Check state para verificar o estado do aplicativo antes de executar a ação
 ?  Aumente o valor de Delay before para o aplicativo fazer a renderização completa a tempo e se tornar responsivoError Source: Perform.Serasa - Invoke Workflow File (Tasks\Perform.Serasa.xaml): Login.Serasa - Invoke Workflow File (Login.Serasa.xaml): Get assets and Login"|"1"|"09/04/2026 16:45:55"|"3"|[NULL]|144|EC2AMAZ-EEDQ776|1|BR|a01c2a05-3255-4fd7-ba15-71b5a3297237|"144.LGL.Retirada.Apontamento"|"1.3.17"|CoE Ops - BR/Nubank/Legal|ssmwindows\automacao.moperacoes|"0"|"1"
974470|"09/04/2026 15:36:16"|"09/04/2026 15:37:46"|6|Error ocurred: CSV does not have rows|"1"|"09/04/2026 15:37:46"|"3"|[NULL]|222|EC2AMAZ-Q4IMKHB|0|||||||"0"|"1"
974463|"09/04/2026 15:23:20"|"09/04/2026 15:32:17"|6|Error ocurred: Este host não é conhecido. (prod--customers.nubank.com.br:443)Error Source: System.Activities|"1"|"09/04/2026 15:32:17"|"3"|[NULL]|247|EC2AMAZ-EEDQ776|1|BR|e5ab8018-3b03-4e78-8ded-5c45fd41dd70|"247.COMPSOL.Agencia.Externa"|"1.0.6"|CoE Ops - BR/Nubank/CompSol|ssmwindows\automacao.moperacoes|"0"|"1"
974317|"09/04/2026 12:54:33"|"09/04/2026 15:12:05"|6|"Error ocurred: Não foi possível encontrar o elemento de interface gráfica correspondente a este seletor:
<html app=chrome.exe title=SINCAD - Sistema de Cadastro Integrado B3 />

As correspondências mais próximas são:
[70%] <html app=chrome.exe title=corporativo.bvmfnet.com.br/icadx-web/error.jsf/>Error Source: 3Sincad - Fraude - Invoke Workflow File (Tasks\Fraudes\3Sincad - Fraude.xaml): Sincad Production"|"1"|"09/04/2026 15:12:05"|"3"|[NULL]|192|AWS-RPAP-005|1|BR|"510c6e05-4c93-4173-a928-e35767d49c93"|"192.ROP.EncerramentoConta.Fraudes"|"1.0.26"|CoE Ops - BR/Nuinvest/AML-CFT|DOMAIN_TITULO\AUTOMACAO.MOPERACOES|"0"|"1"
974047|"09/04/2026 08:08:10"|"09/04/2026 08:10:23"|6|Error ocurred: Error HRESULT E_FAIL has been returned from a call to a COM component.Error Source: Select Instituição|"1"|"09/04/2026 08:10:23"|"3"|[NULL]|240|EC2AMAZ-EEDQ776|0|BR||||||"0"|"1"
973867|"09/04/2026 01:39:46"|"09/04/2026 02:01:05"|6|"Error ocurred: Could not find the user-interface (UI) element for this action.

Possible solutions:
 ?  Ensure application is opened and the UI element is visible on the screen at execution time
 ?  Edit the Target of the UI activity and use Validation to debug the issue.
 ?  If needed, re-indicate the element as its properties might have changed
 ?  Use Check state activity to check the application state before executing the action
 ?  Increase the Delay before value to allow time to the application to render entirely and become responsiveError Source: System.Activities"|"1"|"09/04/2026 02:01:05"|"3"|[NULL]|156|EC2AMAZ-GC6B6R8|1|BR|b7696d7a-e9e8-4a69-99f7-f882071e9618|"156.ROP.Executa.STA.Nubank"|"1.0.13"|CoE Ops - BR/Nubank/Jud Orders|ssmwindows\AUTOMACAO.MOPERACOES|"0"|"1"
973094|"08/04/2026 09:08:46"|"08/04/2026 09:09:10"|6|Error ocurred: The request is not as expected by Google API.Error Source: GetURL_Range - Invoke Workflow File (Tasks\Utils\GetURL_Range.xaml): Retry Scope - Read range input items|"1"|"08/04/2026 09:09:10"|"3"|[NULL]|283|EC2AMAZ-9TPRIDL|0|BR|"44578267-110b-4a34-a86d-27adfe38351e"|"283.COMPSOL.Fake.Profile"|"1.0.3"|CoE Ops - BR/Nubank/CompSol|ssmwindows\AUTOMACAO.MOPERACOES|"0"|"1"
972731|"07/04/2026 22:10:34"|"07/04/2026 22:16:09"|2|"Error ocurred: Uma tentativa de conexão falhou porque o componente conectado não respondeu
corretamente após um período de tempo ou a conexão estabelecida falhou
porque o host conectado não respondeu. (prod-global-scatterbrain.nubank.com.br:443)Error Source: Process.xaml : [SUB] Check Value Exist: Internal APIs\Nubank\Savings Accounts\API.Savings.Accounts.Status.xaml - Invoke Workflow File: HTTP Request - Status Savings Account"|"1"|"07/04/2026 22:16:09"|"3"|[NULL]|172|EC2AMAZ-QDRLESV|1|BR|"3a316eb8-b55d-4638-ab29-da8e33d7f4af"|"172.AML.CFT.CPF.Irregular.EMS"|"1.0.30"|CoE Ops - BR/Nubank/AML-CFT|ssmwindows\automacao.moperacoes|"0"|"1"
972557|"07/04/2026 17:52:15"|"07/04/2026 17:52:42"|2|Error ocurred: The request is not as expected by Google API.Error Source: GetURL_Range - Invoke Workflow File (Tasks\Utils\GetURL_Range.xaml): Retry Scope - Read range input items|"1"|"07/04/2026 17:52:42"|"3"|[NULL]|283|EC2AMAZ-QDRLESV|0|BR|"5f4383a1-beb8-4eb6-b9b3-57cbebaafc38"|"283.COMPSOL.Fake.Profile"|"1.0.3"|CoE Ops - BR/Nubank/CompSol|ssmwindows\automacao.moperacoes|"0"|"1"
971025|"06/04/2026 09:20:32"|"06/04/2026 09:22:43"|2|Error ocurred: The activity For Each File/Folder with ID 344 threw or propagated an exception while being canceled.Error Source: Perform.Elaw - Invoke Workflow File (Tasks\Elaw\Perform.Elaw.xaml)|"1"|"06/04/2026 09:22:43"|"3"|[NULL]|144|EC2AMAZ-9TPRIDL|1|BR|f7c9d86b-1c2d-467a-90cd-e4e973627c1d|"144.LGL.Retirada.Apontamento"|"1.3.16"|CoE Ops - BR/Nubank/Legal|ssmwindows\AUTOMACAO.MOPERACOES|"0"|"1"
970593|"05/04/2026 18:02:27"|"05/04/2026 18:02:35"|6|Error ocurred: Conversion from string  to type Double is not valid.Error Source: Tasks\DataBase\InsertReasonMacros.xaml - Invoke Workflow File: Assign|"1"|"05/04/2026 18:02:35"|"3"|[NULL]|198|EC2AMAZ-9TPRIDL|1|BR|b8e174c4-16f9-4025-843c-b3a84b06f4fe|"198.OMB.Moderacoes.Reclame.Aqui"|"1.0.33"|CoE Ops - BR/Nubank/CompSol|ssmwindows\AUTOMACAO.MOPERACOES|"0"|"1"
970268|"05/04/2026 02:02:09"|"05/04/2026 02:09:56"|6|Error ocurred: Não é possível acessar o Automation Cloud. Pode ser uma flutuação de rede na máquina de runtime.Error Source: Retry Scope - Deny Subjects GSheet|"1"|"05/04/2026 02:09:56"|"3"|[NULL]|182|EC2AMAZ-EEDQ776|1|||||||"0"|"1"
970265|"05/04/2026 02:00:51"|"05/04/2026 02:03:08"|6|Error ocurred: Automation Cloud cannot be reached. It may be a network fluctuation on the Runtime machine.Error Source: Retry Scope|"1"|"05/04/2026 02:03:08"|"3"|[NULL]|153|EC2AMAZ-NLK1TA2|1|||||||"0"|"1"
970243|"05/04/2026 01:00:58"|"05/04/2026 01:01:55"|6|Error ocurred: Automation Cloud cannot be reached. It may be a network fluctuation on the Runtime machine.Error Source: Retry Scope - Dowload Template File|"1"|"05/04/2026 01:01:55"|"3"|[NULL]|173|EC2AMAZ-9TPRIDL|1|BR|bc87be4d-dc7a-4796-93b8-d4abc1ba3f11|"173.CX.Declaracao.Collections"|"1.0.24"|CoE Ops - BR/Nubank/Ops PF||"0"|"1"
970241|"05/04/2026 01:00:28"|"05/04/2026 01:08:10"|6|Error ocurred: Automation Cloud cannot be reached. It may be a network fluctuation on the Runtime machine.Error Source: Retry Scope - Deny Subjects GSheet|"1"|"05/04/2026 01:08:10"|"3"|[NULL]|182|EC2AMAZ-QDRLESV|1|||||||"0"|"1"
970225|"05/04/2026 00:01:23"|"05/04/2026 00:02:31"|6|Error ocurred: Não é possível acessar o Automation Cloud. Pode ser uma flutuação de rede na máquina de runtime.Error Source: Retry Scope - Find Folder Year|"1"|"05/04/2026 00:02:31"|"3"|[NULL]|61|AWS-RPAP-006|0|BR|"543387d9-4006-413d-8fc6-b420f601e376"|"061.ROP.Insumos.Quebra.Sigilo.v2"|"1.0.13"|CoE Ops - BR/Nuinvest/Jud Orders|DOMAIN_TITULO\automacao.moperacoes|"0"|"1"
970121|"04/04/2026 18:05:20"|"04/04/2026 18:05:28"|6|Error ocurred: Conversion from string  to type Double is not valid.Error Source: Tasks\DataBase\InsertReasonMacros.xaml - Invoke Workflow File: Assign|"1"|"04/04/2026 18:05:28"|"3"|[NULL]|198|EC2AMAZ-9TPRIDL|1|BR|d1064577-64e0-4e5e-a7db-36694e938fb7|"198.OMB.Moderacoes.Reclame.Aqui"|"1.0.33"|CoE Ops - BR/Nubank/CompSol|ssmwindows\AUTOMACAO.MOPERACOES|"0"|"1"
969581|"03/04/2026 18:04:27"|"03/04/2026 18:04:36"|6|Error ocurred: Conversion from string  to type Double is not valid.Error Source: Tasks\DataBase\InsertReasonMacros.xaml - Invoke Workflow File: Assign|"1"|"03/04/2026 18:04:36"|"3"|[NULL]|198|EC2AMAZ-EEDQ776|1|BR|"1e0246e9-cad8-4995-980f-3616db8b9986"|"198.OMB.Moderacoes.Reclame.Aqui"|"1.0.33"|CoE Ops - BR/Nubank/CompSol|ssmwindows\AUTOMACAO.MOPERACOES|"0"|"1"
968722|"03/04/2026 00:00:41"|"03/04/2026 01:01:46"|6|Error ocurred: {requestId:69cf3b83e4b0ea33130417ff,name:2b0a64a8-6dd7-4682-8dc0-bd9e0e9bd42a,message:User is not authorized}Error Source: Retry Scope - Find Folder Year|"1"|"03/04/2026 01:01:46"|"3"|[NULL]|61|AWS-RPAP-003|0|BR|ba0d0e69-f833-44a5-91f3-d20ea2ab9fcb|"061.ROP.Insumos.Quebra.Sigilo.v2"|"1.0.13"|CoE Ops - BR/Nuinvest/Jud Orders|DOMAIN_TITULO\automacao.moperacoes|"0"|"1"
968624|"02/04/2026 20:28:26"|"02/04/2026 20:28:35"|6|Error ocurred: Conversion from string  to type Double is not valid.Error Source: Tasks\DataBase\InsertReasonMacros.xaml - Invoke Workflow File: Assign|"1"|"02/04/2026 20:28:35"|"3"|[NULL]|198|EC2AMAZ-ERHGKPJ|1|BR|"658a1095-af94-4bd2-b6a1-c45dd8bc4bd2"|"198.OMB.Moderacoes.Reclame.Aqui"|"1.0.33"|CoE Ops - BR/Nubank/CompSol|ssmwindows\automacao.moperacoes|"0"|"1"
968366|"02/04/2026 14:21:33"|"02/04/2026 19:13:23"|2|Error ocurred: A atividade For Each File/Folder com ID 29757 gerou ou propagou uma exceção durante seu cancelamento.Error Source: Perform.Elaw - Invoke Workflow File (Tasks\Elaw\Perform.Elaw.xaml)|"1"|"02/04/2026 19:13:23"|"3"|[NULL]|144|EC2AMAZ-EEDQ776|1|BR|"5a372019-636c-4589-8bee-68c702f03f8e"|"144.LGL.Retirada.Apontamento"|"1.3.16"|CoE Ops - BR/Nubank/Legal|ssmwindows\AUTOMACAO.MOPERACOES|"0"|"1"
968215|"02/04/2026 11:39:04"|"02/04/2026 11:40:31"|6|Error ocurred: CSV does not have rows|"1"|"02/04/2026 11:40:31"|"3"|[NULL]|222|EC2AMAZ-9TPRIDL|0|||||||"0"|"1"
967913|"02/04/2026 06:29:49"|"02/04/2026 06:29:58"|6|Error ocurred: Conversion from string  to type Double is not valid.Error Source: Tasks\DataBase\InsertReasonMacros.xaml - Invoke Workflow File: Assign|"1"|"02/04/2026 06:29:58"|"3"|[NULL]|198|EC2AMAZ-ERHGKPJ|1|BR|"2cfb56fb-e635-4d8b-9b68-d7e9f802568c"|"198.OMB.Moderacoes.Reclame.Aqui"|"1.0.33"|CoE Ops - BR/Nubank/CompSol|ssmwindows\automacao.moperacoes|"0"|"1"
967804|"02/04/2026 00:34:15"|"02/04/2026 00:34:48"|6|Error ocurred: Unexpected character encountered while parsing value: <. Path , line 0, position 0.Error Source: System.Activities|"1"|"02/04/2026 00:34:48"|"3"|[NULL]|61|AWS-RPAP-005|0|BR|fdb17802-36c8-454b-be11-0f2c462e85f9|"061.ROP.Insumos.Quebra.Sigilo.v2"|"1.0.13"|CoE Ops - BR/Nuinvest/Jud Orders|DOMAIN_TITULO\AUTOMACAO.MOPERACOES|"0"|"1"
967791|"02/04/2026 00:00:34"|"02/04/2026 00:33:29"|6|Nenhuma conexão pôde ser feita porque a máquina de destino as recusou ativamente. (sinacor.titulo.net:25149)|"1"|"02/04/2026 00:33:29"|"3"|[NULL]|48|AWS-RPAP-005|1|BR|"3aeef483-1f5d-4fb9-a294-b139f9b7d5a8"|"048.CX.Geracao.notas.tipo4"|"2.0.26"|CoE Ops - BR/Nuinvest/Ops PF|DOMAIN_TITULO\AUTOMACAO.MOPERACOES|"0"|"1"
967551|"01/04/2026 15:53:44"|"01/04/2026 17:27:36"|6|"Error ocurred: Não foi possível encontrar o elemento de interface gráfica para esta ação.

Possíveis soluções:
 ?  Verifique se o aplicativo está aberto e se o elemento de interface gráfica está visível na tela no tempo de execução
 ?  Edite o Destino da atividade de interface gráfica e use a Validação para depurar o problema.
 ?  Se necessário, indique novamente o elemento caso as propriedades dele tenham sido alteradas
 ?  Use a atividade Check state para verificar o estado do aplicativo antes de executar a ação
 ?  Aumente o valor de Delay before para o aplicativo fazer a renderização completa a tempo e se tornar responsivoError Source: Import.Payments.ReceiptElaw - Invoke Workflow File (Tasks\Import.Payments.ReceiptElaw.xaml): Retry Scope"|"1"|"01/04/2026 17:27:36"|"3"|[NULL]|157|EC2AMAZ-EEDQ776|1|BR|"3a32ae56-cb0b-428d-9a6b-cea88af6e45f"|"157.LGL.Payments.Receipt"|"1.0.28"|CoE Ops - BR/Nubank/Legal|ssmwindows\AUTOMACAO.MOPERACOES|"0"|"1"
967422|"01/04/2026 13:58:30"|"01/04/2026 13:59:33"|6|Error ocurred: Execution Timeout Expired.  The timeout period elapsed prior to completion of the operation or the server is not responding.Error Source: Core Microsoft SqlClient Data Provider|"1"|"01/04/2026 13:59:33"|"3"|[NULL]|167|EC2AMAZ-GC6B6R8|1|BR|f20f1212-e1fb-41b1-8bac-34231f0de844|"167.RegSol.Reativacao.Contas"|"1.0.16"|CoE Ops - BR/Nubank/AML-CFT|ssmwindows\AUTOMACAO.MOPERACOES|"0"|"1"
967366|"01/04/2026 12:33:57"|"01/04/2026 12:35:06"|6|Error ocurred: Execution Timeout Expired.  The timeout period elapsed prior to completion of the operation or the server is not responding.Error Source: Core Microsoft SqlClient Data Provider|"1"|"01/04/2026 12:35:06"|"3"|[NULL]|130|AWS-RPAP-003|1|BR|b0e2b3ac-3a7c-4439-a8bb-ab10be3c3869|"130.CX.Relatorios.Notas.API"|"1.1.2"|CoE Ops - BR/Nuinvest/Ops PF|DOMAIN_TITULO\AUTOMACAO.MOPERACOES|"0"|"1"
967340|"01/04/2026 12:08:34"|"01/04/2026 12:12:04"|2|Error ocurred: ORA-00936: missing expressionError Source: System.Activities|"1"|"01/04/2026 12:12:04"|"3"|[NULL]|237|EC2AMAZ-QDRLESV|2|BR||||||"0"|"1"
966592|"31/03/2026 16:15:36"|"31/03/2026 16:15:42"|6|{error:401,error_description:Usuário ou senha inválido, ou usuário bloqueado}|"1"|"31/03/2026 16:15:42"|"3"|[NULL]|48|AWS-RPAP-005|1|BR|"2fe09167-c707-4551-99be-e042a02010de"|"048.CX.Geracao.notas.tipo4"|"2.0.26"|CoE Ops - BR/Nuinvest/Ops PF|DOMAIN_TITULO\AUTOMACAO.MOPERACOES|"0"|"1"
966508|"31/03/2026 15:05:21"|"31/03/2026 15:14:14"|2|Error ocurred: O elemento de interface gráfica é inválido. Verifique se o aplicativo de destino está aberto e se o elemento está na tela.Error Source: Invoke CheckPeopleLinkedSincad workflow: Type Into INPUT|"1"|"31/03/2026 15:14:14"|"3"|[NULL]|21|AWS-RPAP-006|1|BR|"2b9bf333-31e3-43ca-8eea-553b4f20c080"|"021.ROP.Pessoas.Vinculadas"|"1.0.26"|CoE Ops - BR/Nuinvest/AML-CFT|DOMAIN_TITULO\automacao.moperacoes|"0"|"1"
966451|"31/03/2026 14:01:59"|"31/03/2026 14:12:46"|6|Error ocurred: The UI element is invalid. Make sure the target application is open and the element is on the screen.Error Source: Invoke CheckPeopleLinkedSincad workflow: Type Into INPUT|"1"|"31/03/2026 14:12:46"|"3"|[NULL]|21|AWS-RPAP-003|1|BR|"7b88276c-20de-42db-b0e0-c0d72a69e5ab"|"021.ROP.Pessoas.Vinculadas"|"1.0.26"|CoE Ops - BR/Nuinvest/AML-CFT|DOMAIN_TITULO\AUTOMACAO.MOPERACOES|"0"|"1"
966445|"31/03/2026 14:00:34"|"31/03/2026 14:00:42"|6|{error:401,error_description:Usuário ou senha inválido, ou usuário bloqueado}|"1"|"31/03/2026 14:00:42"|"3"|[NULL]|48|AWS-RPAP-005|1|BR|c840c179-209c-4f2c-bb54-190990d6a5e9|"048.CX.Geracao.notas.tipo4"|"2.0.26"|CoE Ops - BR/Nuinvest/Ops PF|DOMAIN_TITULO\AUTOMACAO.MOPERACOES|"0"|"1"
966365|"31/03/2026 12:21:49"|"31/03/2026 12:42:58"|6|Error ocurred: ORA-00936: missing expressionError Source: System.Activities|"1"|"31/03/2026 12:42:58"|"3"|[NULL]|237|EC2AMAZ-9TPRIDL|66|BR||||||"0"|"1"
966352|"31/03/2026 12:03:36"|"31/03/2026 12:30:51"|6|{error:401,error_description:Usuário ou senha inválido, ou usuário bloqueado}|"1"|"31/03/2026 12:30:51"|"3"|[NULL]|48|AWS-RPAP-005|1|BR|d2e49fc1-48f1-422a-ac91-c113b36f108c|"048.CX.Geracao.notas.tipo4"|"2.0.26"|CoE Ops - BR/Nuinvest/Ops PF|DOMAIN_TITULO\AUTOMACAO.MOPERACOES|"0"|"1"
966038|"31/03/2026 07:01:10"|"31/03/2026 11:05:47"|6|Error ocurred: Cannot communicate with the browser, please check the UiPath extension.Error Source: Retry Scope - SINCAD: Sincad Production|"1"|"31/03/2026 11:05:47"|"3"|[NULL]|95|AWS-RPAP-004|1|BR|"2ba73765-1aa7-4f81-8e63-cffd09242019"|"095.ROP.Taxa.Inatividade.B3.SINCAD"|"1.0.28"|CoE Ops - BR/Nuinvest/AML-CFT|DOMAIN_TITULO\AUTOMACAO.MOPERACOES|"0"|"1"
965913|"31/03/2026 01:55:13"|"31/03/2026 08:39:33"|6|Error ocurred: Error HRESULT E_FAIL has been returned from a call to a COM component.Error Source: Retry Scope|"1"|"31/03/2026 08:39:33"|"3"|[NULL]|156|EC2AMAZ-Q4IMKHB|1|BR|"21240c0f-d815-454d-a08d-83f98c554a37"|"156.ROP.Executa.STA.Nubank"|"1.0.13"|CoE Ops - BR/Nubank/Jud Orders|ssmwindows\AUTOMACAO.MOPERACOES|"0"|"1"
965879|"31/03/2026 00:23:49"|"31/03/2026 00:25:01"|6|Error ocurred: No Data to Process|"1"|"31/03/2026 00:25:01"|"3"|[NULL]|172|EC2AMAZ-GC6B6R8|1|BR|"21ba5943-a749-4df0-b6da-80648869c4ac"|"172.AML.CFT.CPF.Irregular.EMS"|"1.0.30"|CoE Ops - BR/Nubank/AML-CFT|ssmwindows\AUTOMACAO.MOPERACOES|"0"|"1"
965638|"30/03/2026 15:17:18"|"30/03/2026 17:23:36"|2|Error ocurred: Valor não pode ser nuloError Source: System.Activities|"1"|"30/03/2026 17:23:36"|"3"|[NULL]|173|EC2AMAZ-EEDQ776|445|BR|"5e4484e3-7894-4a29-80f1-9cd10135cdf7"|"173.CX.Declaracao.Collections"|"1.0.24"|CoE Ops - BR/Nubank/Ops PF||"0"|"1"
965491|"30/03/2026 12:01:08"|"30/03/2026 12:09:03"|6|"Error ocurred: Não foi possível encontrar o elemento de interface gráfica correspondente a este seletor:
<html app=chrome.exe title=SINCAD - Sistema de Cadastro Integrado B3 />

As correspondências mais próximas são:
[67%] <html app=chrome.exe title=corporativo.bvmfnet.com.br/icadx-web/pages/accounts/account/AccountMaintenance.jsf/>Error Source: 3Sincad.xaml - Invoke Workflow File: Sincad Production"|"1"|"30/03/2026 12:09:03"|"3"|[NULL]|192|AWS-RPAP-006|1|BR|f0fe30b4-7694-4b84-bf9a-80938d201ea2|"192.ROP.EncerramentoConta.PedidoCliente"|"1.0.26"|CoE Ops - BR/Nuinvest/AML-CFT|DOMAIN_TITULO\automacao.moperacoes|"0"|"1"
965442|"30/03/2026 11:00:28"|"30/03/2026 13:04:04"|2|Error ocurred: Value cannot be nullError Source: System.Activities|"1"|"30/03/2026 13:04:04"|"3"|[NULL]|173|EC2AMAZ-9TPRIDL|582|BR|"13b89c2b-a73f-4c90-85a7-d3f7a83c8189"|"173.CX.Declaracao.Collections"|"1.0.24"|CoE Ops - BR/Nubank/Ops PF||"0"|"1"
965274|"30/03/2026 08:09:04"|"30/03/2026 08:13:19"|6|Error ocurred: Object reference not set to an instance of an object.Error Source: System.Activities|"1"|"30/03/2026 08:13:19"|"3"|[NULL]|240|EC2AMAZ-ERHGKPJ|0|BR||||||"0"|"1"
965196|"30/03/2026 07:01:11"|"30/03/2026 07:08:15"|2|Error ocurred: The service sheets has thrown an exception. HttpStatusCode is BadRequest. Range (WLs - Individual - Ouvidoria!A4284) exceeds grid limits. Max rows: 4283, max columns: 13Error Source: Tasks\Get.Data.From.Spreadsheet.xaml : Retry Scope - Google Workspace Scope|"1"|"30/03/2026 07:08:15"|"3"|[NULL]|200|EC2AMAZ-ERHGKPJ|1|BR||||||"0"|"1"
965050|"30/03/2026 01:30:31"|"30/03/2026 11:52:14"|6|Error ocurred: Error HRESULT E_FAIL has been returned from a call to a COM component.Error Source: Retry Scope|"1"|"30/03/2026 11:52:14"|"3"|[NULL]|156|EC2AMAZ-QDRLESV|7|BR|ad5088df-fefd-4b56-ab6c-c469c5763bbe|"156.ROP.Executa.STA.Nubank"|"1.0.13"|CoE Ops - BR/Nubank/Jud Orders|ssmwindows\AUTOMACAO.MOPERACOES|"0"|"1"
964516|"29/03/2026 01:00:21"|"29/03/2026 01:00:42"|2|Error ocurred: Attempted to divide by zero.Error Source: If - Enviar Acompanhamento|"1"|"29/03/2026 01:00:42"|"3"|[NULL]|173|EC2AMAZ-9TPRIDL|1|BR|"6e4cb6b9-b7cc-406c-a460-6ddac450beab"|"173.CX.Declaracao.Collections"|"1.0.23"|CoE Ops - BR/Nubank/Ops PF||"0"|"1"
964156|"28/03/2026 08:01:19"|"28/03/2026 08:07:33"|6|Error ocurred: Sinacor login screen is not openError Source: Retry Scope Try Catch - Process System: Retry Scope - Sinacor Login|"1"|"28/03/2026 08:07:33"|"3"|[NULL]|130|AWS-RPAP-004|1|BR|fc94e5a3-3d1d-41e6-8751-4e389f83d244|"130.CX.Relatorios.Notas.SINACOR"|"1.1.2"|CoE Ops - BR/Nuinvest/Ops PF|DOMAIN_TITULO\automacao.moperacoes|"0"|"1"
964143|"28/03/2026 07:30:46"|"28/03/2026 07:34:29"|6|Error ocurred: Erro - Lista Macro esta vaziaError Source: System.Activities|"1"|"28/03/2026 07:34:29"|"3"|[NULL]|259|EC2AMAZ-NLK1TA2|24|BR|b8730fff-8a3d-43f6-96a4-82cd3364b447|"259-rpa-jud-quality-broker-automation"|"1.0.6"|CoE Ops - BR/Nubank/Jud Orders|ssmwindows\AUTOMACAO.MOPERACOES|"0"|"1"
964049|"28/03/2026 03:00:31"|"28/03/2026 03:00:39"|6|Nenhuma conexão pôde ser feita porque a máquina de destino as recusou ativamente. (sinacor.titulo.net:25149)|"1"|"28/03/2026 03:00:39"|"3"|[NULL]|48|AWS-RPAP-005|1|||||||"0"|"1"
964005|"28/03/2026 01:00:23"|"28/03/2026 01:00:45"|2|Error ocurred: Attempted to divide by zero.Error Source: If - Enviar Acompanhamento|"1"|"28/03/2026 01:00:45"|"3"|[NULL]|173|EC2AMAZ-9TPRIDL|1|BR|"4415552c-1ba6-44bc-81c7-433423de8949"|"173.CX.Declaracao.Collections"|"1.0.23"|CoE Ops - BR/Nubank/Ops PF||"0"|"1"
963983|"28/03/2026 00:00:30"|"28/03/2026 00:00:37"|6|Nenhuma conexão pôde ser feita porque a máquina de destino as recusou ativamente. (sinacor.titulo.net:25149)|"1"|"28/03/2026 00:00:37"|"3"|[NULL]|48|AWS-RPAP-005|1|||||||"0"|"1"
963933|"27/03/2026 22:09:02"|"27/03/2026 22:09:09"|6|Nenhuma conexão pôde ser feita porque a máquina de destino as recusou ativamente. (sinacor.titulo.net:25149)|"1"|"27/03/2026 22:09:09"|"3"|[NULL]|48|AWS-RPAP-005|1|||||||"0"|"1"
963925|"27/03/2026 21:48:38"|"27/03/2026 22:31:21"|6|"Error ocurred: Could not find the user-interface (UI) element for this action.

Possible solutions:
 ?  Ensure application is opened and the UI element is visible on the screen at execution time
 ?  Edit the Target of the UI activity and use Validation to debug the issue.
 ?  If needed, re-indicate the element as its properties might have changed
 ?  Use Check state activity to check the application state before executing the action
 ?  Increase the Delay before value to allow time to the application to render entirely and become responsiveError Source: Import.Payments.ReceiptElaw - Invoke Workflow File (Tasks\Import.Payments.ReceiptElaw.xaml): Retry Scope"|"1"|"27/03/2026 22:31:21"|"3"|[NULL]|157|EC2AMAZ-QDRLESV|1|BR|"2f4a466d-0343-4a46-9287-fa178ce76ff2"|"157.LGL.Payments.Receipt"|"1.0.27"|CoE Ops - BR/Nubank/Legal|ssmwindows\AUTOMACAO.MOPERACOES|"0"|"1"
963877|"27/03/2026 20:25:33"|"27/03/2026 22:08:31"|6|Nenhuma conexão pôde ser feita porque a máquina de destino as recusou ativamente. (sinacor.titulo.net:25149)|"1"|"27/03/2026 22:08:31"|"3"|[NULL]|48|AWS-RPAP-005|1|||||||"0"|"1"
963813|"27/03/2026 18:20:42"|"27/03/2026 18:23:57"|2|Error ocurred: The input string 1,400,00 was not in a correct format.Error Source: System.Activities|"1"|"27/03/2026 18:23:57"|"3"|[NULL]|277|EC2AMAZ-QDRLESV|4|BR|"47d23e60-8bfa-466c-b5a3-09a5368f48af"|"277.SEC.CSI.Banks"|"1.0.7"|CoE Ops - BR/Nubank/Ops Sec|ssmwindows\AUTOMACAO.MOPERACOES|"0"|"1"
963659|"27/03/2026 15:38:19"|"27/03/2026 15:38:29"|6|Error ocurred: Errro - Input Sheet Not Found in Thread on judqualiter-seniors channel|"1"|"27/03/2026 15:38:29"|"3"|[NULL]|259|EC2AMAZ-9TPRIDL|0|BR|"27bbccaa-ab6b-4d4b-bc89-22b351304869"|"259-rpa-jud-quality-broker-automation"|"1.0.6"|CoE Ops - BR/Nubank/Jud Orders|ssmwindows\AUTOMACAO.MOPERACOES|"0"|"1"
963447|"27/03/2026 12:35:27"|"27/03/2026 12:36:57"|6|Error ocurred: The input string 6,001,90 was not in a correct format.Error Source: System.Activities|"1"|"27/03/2026 12:36:57"|"3"|[NULL]|277|EC2AMAZ-QDRLESV|0|BR|"992068b4-23a2-44a3-92fc-9cabd75bcf33"|"277.SEC.CSI.Banks"|"1.0.6"|CoE Ops - BR/Nubank/Ops Sec|ssmwindows\AUTOMACAO.MOPERACOES|"0"|"1"
963418|"27/03/2026 12:05:10"|"27/03/2026 15:30:02"|6|Error ocurred: Cetip URL https://corporativo.bvmfnet.com.br/icadx-web/pages/default.jsf was not opened successfullyError Source: 3Sincad - Fraude - Invoke Workflow File (Tasks\Fraudes\3Sincad - Fraude.xaml): Retry Scope|"1"|"27/03/2026 15:30:02"|"3"|[NULL]|192|AWS-RPAP-003|1|BR|"7db20cc9-a246-47fd-9a85-a7e114e59a22"|"192.ROP.EncerramentoConta.Fraudes"|"1.0.26"|CoE Ops - BR/Nuinvest/AML-CFT|DOMAIN_TITULO\AUTOMACAO.MOPERACOES|"0"|"1"
963133|"27/03/2026 07:38:11"|"27/03/2026 07:38:21"|6|Error ocurred: Errro - Input Sheet Not Found in Thread on judqualiter-seniors channel|"1"|"27/03/2026 07:38:21"|"3"|[NULL]|259|EC2AMAZ-ERHGKPJ|0|BR|b93f044d-843c-4ba7-b0f5-ff5ae5e77b27|"259-rpa-jud-quality-broker-automation"|"1.0.6"|CoE Ops - BR/Nubank/Jud Orders|ssmwindows\automacao.moperacoes|"0"|"1"
962785|"26/03/2026 19:19:03"|"26/03/2026 20:10:33"|6|"Error ocurred: Ocorreu 3 vezes, o seguinte erro: Cannot select item. It was not found among existing items.
TIP: Some combo-boxes delay load items until its dropdown is expanded. Try to simulate a click on control prior to selecting an item.Error Source: Throw"|"1"|"26/03/2026 20:10:33"|"3"|[NULL]|201|EC2AMAZ-9TPRIDL|1|BR|"8afd208d-16d6-457c-9a46-89da3c092e32"|"201.OMB.V2.Recebimento.Dos.Casos.Procon.STEP2"|"201.OMB.V2.Recebimento.Dos.Casos.Procon.STEP2"|CoE Ops - BR/Nubank/CompSol|ssmwindows\AUTOMACAO.MOPERACOES|"0"|"1"
962663|"26/03/2026 16:17:09"|"26/03/2026 16:43:10"|6|"Error ocurred: Could not find the user-interface (UI) element for this action.

Possible solutions:
 ?  Ensure application is opened and the UI element is visible on the screen at execution time
 ?  Edit the Target of the UI activity and use Validation to debug the issue.
 ?  If needed, re-indicate the element as its properties might have changed
 ?  Use Check state activity to check the application state before executing the action
 ?  Increase the Delay before value to allow time to the application to render entirely and become responsiveError Source: Perform.Serasa - Invoke Workflow File (Tasks\Perform.Serasa.xaml): Login.Serasa - Invoke Workflow File (Login.Serasa.xaml): Get assets and Login"|"1"|"26/03/2026 16:43:10"|"3"|[NULL]|144|EC2AMAZ-Q4IMKHB|1|BR|"2a978ba3-1a11-46ee-9319-e11402ff2406"|"144.LGL.Retirada.Apontamento"|"1.3.16"|CoE Ops - BR/Nubank/Legal|ssmwindows\AUTOMACAO.MOPERACOES|"0"|"1"
962596|"26/03/2026 15:09:01"|"26/03/2026 20:32:01"|6|Falha ao fazer download do relatorio no SinacorWeb|"1"|"26/03/2026 20:32:01"|"3"|[NULL]|48|AWS-RPAP-005|1|||||||"0"|"1"
962231|"26/03/2026 08:39:47"|"26/03/2026 08:41:53"|2|Error ocurred: ORA-00936: missing expressionError Source: Oracle Data Provider for .NET, Managed Driver|"1"|"26/03/2026 08:41:53"|"3"|[NULL]|179|EC2AMAZ-Q4IMKHB|1|||||||"0"|"1"
961911|"25/03/2026 19:17:28"|"25/03/2026 21:49:16"|6|"Error ocurred: Could not find the user-interface (UI) element for this action.

Possible solutions:
 ?  Ensure application is opened and the UI element is visible on the screen at execution time
 ?  Edit the Target of the UI activity and use Validation to debug the issue.
 ?  If needed, re-indicate the element as its properties might have changed
 ?  Use Check state activity to check the application state before executing the action
 ?  Increase the Delay before value to allow time to the application to render entirely and become responsiveError Source: Retry Scope - SINCAD: Select Item Tipo da Conta"|"1"|"25/03/2026 21:49:16"|"3"|[NULL]|95|AWS-RPAP-003|1|BR|e04f5ca2-249e-4ef5-86fe-3b342c66334a|"095.ROP.Taxa.Inatividade.B3.SINCAD"|"1.0.27"|CoE Ops - BR/Nuinvest/AML-CFT|DOMAIN_TITULO\AUTOMACAO.MOPERACOES|"0"|"1"
961907|"25/03/2026 19:13:54"|"25/03/2026 19:14:18"|6|Error ocurred: ORA-00911: invalid characterError Source: Oracle Data Provider for .NET, Managed Driver|"1"|"25/03/2026 19:14:18"|"3"|[NULL]|277|EC2AMAZ-9TPRIDL|0|BR|"2a54633b-4448-407c-a274-3cd278c4f5d4"|"277.SEC.CSI.Banks"|"1.0.4"|CoE Ops - BR/Nubank/Ops Sec|ssmwindows\AUTOMACAO.MOPERACOES|"0"|"1"
961878|"25/03/2026 18:07:31"|"25/03/2026 19:32:02"|6|Error ocurred: Cetip URL https://corporativo.bvmfnet.com.br/icadx-web/pages/default.jsf was not opened successfullyError Source: 3Sincad - Fraude - Invoke Workflow File (Tasks\Fraudes\3Sincad - Fraude.xaml): Retry Scope|"1"|"25/03/2026 19:32:02"|"3"|[NULL]|192|AWS-RPAP-004|1|BR|d64c050a-3e39-4c5d-9e3f-a2112bd08276|"192.ROP.EncerramentoConta.Fraudes"|"1.0.26"|CoE Ops - BR/Nuinvest/AML-CFT|DOMAIN_TITULO\automacao.moperacoes|"0"|"1"
961689|"25/03/2026 14:26:27"|"25/03/2026 14:26:59"|6|Error ocurred: The request timed-out.Error Source: HTTP chat.postMessage|"1"|"25/03/2026 14:26:59"|"3"|[NULL]|238|EC2AMAZ-NLK1TA2|0|BR||||||"0"|"1"
961601|"25/03/2026 12:41:34"|"25/03/2026 14:16:38"|6|"Error ocurred: Error message found [Relatório: Emissões de Faturas PeríodoNúmero: 20526Descrição: Error in File \\titulo.net\FileServer\NuInvest\Virtual\Renda Fixa\FATURAEASY.RPT:
No default printer.]Error Source: System.Private.CoreLib"|"1"|"25/03/2026 14:16:38"|"3"|[NULL]|130|AWS-RPAP-004|1|BR|"3e02cd44-c9c5-4f7e-8735-f9cb156c0a0f"|"130.CX.Relatorios.Notas.VIRTUAL.SPB"|"1.1.1"|CoE Ops - BR/Nuinvest/Ops PF|DOMAIN_TITULO\automacao.moperacoes|"0"|"1"
961533|"25/03/2026 11:27:16"|"25/03/2026 15:33:51"|6|Error ocurred: Sincad login unsuccessfulError Source: Retry Scope - SINCAD: Throw|"1"|"25/03/2026 15:33:51"|"3"|[NULL]|95|AWS-RPAP-001|1|BR|"9fe52875-c1f4-49b3-9ed1-a2eb01ba652a"|"095.ROP.Taxa.Inatividade.B3"|"1.0.26"|Shared|DOMAIN_TITULO\matheus.rubio.gft|"0"|"1"
961226|"25/03/2026 07:01:05"|"25/03/2026 12:22:14"|6|Error ocurred: Cetip URL https://corporativo.bvmfnet.com.br/icadx-web/pages/default.jsf was not opened successfullyError Source: Retry Scope: Throw|"1"|"25/03/2026 12:22:14"|"3"|[NULL]|95|AWS-RPAP-005|1|BR|"1402cc17-c434-4630-9cf4-069f116c65d5"|"095.ROP.Taxa.Inatividade.B3.SINCAD"|"1.0.26"|CoE Ops - BR/Nuinvest/AML-CFT|DOMAIN_TITULO\AUTOMACAO.MOPERACOES|"0"|"1"
960932|"24/03/2026 20:00:28"|"24/03/2026 20:32:05"|6|Sinacor application error - Report not generated in time. No action required.|"1"|"24/03/2026 20:32:05"|"3"|[NULL]|48|AWS-RPAP-005|1|||||||"0"|"1"
960917|"24/03/2026 19:37:01"|"24/03/2026 21:11:02"|6|"Error ocurred: Could not find the user-interface (UI) element for this action.

Possible solutions:
 ?  Ensure application is opened and the UI element is visible on the screen at execution time
 ?  Edit the Target of the UI activity and use Validation to debug the issue.
 ?  If needed, re-indicate the element as its properties might have changed
 ?  Use Check state activity to check the application state before executing the action
 ?  Increase the Delay before value to allow time to the application to render entirely and become responsiveError Source: Retry Scope: Select Item Tipo da Conta"|"1"|"24/03/2026 21:11:02"|"3"|[NULL]|95|AWS-RPAP-004|1|BR|dc54e91b-ffad-411a-8387-cde9b09ae88b|"095.ROP.Taxa.Inatividade.B3.SINCAD"|"1.0.26"|CoE Ops - BR/Nuinvest/AML-CFT|DOMAIN_TITULO\automacao.moperacoes|"0"|"1"
960904|"24/03/2026 19:16:48"|"24/03/2026 19:17:50"|6|Error ocurred: ORA-00936: missing expressionError Source: System.Activities|"1"|"24/03/2026 19:17:50"|"3"|[NULL]|275|EC2AMAZ-NLK1TA2|0|BR|"80ff855e-4be5-42cd-8e31-85ede9e64e0c"|"275.CX.Estate.Duplicate.Zendesk "|"1.0.4"|CoE Ops - BR/Nubank/Ops PF|ssmwindows\AUTOMACAO.MOPERACOES|"0"|"1"
960862|"24/03/2026 18:05:54"|"24/03/2026 18:07:29"|6|Error ocurred: ORA-00936: missing expressionError Source: System.Activities|"1"|"24/03/2026 18:07:29"|"3"|[NULL]|275|EC2AMAZ-QDRLESV|0|BR|"513bcfad-e1ba-43a5-82d3-25596a77cbc6"|"275.CX.Estate.Duplicate.Zendesk "|"1.0.4"|CoE Ops - BR/Nubank/Ops PF|ssmwindows\AUTOMACAO.MOPERACOES|"0"|"1"
960762|"24/03/2026 15:34:17"|"24/03/2026 21:04:26"|6|"Error ocurred: Não foi possível encontrar o elemento de interface gráfica para esta ação.

Possíveis soluções:
 ?  Verifique se o aplicativo está aberto e se o elemento de interface gráfica está visível na tela no tempo de execução
 ?  Edite o Destino da atividade de interface gráfica e use a Validação para depurar o problema.
 ?  Se necessário, indique novamente o elemento caso as propriedades dele tenham sido alteradas
 ?  Use a atividade Check state para verificar o estado do aplicativo antes de executar a ação
 ?  Aumente o valor de Delay before para o aplicativo fazer a renderização completa a tempo e se tornar responsivoError Source: Retry Scope - SINCAD: Select Item Tipo da Conta"|"1"|"24/03/2026 21:04:26"|"3"|[NULL]|95|AWS-RPAP-001|1|BR|a554ca54-cb2f-4966-82cf-74956b335c87|"095.ROP.Taxa.Inatividade.B3"|"1.0.26"|Shared|DOMAIN_TITULO\matheus.rubio.gft|"0"|"1"
960713|"24/03/2026 15:00:29"|"24/03/2026 15:33:54"|6|Sinacor application error - Report not generated in time. No action required.|"1"|"24/03/2026 15:33:54"|"3"|[NULL]|48|AWS-RPAP-005|1|||||||"0"|"1"
960710|"24/03/2026 14:58:42"|"24/03/2026 19:08:27"|6|"Error ocurred: Não foi possível encontrar o elemento de interface gráfica para esta ação.

Possíveis soluções:
 ?  Verifique se o aplicativo está aberto e se o elemento de interface gráfica está visível na tela no tempo de execução
 ?  Edite o Destino da atividade de interface gráfica e use a Validação para depurar o problema.
 ?  Se necessário, indique novamente o elemento caso as propriedades dele tenham sido alteradas
 ?  Use a atividade Check state para verificar o estado do aplicativo antes de executar a ação
 ?  Aumente o valor de Delay before para o aplicativo fazer a renderização completa a tempo e se tornar responsivoError Source: Retry Scope: Select Item Tipo da Conta"|"1"|"24/03/2026 19:08:27"|"3"|[NULL]|95|AWS-RPAP-006|1|BR|"0e2b985f-9e96-4d31-9358-178911f77e10"|"095.ROP.Taxa.Inatividade.B3.SINCAD"|"1.0.26"|CoE Ops - BR/Nuinvest/AML-CFT|DOMAIN_TITULO\AUTOMACAO.MOPERACOES|"0"|"1"
960660|"24/03/2026 14:13:19"|"24/03/2026 14:27:11"|6|Error ocurred: Timeout reached.Error Source: Tasks\CheckPeopleChangedBU.xaml - Invoke Workflow File: Click INPUT mainForm:btnLogout|"1"|"24/03/2026 14:27:11"|"3"|[NULL]|21|AWS-RPAP-004|1|BR|"8ed9bc08-0775-453c-a459-412dc732517f"|"021.ROP.Pessoas.Vinculadas"|"1.0.26"|CoE Ops - BR/Nuinvest/AML-CFT|DOMAIN_TITULO\automacao.moperacoes|"0"|"1"
960557|"24/03/2026 12:03:28"|"24/03/2026 15:13:21"|6|Error ocurred: Cetip URL https://corporativo.bvmfnet.com.br/icadx-web/pages/default.jsf was not opened successfullyError Source: 3Sincad - Fraude - Invoke Workflow File (Tasks\Fraudes\3Sincad - Fraude.xaml): Retry Scope|"1"|"24/03/2026 15:13:21"|"3"|[NULL]|192|AWS-RPAP-003|1|BR|"223cf200-24a0-494e-b3c8-72a2ad82a249"|"192.ROP.EncerramentoConta.Fraudes"|"1.0.26"|CoE Ops - BR/Nuinvest/AML-CFT|DOMAIN_TITULO\AUTOMACAO.MOPERACOES|"0"|"1"
960460|"24/03/2026 10:29:09"|"24/03/2026 11:00:48"|6|Sinacor application error - Report not generated in time. No action required.|"1"|"24/03/2026 11:00:48"|"3"|[NULL]|48|AWS-RPAP-005|1|||||||"0"|"1"
960222|"24/03/2026 04:00:21"|"24/03/2026 05:34:09"|6|"Error ocurred: Error message found [Relatório: Emissões de Faturas PeríodoNúmero: 20526Descrição: Error in File \\titulo.net\FileServer\NuInvest\Virtual\Renda Fixa\FATURAEASY.RPT:
No default printer.]Error Source: System.Private.CoreLib"|"1"|"24/03/2026 05:34:09"|"3"|[NULL]|130|AWS-RPAP-004|1|BR|d95b9023-a3b8-4b54-9fde-19892ac63a1f|"130.CX.Relatorios.Notas.VIRTUAL.SPB"|"1.1.1"|CoE Ops - BR/Nuinvest/Ops PF|DOMAIN_TITULO\automacao.moperacoes|"0"|"1"
960160|"23/03/2026 23:00:23"|"24/03/2026 00:33:52"|6|"Error ocurred: Error message found [Relatório: Emissões de Faturas PeríodoNúmero: 20526Descrição: Error in File \\titulo.net\FileServer\NuInvest\Virtual\Renda Fixa\FATURAEASY.RPT:
No default printer.]Error Source: System.Private.CoreLib"|"1"|"24/03/2026 00:33:52"|"3"|[NULL]|130|AWS-RPAP-004|1|BR|"7b879e73-d459-4518-aba1-147699f05f05"|"130.CX.Relatorios.Notas.VIRTUAL.SPB"|"1.1.1"|CoE Ops - BR/Nuinvest/Ops PF|DOMAIN_TITULO\automacao.moperacoes|"0"|"1"
960058|"23/03/2026 18:52:43"|"24/03/2026 10:28:33"|6|Sinacor application error - Report not generated in time. No action required.|"1"|"24/03/2026 10:28:33"|"3"|[NULL]|48|AWS-RPAP-005|1|||||||"0"|"1"
959983|"23/03/2026 16:34:07"|"24/03/2026 18:09:53"|2|Error ocurred: Object reference not set to an instance of an object.Error Source: Tasks\EMS.Direct.Query.Get.Customer.Data.xaml - Invoke Workflow File: Tasks\Get.Savings.Account.Created.At.xaml - Invoke Workflow File: Retry Scope - Saving Account Table|"1"|"24/03/2026 18:09:53"|"3"|[NULL]|146|EC2AMAZ-EEDQ776|0|BR|e4845aeb-e1dd-45b2-a6dd-3dae92a4ee3c|"146.RegSol.KYC.Customer.Data.Extraction"|"2.0.18"|CoE Ops - BR/Nubank/AML-CFT|ssmwindows\AUTOMACAO.MOPERACOES|"0"|"1"
959625|"23/03/2026 10:00:28"|"23/03/2026 12:29:22"|6|Sinacor application error - Report not generated in time. No action required.|"1"|"23/03/2026 12:29:22"|"3"|[NULL]|48|AWS-RPAP-005|1|||||||"0"|"1"
959612|"23/03/2026 09:48:48"|"23/03/2026 10:22:42"|2|"Error ocurred: Ocorreu 3 vezes, o seguinte erro: Could not find the user-interface (UI) element for this action.

Possible solutions:
 ?  Ensure application is opened and the UI element is visible on the screen at execution time
 ?  Edit the Target of the UI activity and use Validation to debug the issue.
 ?  If needed, re-indicate the element as its properties might have changed
 ?  Use Check state activity to check the application state before executing the action
 ?  Increase the Delay before value to allow time to the application to render entirely and become responsiveError Source: Throw"|"1"|"23/03/2026 10:22:42"|"3"|[NULL]|201|EC2AMAZ-ERHGKPJ|1|BR|"241e1619-89c5-4302-8d07-e30eb737457a"|"201.OMB.V2.Recebimento.Dos.Casos.Procon.STEP2"|"201.OMB.V2.Recebimento.Dos.Casos.Procon.STEP2"|CoE Ops - BR/Nubank/CompSol|ssmwindows\automacao.moperacoes|"0"|"1"
959352|"23/03/2026 04:00:39"|"23/03/2026 06:24:30"|6|Error ocurred: Janela Salvar Como não encontrada para o user [016636194-1]Error Source: System.Private.CoreLib|"1"|"23/03/2026 06:24:30"|"3"|[NULL]|130|AWS-RPAP-004|1|BR|"33b292cf-9cb2-4a2c-84a8-46a1568da632"|"130.CX.Relatorios.Notas.VIRTUAL.SPB"|"1.1.1"|CoE Ops - BR/Nuinvest/Ops PF|DOMAIN_TITULO\AUTOMACAO.MOPERACOES|"0"|"1"
959302|"23/03/2026 01:36:21"|"23/03/2026 12:04:43"|6|Error ocurred: Error HRESULT E_FAIL has been returned from a call to a COM component.Error Source: Retry Scope|"1"|"23/03/2026 12:04:43"|"3"|[NULL]|156|EC2AMAZ-Q4IMKHB|47|BR|"1d035713-b245-4103-8ac8-5207632ac7ae"|"156.ROP.Executa.STA.Nubank"|"1.0.13"|CoE Ops - BR/Nubank/Jud Orders|ssmwindows\AUTOMACAO.MOPERACOES|"0"|"1"
959235|"22/03/2026 23:00:41"|"23/03/2026 01:24:23"|6|Error ocurred: Janela Salvar Como não encontrada para o user [016636194-1]Error Source: System.Private.CoreLib|"1"|"23/03/2026 01:24:23"|"3"|[NULL]|130|AWS-RPAP-004|1|BR|"1e388801-40bd-40dd-ab54-9380c67589cc"|"130.CX.Relatorios.Notas.VIRTUAL.SPB"|"1.1.1"|CoE Ops - BR/Nuinvest/Ops PF|DOMAIN_TITULO\AUTOMACAO.MOPERACOES|"0"|"1"
958872|"22/03/2026 04:00:35"|"22/03/2026 06:24:12"|6|Error ocurred: Janela Salvar Como não encontrada para o user [016636194-1]Error Source: System.Private.CoreLib|"1"|"22/03/2026 06:24:12"|"3"|[NULL]|130|AWS-RPAP-004|1|BR|"91e68d9f-3f36-49cd-b735-14b32ff60370"|"130.CX.Relatorios.Notas.VIRTUAL.SPB"|"1.1.1"|CoE Ops - BR/Nuinvest/Ops PF|DOMAIN_TITULO\AUTOMACAO.MOPERACOES|"0"|"1"
958779|"21/03/2026 23:00:41"|"22/03/2026 01:24:19"|6|Error ocurred: Janela Salvar Como não encontrada para o user [016636194-1]Error Source: System.Private.CoreLib|"1"|"22/03/2026 01:24:19"|"3"|[NULL]|130|AWS-RPAP-004|1|BR|"08c17ce7-f293-4f62-878c-3a8dcbaaa1fb"|"130.CX.Relatorios.Notas.VIRTUAL.SPB"|"1.1.1"|CoE Ops - BR/Nuinvest/Ops PF|DOMAIN_TITULO\AUTOMACAO.MOPERACOES|"0"|"1"
958415|"21/03/2026 04:00:26"|"21/03/2026 06:24:09"|6|Error ocurred: Janela Salvar Como não encontrada para o user [016636194-1]Error Source: System.Private.CoreLib|"1"|"21/03/2026 06:24:09"|"3"|[NULL]|130|AWS-RPAP-004|1|BR|fba13a24-a67d-44a8-b82b-d5133e4d60d6|"130.CX.Relatorios.Notas.VIRTUAL.SPB"|"1.1.1"|CoE Ops - BR/Nuinvest/Ops PF|DOMAIN_TITULO\automacao.moperacoes|"0"|"1"
958376|"21/03/2026 01:33:03"|"21/03/2026 09:02:49"|6|"Error ocurred: Could not open target application.
Specified file path \\nub-ccs-app\JDCCS\Cabines\PCabineCCS_JUD.exe does not refer to an existing file.Error Source: Retry Scope"|"1"|"21/03/2026 09:02:49"|"3"|[NULL]|156|EC2AMAZ-NLK1TA2|9|BR|"35d638e2-3d45-4895-8814-eb6616add11f"|"156.ROP.Executa.STA.Nubank"|"1.0.13"|CoE Ops - BR/Nubank/Jud Orders|ssmwindows\AUTOMACAO.MOPERACOES|"0"|"1"
958356|"21/03/2026 01:00:09"|"21/03/2026 03:24:19"|6|Error ocurred: Janela Salvar Como não encontrada para o user [016636194-1]Error Source: System.Private.CoreLib|"1"|"21/03/2026 03:24:19"|"3"|[NULL]|130|AWS-RPAP-004|1|BR|dbe81dbf-897b-4832-91f7-7a67435164b3|"130.CX.Relatorios.Notas.VIRTUAL.SPB"|"1.1.1"|CoE Ops - BR/Nuinvest/Ops PF|DOMAIN_TITULO\automacao.moperacoes|"0"|"1"
958046|"20/03/2026 16:26:55"|"20/03/2026 17:08:49"|6|Sinacor application error - Report not generated in time. No action required.|"1"|"20/03/2026 17:08:49"|"3"|[NULL]|48|AWS-RPAP-001|1|BR|"95544a85-0504-4729-abf9-27c9bb16266f"|"048.CX.Geracao.notas.tipo4"|"2.0.25"|Shared|DOMAIN_TITULO\matheus.rubio.gft|"0"|"1"
958036|"20/03/2026 16:11:15"|"20/03/2026 16:25:33"|6|"Error ocurred: Could not find the user-interface (UI) element for this action.

Possible solutions:
 ?  Ensure application is opened and the UI element is visible on the screen at execution time
 ?  Edit the Target of the UI activity and use Validation to debug the issue.
 ?  If needed, re-indicate the element as its properties might have changed
 ?  Use Check state activity to check the application state before executing the action
 ?  Increase the Delay before value to allow time to the application to render entirely and become responsiveError Source: Perform.Serasa - Invoke Workflow File (Tasks\Perform.Serasa.xaml): Login.Serasa - Invoke Workflow File (Login.Serasa.xaml): Get assets and Login"|"1"|"20/03/2026 16:25:33"|"3"|[NULL]|144|EC2AMAZ-Q4IMKHB|1|BR|"4ef8fdbf-9559-469a-9eaf-b2bfa7e63ab6"|"144.LGL.Retirada.Apontamento"|"1.3.16"|CoE Ops - BR/Nubank/Legal|ssmwindows\AUTOMACAO.MOPERACOES|"0"|"1"
957946|"20/03/2026 14:41:42"|"20/03/2026 15:19:30"|6|"Error ocurred: Ocorreu 3 vezes, o seguinte erro: Could not find the user-interface (UI) element for this action.

Possible solutions:
 ?  Ensure application is opened and the UI element is visible on the screen at execution time
 ?  Edit the Target of the UI activity and use Validation to debug the issue.
 ?  If needed, re-indicate the element as its properties might have changed
 ?  Use Check state activity to check the application state before executing the action
 ?  Increase the Delay before value to allow time to the application to render entirely and become responsiveError Source: Throw"|"1"|"20/03/2026 15:19:30"|"3"|[NULL]|201|EC2AMAZ-ERHGKPJ|1|BR|"3f7b95a2-df7a-4e9d-b708-35b35e281b98"|"201.OMB.V2.Recebimento.Dos.Casos.Procon.STEP2"|"201.OMB.V2.Recebimento.Dos.Casos.Procon.STEP2"|CoE Ops - BR/Nubank/CompSol|ssmwindows\automacao.moperacoes|"0"|"1"
957784|"20/03/2026 11:14:02"|"20/03/2026 17:07:37"|6|Sinacor application error - Report not generated in time. No action required.|"1"|"20/03/2026 17:07:37"|"3"|[NULL]|48|AWS-RPAP-005|1|||||||"0"|"1"
957754|"20/03/2026 10:45:29"|"20/03/2026 10:48:34"|2|Error ocurred: Erro - Lista Macro esta vaziaError Source: System.Activities|"1"|"20/03/2026 10:48:34"|"3"|[NULL]|259|EC2AMAZ-9TPRIDL|23|BR|"8cd07406-8936-47df-85d7-915bf5acaa50"|"259-rpa-jud-quality-broker-automation"|"1.0.5"|CoE Ops - BR/Nubank/Jud Orders|ssmwindows\AUTOMACAO.MOPERACOES|"0"|"1"
957390|"20/03/2026 01:17:09"|"20/03/2026 01:20:16"|2|Error ocurred: ORA-00936: missing expressionError Source: Oracle Data Provider for .NET, Managed Driver|"1"|"20/03/2026 01:20:16"|"3"|[NULL]|179|EC2AMAZ-QDRLESV|1|||||||"0"|"1"
957388|"20/03/2026 01:09:29"|"20/03/2026 01:16:47"|2|Error ocurred: Error opening document, make sure Word application is installed. If already installed, an Office Repair may be required.Error Source: Customer Document|"1"|"20/03/2026 01:16:47"|"3"|[NULL]|173|EC2AMAZ-QDRLESV|1|BR|"7680fbe7-5f7b-44b8-b702-8770f8376e03"|"173.CX.Declaracao.Collections"|"1.0.21"|CoE Ops - BR/Nubank/Ops PF||"0"|"1"
957166|"19/03/2026 18:11:28"|"19/03/2026 18:11:33"|2|ORA-00911: invalid character|"1"|"19/03/2026 18:11:33"|"3"|[NULL]|48|AWS-RPAP-005|1|||||||"0"|"1"
957143|"19/03/2026 17:56:50"|"19/03/2026 21:35:55"|6|"Error ocurred: Não foi possível encontrar o elemento de interface gráfica para esta ação.

Possíveis soluções:
 ?  Verifique se o aplicativo está aberto e se o elemento de interface gráfica está visível na tela no tempo de execução
 ?  Edite o Destino da atividade de interface gráfica e use a Validação para depurar o problema.
 ?  Se necessário, indique novamente o elemento caso as propriedades dele tenham sido alteradas
 ?  Use a atividade Check state para verificar o estado do aplicativo antes de executar a ação
 ?  Aumente o valor de Delay before para o aplicativo fazer a renderização completa a tempo e se tornar responsivoError Source: Retry Scope: Select Item Tipo da Conta"|"1"|"19/03/2026 21:35:55"|"3"|[NULL]|95|AWS-RPAP-001|1|BR|b3e2bd7b-a1f1-497f-b5c6-c9c5e751a32c|"095.ROP.Taxa.Inatividade.B3"|"1.0.26"|Shared|DOMAIN_TITULO\matheus.rubio.gft|"0"|"1"
957066|"19/03/2026 16:48:50"|"19/03/2026 21:35:26"|6|"Error ocurred: Could not find the user-interface (UI) element for this action.

Possible solutions:
 ?  Ensure application is opened and the UI element is visible on the screen at execution time
 ?  Edit the Target of the UI activity and use Validation to debug the issue.
 ?  If needed, re-indicate the element as its properties might have changed
 ?  Use Check state activity to check the application state before executing the action
 ?  Increase the Delay before value to allow time to the application to render entirely and become responsiveError Source: Retry Scope: Select Item Tipo da Conta"|"1"|"19/03/2026 21:35:26"|"3"|[NULL]|95|AWS-RPAP-003|1|BR|"47d54dd4-59b9-475d-abf9-b22dc9610496"|"095.ROP.Taxa.Inatividade.B3.SINCAD"|"1.0.26"|CoE Ops - BR/Nuinvest/AML-CFT|DOMAIN_TITULO\AUTOMACAO.MOPERACOES|"0"|"1"
956756|"19/03/2026 11:02:07"|"19/03/2026 11:31:16"|6|"Error ocurred: Could not find the user-interface (UI) element for this action.

Possible solutions:
 ?  Ensure application is opened and the UI element is visible on the screen at execution time
 ?  Edit the Target of the UI activity and use Validation to debug the issue.
 ?  If needed, re-indicate the element as its properties might have changed
 ?  Use Check state activity to check the application state before executing the action
 ?  Increase the Delay before value to allow time to the application to render entirely and become responsiveError Source: Import.Payments.ReceiptElaw - Invoke Workflow File (Tasks\Import.Payments.ReceiptElaw.xaml): Retry Scope"|"1"|"19/03/2026 11:31:16"|"3"|[NULL]|157|EC2AMAZ-NLK1TA2|1|BR|"11d3cf27-900b-41be-bccb-4054cfe4540a"|"157.LGL.Payments.Receipt"|"1.0.27"|CoE Ops - BR/Nubank/Legal|ssmwindows\AUTOMACAO.MOPERACOES|"0"|"1"
956539|"19/03/2026 07:23:33"|"19/03/2026 17:33:38"|6|"Error ocurred: Não foi possível encontrar o elemento de interface gráfica para esta ação.

Possíveis soluções:
 ?  Verifique se o aplicativo está aberto e se o elemento de interface gráfica está visível na tela no tempo de execução
 ?  Edite o Destino da atividade de interface gráfica e use a Validação para depurar o problema.
 ?  Se necessário, indique novamente o elemento caso as propriedades dele tenham sido alteradas
 ?  Use a atividade Check state para verificar o estado do aplicativo antes de executar a ação
 ?  Aumente o valor de Delay before para o aplicativo fazer a renderização completa a tempo e se tornar responsivoError Source: Retry Scope: Select Item Tipo da Conta"|"1"|"19/03/2026 17:33:38"|"3"|[NULL]|95|AWS-RPAP-001|1|BR|a3a82849-90e0-4748-aa27-0cfb9e950283|"095.ROP.Taxa.Inatividade.B3"|"1.0.26"|Shared|DOMAIN_TITULO\matheus.rubio.gft|"0"|"1"
956508|"19/03/2026 06:41:47"|"19/03/2026 16:47:13"|6|"Error ocurred: Could not find the user-interface (UI) element for this action.

Possible solutions:
 ?  Ensure application is opened and the UI element is visible on the screen at execution time
 ?  Edit the Target of the UI activity and use Validation to debug the issue.
 ?  If needed, re-indicate the element as its properties might have changed
 ?  Use Check state activity to check the application state before executing the action
 ?  Increase the Delay before value to allow time to the application to render entirely and become responsiveError Source: Retry Scope: Select Item Tipo da Conta"|"1"|"19/03/2026 16:47:13"|"3"|[NULL]|95|AWS-RPAP-003|1|BR|"742914ba-05a3-4e92-b7a6-35989597120f"|"095.ROP.Taxa.Inatividade.B3.SINCAD"|"1.0.26"|CoE Ops - BR/Nuinvest/AML-CFT|DOMAIN_TITULO\AUTOMACAO.MOPERACOES|"0"|"1"
956387|"19/03/2026 01:16:04"|"19/03/2026 08:09:25"|2|Error ocurred: ORA-00936: missing expressionError Source: Oracle Data Provider for .NET, Managed Driver|"1"|"19/03/2026 08:09:25"|"3"|[NULL]|185|EC2AMAZ-EEDQ776|1|BR|"0a8e02e3-546b-4cc7-9f2d-55edf271adc0"|"185.CX.Declaracao.Investments"|"1.0.37"|CoE Ops - BR/Nubank/Ops PF||"0"|"1"
956363|"19/03/2026 00:24:59"|"19/03/2026 00:25:30"|6|Error ocurred: No Data to Process|"1"|"19/03/2026 00:25:30"|"3"|[NULL]|172|EC2AMAZ-ERHGKPJ|1|BR|"6ba8ce8a-9f1a-41bd-9d2d-bf3fcadb922e"|"172.AML.CFT.CPF.Irregular.EMS"|"1.0.30"|CoE Ops - BR/Nubank/AML-CFT|ssmwindows\AUTOMACAO.MOPERACOES|"0"|"1"
956234|"18/03/2026 18:42:40"|"18/03/2026 21:16:23"|6|"Error ocurred: Could not find the user-interface (UI) element for this action.

Possible solutions:
 ?  Ensure application is opened and the UI element is visible on the screen at execution time
 ?  Edit the Target of the UI activity and use Validation to debug the issue.
 ?  If needed, re-indicate the element as its properties might have changed
 ?  Use Check state activity to check the application state before executing the action
 ?  Increase the Delay before value to allow time to the application to render entirely and become responsiveError Source: Retry Scope: Select Item Tipo da Conta"|"1"|"18/03/2026 21:16:23"|"3"|[NULL]|95|AWS-RPAP-003|1|BR|d72e69df-895c-4a4a-88a8-f12c9f51e10a|"095.ROP.Taxa.Inatividade.B3.SINCAD"|"1.0.26"|CoE Ops - BR/Nuinvest/AML-CFT|DOMAIN_TITULO\AUTOMACAO.MOPERACOES|"0"|"1"
956031|"18/03/2026 14:55:23"|"18/03/2026 14:56:58"|6|"Error ocurred: ERROR [KD011] [Simba][Hardy] (80) Syntax or semantic analysis error thrown in server while executing query. Error message from server: org.apache.hive.service.cli.HiveSQLException: Error running query: [FGAC_ON_DEDICATED_COMPUTE_FAILED] org.apache.spark.SparkRuntimeException: [FGAC_ON_DEDICATED_COMPUTE_FAILED] Fine-grained access control (FGAC) on dedicated compute failed due the following exception: [INVALID_SECRET_LOOKUP.SECRET_FUNCTION_LOOKUP_FAILED] Invalid secret lookup: The SECRET function failed to find a secret with scope mask and key salt: com.databricks.common.client.DatabricksServiceHttpClientException: PERMISSION_DENIED: User automacao.moperacoes@nubank.com.br does not have READ permission on scope mask to perform this action. SQLSTATE: 22531
 SQLSTATE: KD011
	at org.apache.spark.sql.hive.thriftserver.HiveThriftServerErrors$.runningQueryError(HiveThriftServerErrors.scala:49)
	at org.apache.spark.sql.hive.thriftserver.SparkExecuteStatementOperation.$anonfun$e"|"1"|"18/03/2026 14:56:58"|"3"|[NULL]|167|EC2AMAZ-9TPRIDL|1|BR|"187d5808-3840-4611-9368-5e4e69c19b5f"|"167.RegSol.Reativacao.Contas"|"1.0.16"|CoE Ops - BR/Nubank/AML-CFT|ssmwindows\AUTOMACAO.MOPERACOES|"0"|"1"
956022|"18/03/2026 14:43:33"|"18/03/2026 14:45:10"|6|"Error ocurred: ERROR [KD011] [Simba][Hardy] (80) Syntax or semantic analysis error thrown in server while executing query. Error message from server: org.apache.hive.service.cli.HiveSQLException: Error running query: [FGAC_ON_DEDICATED_COMPUTE_FAILED] org.apache.spark.SparkRuntimeException: [FGAC_ON_DEDICATED_COMPUTE_FAILED] Fine-grained access control (FGAC) on dedicated compute failed due the following exception: [INVALID_SECRET_LOOKUP.SECRET_FUNCTION_LOOKUP_FAILED] Invalid secret lookup: The SECRET function failed to find a secret with scope mask and key salt: com.databricks.common.client.DatabricksServiceHttpClientException: PERMISSION_DENIED: User automacao.moperacoes@nubank.com.br does not have READ permission on scope mask to perform this action. SQLSTATE: 22531
 SQLSTATE: KD011
	at org.apache.spark.sql.hive.thriftserver.HiveThriftServerErrors$.runningQueryError(HiveThriftServerErrors.scala:49)
	at org.apache.spark.sql.hive.thriftserver.SparkExecuteStatementOperation.$anonfun$e"|"1"|"18/03/2026 14:45:10"|"3"|[NULL]|167|EC2AMAZ-9TPRIDL|1|BR|"42c05202-82a7-4b02-9d29-d3b99d0f1b4b"|"167.RegSol.Reativacao.Contas"|"1.0.16"|CoE Ops - BR/Nubank/AML-CFT|ssmwindows\AUTOMACAO.MOPERACOES|"0"|"1"
955674|"18/03/2026 08:45:32"|"18/03/2026 08:50:28"|6|Error ocurred: Object reference not set to an instance of an object.Error Source: System.Activities|"1"|"18/03/2026 08:50:28"|"3"|[NULL]|240|EC2AMAZ-QDRLESV|0|BR||||||"0"|"1"
955502|"18/03/2026 04:00:26"|"18/03/2026 05:33:33"|6|"Error ocurred: Error message found [Relatório: Emissões de Faturas PeríodoNúmero: 20526Descrição: Error in File \\titulo.net\FileServer\NuInvest\Virtual\Renda Fixa\FATURAEASY.RPT:
No default printer.]Error Source: System.Private.CoreLib"|"1"|"18/03/2026 05:33:33"|"3"|[NULL]|130|AWS-RPAP-004|1|BR|"62056e18-a9b7-4587-bbb2-73556e21a495"|"130.CX.Relatorios.Notas.VIRTUAL.SPB"|"1.1.1"|CoE Ops - BR/Nuinvest/Ops PF|DOMAIN_TITULO\automacao.moperacoes|"0"|"1"
955377|"17/03/2026 23:00:25"|"18/03/2026 00:33:24"|6|"Error ocurred: Error message found [Relatório: Emissões de Faturas PeríodoNúmero: 20526Descrição: Error in File \\titulo.net\FileServer\NuInvest\Virtual\Renda Fixa\FATURAEASY.RPT:
No default printer.]Error Source: System.Private.CoreLib"|"1"|"18/03/2026 00:33:24"|"3"|[NULL]|130|AWS-RPAP-004|1|BR|"22124086-36b8-43a9-b003-9be978c51fcc"|"130.CX.Relatorios.Notas.VIRTUAL.SPB"|"1.1.1"|CoE Ops - BR/Nuinvest/Ops PF|DOMAIN_TITULO\automacao.moperacoes|"0"|"1"
955293|"17/03/2026 20:33:38"|"17/03/2026 20:41:32"|6|Error ocurred: ORA-12899: value too large for column RPA.RPA_CTRL_SEC_CSI_BANKS.TRANSACTIONS (actual: 281, maximum: 200)Error Source: System.Activities|"1"|"17/03/2026 20:41:32"|"3"|[NULL]|277|EC2AMAZ-L08I12T|24|BR|"11f17156-b31c-4bfa-9a8b-9277e16947c2"|rpa-csi-banks-277|"1.0.0"|renan.melo.global-ti@nubank.com.br's workspace|ssmwindows\renan.melo.global-ti|"0"|"1"
955211|"17/03/2026 18:23:43"|"17/03/2026 19:13:55"|6|Error ocurred: ORA-00933: SQL command not properly endedError Source: Oracle Data Provider for .NET, Managed Driver|"1"|"17/03/2026 19:13:55"|"3"|[NULL]|273|EC2AMAZ-QDRLESV|1548|BR|d6a95bba-7df7-479a-8a07-e4a83dcdbff3|"273.AML.Varys"|"1.0.15"|CoE Ops - BR/Nubank/AML-CFT|ssmwindows\AUTOMACAO.MOPERACOES|"0"|"1"
955090|"17/03/2026 16:12:07"|"17/03/2026 16:15:06"|6|"Error ocurred: Não foi possível encontrar o elemento de interface gráfica para esta ação.

Possíveis soluções:
 ?  Verifique se o aplicativo está aberto e se o elemento de interface gráfica está visível na tela no tempo de execução
 ?  Edite o Destino da atividade de interface gráfica e use a Validação para depurar o problema.
 ?  Se necessário, indique novamente o elemento caso as propriedades dele tenham sido alteradas
 ?  Use a atividade Check state para verificar o estado do aplicativo antes de executar a ação
 ?  Aumente o valor de Delay before para o aplicativo fazer a renderização completa a tempo e se tornar responsivoError Source: Perform.Serasa - Invoke Workflow File (Tasks\Perform.Serasa.xaml): Login.Serasa - Invoke Workflow File (Login.Serasa.xaml): Get assets and Login"|"1"|"17/03/2026 16:15:06"|"3"|[NULL]|144|EC2AMAZ-EEDQ776|1|BR|"0db836ae-fe32-46c2-9887-e9199848e618"|"144.LGL.Retirada.Apontamento"|"1.3.16"|CoE Ops - BR/Nubank/Legal|ssmwindows\AUTOMACAO.MOPERACOES|"0"|"1"
955056|"17/03/2026 15:40:35"|"17/03/2026 20:42:46"|6|Error ocurred: Timeout reached.Error Source: Retry Scope|"1"|"17/03/2026 20:42:46"|"3"|[NULL]|156|EC2AMAZ-Q4IMKHB|8|BR|"961d0d76-6134-430e-b832-cb9b1ce8da78"|"156.ROP.Executa.STA.Nubank"|"1.0.13"|CoE Ops - BR/Nubank/Jud Orders|ssmwindows\AUTOMACAO.MOPERACOES|"0"|"1"
954723|"17/03/2026 11:00:44"|"17/03/2026 11:01:05"|6|Error ocurred: The request timed-out.Error Source: UiPath.Web.Activities|"1"|"17/03/2026 11:01:05"|"3"|[NULL]|157|EC2AMAZ-NLK1TA2|1|BR|"92a60da0-37f7-4b82-a4f6-8ae7fc5e87ae"|"157.LGL.Payments.Receipt"|"1.0.27"|CoE Ops - BR/Nubank/Legal|ssmwindows\AUTOMACAO.MOPERACOES|"0"|"1"
954716|"17/03/2026 10:56:17"|"17/03/2026 10:58:33"|6|Error ocurred: Ofício sem carta. Tratar manualmente|"1"|"17/03/2026 10:58:33"|"3"|[NULL]|145|EC2AMAZ-L08I12T|1|BR||||||"0"|"1"
954693|"17/03/2026 10:30:50"|"17/03/2026 10:34:10"|6|Error ocurred: Ofício sem carta. Tratar manualmente|"1"|"17/03/2026 10:34:10"|"3"|[NULL]|145|EC2AMAZ-GC6B6R8|1|BR||||||"0"|"1"
954273|"17/03/2026 00:00:52"|"17/03/2026 02:08:49"|6|Error ocurred: {requestId:69b8e1b8e4b0dee7298cccf6,name:2b0a64a8-6dd7-4682-8dc0-bd9e0e9bd42a,message:User is not authorized}Error Source: Retry Scope - Find Folder Year|"1"|"17/03/2026 02:08:49"|"3"|[NULL]|61|AWS-RPAP-003|0|BR|"6f4c5add-19e1-4c38-9cea-cf5cf9330c22"|"061.ROP.Insumos.Quebra.Sigilo.v2"|"1.0.13"|CoE Ops - BR/Nuinvest/Jud Orders|DOMAIN_TITULO\AUTOMACAO.MOPERACOES|"0"|"1"
953989|"16/03/2026 16:36:54"|"16/03/2026 16:40:08"|6|Error ocurred: Ofício sem carta. Tratar manualmente|"1"|"16/03/2026 16:40:08"|"3"|[NULL]|145|EC2AMAZ-EEDQ776|1|BR||||||"0"|"1"
953892|"16/03/2026 15:09:47"|"16/03/2026 16:00:48"|6|Error ocurred: Ocorreu 3 vezes, o seguinte erro: Error HRESULT E_FAIL has been returned from a call to a COM component.Error Source: Throw|"1"|"16/03/2026 16:00:48"|"3"|[NULL]|201|EC2AMAZ-EEDQ776|1|BR|b57143d7-20f2-4bbb-ad5a-4d985615a144|"201.OMB.V2.Recebimento.Dos.Casos.Procon.STEP2"|"201.OMB.V2.Recebimento.Dos.Casos.Procon.STEP2"|CoE Ops - BR/Nubank/CompSol|ssmwindows\AUTOMACAO.MOPERACOES|"0"|"1"
953861|"16/03/2026 14:36:35"|"16/03/2026 15:14:51"|6|Error ocurred: Error HRESULT E_FAIL has been returned from a call to a COM component.Error Source: Retry Scope|"1"|"16/03/2026 15:14:51"|"3"|[NULL]|156|EC2AMAZ-NLK1TA2|1|BR|"88451f44-be56-4de7-b3a7-c5b15b7b7113"|"156.ROP.Executa.STA.Nubank"|"1.0.13"|CoE Ops - BR/Nubank/Jud Orders|ssmwindows\AUTOMACAO.MOPERACOES|"0"|"1"
953652|"16/03/2026 11:31:57"|"16/03/2026 11:33:32"|6|Error ocurred: CSV does not have rows|"1"|"16/03/2026 11:33:32"|"3"|[NULL]|222|EC2AMAZ-GC6B6R8|0|||||||"0"|"1"
953578|"16/03/2026 10:30:47"|"16/03/2026 10:34:05"|6|Error ocurred: Ofício sem carta. Tratar manualmente|"1"|"16/03/2026 10:34:05"|"3"|[NULL]|145|EC2AMAZ-GC6B6R8|1|BR||||||"0"|"1"
953576|"16/03/2026 10:29:55"|"16/03/2026 10:33:13"|6|Error ocurred: Ofício sem carta. Tratar manualmente|"1"|"16/03/2026 10:33:13"|"3"|[NULL]|145|EC2AMAZ-EEDQ776|1|BR||||||"0"|"1"
953571|"16/03/2026 10:19:56"|"16/03/2026 11:03:51"|6|Error ocurred: Janela de confirmação não identificada|"1"|"16/03/2026 11:03:51"|"3"|[NULL]|121|EC2AMAZ-NLK1TA2|1|BR||||||"0"|"1"
953019|"15/03/2026 17:00:53"|"15/03/2026 17:01:27"|6|Error ocurred: The request timed-out.Error Source: HTTP chat.postMessage|"1"|"15/03/2026 17:01:27"|"3"|[NULL]|182|EC2AMAZ-GC6B6R8|1|||||||"0"|"1"
952988|"15/03/2026 15:30:55"|"15/03/2026 15:31:06"|6|Error ocurred: Errro - Input Sheet Not Found in Thread on judqualiter-seniors channel|"1"|"15/03/2026 15:31:06"|"3"|[NULL]|259|EC2AMAZ-GC6B6R8|0|BR|"12997a54-469c-40a9-b083-94d9dc16cc44"|"259-rpa-jud-quality-broker-automation"|"1.0.5"|CoE Ops - BR/Nubank/Jud Orders|ssmwindows\AUTOMACAO.MOPERACOES|"0"|"1"
952967|"15/03/2026 14:31:04"|"16/03/2026 01:28:47"|6|"Error ocurred: Could not find the user-interface (UI) element for this action.

Possible solutions:
 ?  Ensure application is opened and the UI element is visible on the screen at execution time
 ?  Edit the Target of the UI activity and use Validation to debug the issue.
 ?  If needed, re-indicate the element as its properties might have changed
 ?  Use Check state activity to check the application state before executing the action
 ?  Increase the Delay before value to allow time to the application to render entirely and become responsiveError Source: System.Activities"|"1"|"16/03/2026 01:28:47"|"3"|[NULL]|156|EC2AMAZ-ERHGKPJ|1|BR|"4465a149-169c-4258-bd44-65b11846eec2"|"156.ROP.Executa.STA.Nubank"|"1.0.13"|CoE Ops - BR/Nubank/Jud Orders|ssmwindows\AUTOMACAO.MOPERACOES|"0"|"1"
952814|"15/03/2026 07:31:06"|"15/03/2026 07:31:17"|6|Error ocurred: Errro - Input Sheet Not Found in Thread on judqualiter-seniors channel|"1"|"15/03/2026 07:31:17"|"3"|[NULL]|259|EC2AMAZ-EEDQ776|0|BR|"169c7ea7-58cf-4fcc-881e-74bd3b0b56a8"|"259-rpa-jud-quality-broker-automation"|"1.0.5"|CoE Ops - BR/Nubank/Jud Orders|ssmwindows\AUTOMACAO.MOPERACOES|"0"|"1"
952791|"15/03/2026 06:08:58"|"15/03/2026 07:41:29"|2|Error ocurred: Error opening document, make sure Word application is installed. If already installed, an Office Repair may be required.Error Source: System.Activities|"0"||"3"|[NULL]|196|EC2AMAZ-ERHGKPJ|0|BR|"7a50ec5f-226a-4df0-8b5e-c84a0e613041"|"196.CX.Extrato.RDB"|"1.0.43"|CoE Ops - BR/Nubank/Ops PF||"0"|"1"
952529|"14/03/2026 17:30:41"|"14/03/2026 17:31:12"|6|Error ocurred: The request timed-out.Error Source: HTTP chat.postMessage|"1"|"14/03/2026 17:31:12"|"3"|[NULL]|182|EC2AMAZ-NLK1TA2|1|||||||"0"|"1"
952483|"14/03/2026 15:30:29"|"14/03/2026 15:30:39"|6|Error ocurred: Errro - Input Sheet Not Found in Thread on judqualiter-seniors channel|"1"|"14/03/2026 15:30:39"|"3"|[NULL]|259|EC2AMAZ-QDRLESV|0|BR|ac4a9479-afb7-4b39-bf1b-5815d7f4a4a9|"259-rpa-jud-quality-broker-automation"|"1.0.5"|CoE Ops - BR/Nubank/Jud Orders|ssmwindows\AUTOMACAO.MOPERACOES|"0"|"1"
952309|"14/03/2026 07:30:54"|"14/03/2026 07:31:05"|6|Error ocurred: Errro - Input Sheet Not Found in Thread on judqualiter-seniors channel|"1"|"14/03/2026 07:31:05"|"3"|[NULL]|259|EC2AMAZ-GC6B6R8|0|BR|"7d90677f-e259-4bf2-83b9-252d4ae83bde"|"259-rpa-jud-quality-broker-automation"|"1.0.5"|CoE Ops - BR/Nubank/Jud Orders|ssmwindows\AUTOMACAO.MOPERACOES|"0"|"1"
951858|"13/03/2026 16:47:21"|"13/03/2026 17:01:44"|6|"Error ocurred: Could not find the user-interface (UI) element for this action.

Possible solutions:
 ?  Ensure application is opened and the UI element is visible on the screen at execution time
 ?  Edit the Target of the UI activity and use Validation to debug the issue.
 ?  If needed, re-indicate the element as its properties might have changed
 ?  Use Check state activity to check the application state before executing the action
 ?  Increase the Delay before value to allow time to the application to render entirely and become responsiveError Source: Perform.Serasa - Invoke Workflow File (Tasks\Perform.Serasa.xaml): Login.Serasa - Invoke Workflow File (Login.Serasa.xaml): Get assets and Login"|"1"|"13/03/2026 17:01:44"|"3"|[NULL]|144|EC2AMAZ-Q4IMKHB|1|BR|"972df0b1-e040-4b61-a1b4-e4a9bb76377a"|"144.LGL.Retirada.Apontamento"|"1.3.16"|CoE Ops - BR/Nubank/Legal|ssmwindows\AUTOMACAO.MOPERACOES|"0"|"1"
951808|"13/03/2026 15:48:11"|"13/03/2026 15:48:21"|6|Error ocurred: Errro - Input Sheet Not Found in Thread on judqualiter-seniors channel|"1"|"13/03/2026 15:48:21"|"3"|[NULL]|259|EC2AMAZ-NLK1TA2|0|BR|"1e441343-2d6b-4dee-bad1-db4b8ae43ece"|"259-rpa-jud-quality-broker-automation"|"1.0.5"|CoE Ops - BR/Nubank/Jud Orders|ssmwindows\AUTOMACAO.MOPERACOES|"0"|"1"
951678|"13/03/2026 13:10:33"|"13/03/2026 13:10:44"|6|Error ocurred: Errro - Input Sheet Not Found in Thread on judqualiter-seniors channel|"1"|"13/03/2026 13:10:44"|"3"|[NULL]|259|EC2AMAZ-EEDQ776|0|BR|"517df3c8-29c5-4904-9485-9598c5cc16e9"|"259-rpa-jud-quality-broker-automation"|"1.0.5"|CoE Ops - BR/Nubank/Jud Orders|ssmwindows\AUTOMACAO.MOPERACOES|"0"|"1"
951357|"13/03/2026 08:12:22"|"13/03/2026 08:12:32"|6|Error ocurred: Errro - Input Sheet Not Found in Thread on judqualiter-seniors channel|"1"|"13/03/2026 08:12:32"|"3"|[NULL]|259|EC2AMAZ-Q4IMKHB|0|BR|f78b5f53-4201-40b7-b17a-ac602f09942d|"259-rpa-jud-quality-broker-automation"|"1.0.5"|CoE Ops - BR/Nubank/Jud Orders|ssmwindows\AUTOMACAO.MOPERACOES|"0"|"1"
950977|"12/03/2026 18:38:51"|"13/03/2026 01:17:55"|6|"Error ocurred: Could not find the user-interface (UI) element for this action.

Possible solutions:
 ?  Ensure application is opened and the UI element is visible on the screen at execution time
 ?  Edit the Target of the UI activity and use Validation to debug the issue.
 ?  If needed, re-indicate the element as its properties might have changed
 ?  Use Check state activity to check the application state before executing the action
 ?  Increase the Delay before value to allow time to the application to render entirely and become responsiveError Source: System.Activities"|"1"|"13/03/2026 01:17:55"|"3"|[NULL]|156|EC2AMAZ-ERHGKPJ|1|BR|f60e9f31-f896-412a-b47a-70ca10637e51|"156.ROP.Executa.STA.Nubank"|"1.0.13"|CoE Ops - BR/Nubank/Jud Orders|ssmwindows\automacao.moperacoes|"0"|"1"
950959|"12/03/2026 18:13:10"|"12/03/2026 19:41:30"|2|Error ocurred: Error opening document, make sure Word application is installed. If already installed, an Office Repair may be required.Error Source: System.Activities|"0"||"3"|[NULL]|196|EC2AMAZ-GC6B6R8|0|BR|"487d65e3-15a3-405a-a530-7a62dcc6bcc6"|"196.CX.Extrato.RDB"|"1.0.43"|CoE Ops - BR/Nubank/Ops PF||"0"|"1"
950789|"12/03/2026 15:35:44"|"12/03/2026 15:35:54"|6|Error ocurred: Errro - Input Sheet Not Found in Thread on judqualiter-seniors channel|"1"|"12/03/2026 15:35:54"|"3"|[NULL]|259|EC2AMAZ-NLK1TA2|0|BR|be08cf51-e8f6-48a8-a4e7-f24a4c39619d|"259-rpa-jud-quality-broker-automation"|"1.0.5"|CoE Ops - BR/Nubank/Jud Orders|ssmwindows\AUTOMACAO.MOPERACOES|"0"|"1"
950664|"12/03/2026 14:00:08"|"12/03/2026 14:02:33"|2|"Error ocurred: Could not find the user-interface (UI) element for this action.

Possible solutions:
 ?  Ensure application is opened and the UI element is visible on the screen at execution time
 ?  Edit the Target of the UI activity and use Validation to debug the issue.
 ?  If needed, re-indicate the element as its properties might have changed
 ?  Use Check state activity to check the application state before executing the action
 ?  Increase the Delay before value to allow time to the application to render entirely and become responsiveError Source: Tasks\eLaw\eLaw.Login.xaml - Invoke Workflow File: Retry Scope: Type Into - Digitar o user"|"1"|"12/03/2026 14:02:33"|"3"|[NULL]|201|EC2AMAZ-ERHGKPJ|1|BR|ec019b81-9bcd-46ac-8b67-1e16d013d1d7|"201.OMB.V2.Recebimento.Dos.Casos.Procon.STEP2"|"201.OMB.V2.Recebimento.Dos.Casos.Procon.STEP2"|CoE Ops - BR/Nubank/CompSol|ssmwindows\automacao.moperacoes|"0"|"1"
950532|"12/03/2026 11:23:58"|"12/03/2026 13:03:20"|6|Error ocurred: Cetip URL https://corporativo.bvmfnet.com.br/icadx-web/pages/default.jsf was not opened successfullyError Source: 3Sincad - Fraude - Invoke Workflow File (Tasks\Fraudes\3Sincad - Fraude.xaml): Retry Scope|"1"|"12/03/2026 13:03:20"|"3"|[NULL]|192|AWS-RPAP-003|1|BR|"2da68507-d7f5-419b-91c6-9793d689f074"|"192.ROP.EncerramentoConta.Fraudes"|"1.0.26"|CoE Ops - BR/Nuinvest/AML-CFT|DOMAIN_TITULO\AUTOMACAO.MOPERACOES|"0"|"1"
950365|"12/03/2026 09:02:36"|"12/03/2026 09:03:07"|2|Error ocurred: Object reference not set to an instance of an object.Error Source: System.Activities|"1"|"12/03/2026 09:03:07"|"3"|[NULL]|276|EC2AMAZ-NLK1TA2|0|BR|"82297b40-ba11-44a9-9255-206ba6d0b826"|"276.CX.Estate.Blank.Zendesk.Emails"|"1.0.3"|CoE Ops - BR/Nubank/Ops PF|ssmwindows\AUTOMACAO.MOPERACOES|"0"|"1"
950307|"12/03/2026 08:15:59"|"12/03/2026 08:16:31"|2|Error ocurred: Object reference not set to an instance of an object.Error Source: System.Activities|"1"|"12/03/2026 08:16:31"|"3"|[NULL]|276|EC2AMAZ-EEDQ776|0|BR|"345d18b3-5c27-4cf7-96d1-4357f6c6adee"|"276.CX.Estate.Blank.Zendesk.Emails"|"1.0.3"|CoE Ops - BR/Nubank/Ops PF|ssmwindows\AUTOMACAO.MOPERACOES|"0"|"1"
950281|"12/03/2026 07:54:21"|"12/03/2026 07:54:32"|6|Error ocurred: Errro - Input Sheet Not Found in Thread on judqualiter-seniors channel|"1"|"12/03/2026 07:54:32"|"3"|[NULL]|259|EC2AMAZ-ERHGKPJ|0|BR|"99e398ba-26eb-44aa-b05f-cab17d63a988"|"259-rpa-jud-quality-broker-automation"|"1.0.5"|CoE Ops - BR/Nubank/Jud Orders|ssmwindows\AUTOMACAO.MOPERACOES|"0"|"1"
950263|"12/03/2026 07:18:30"|"12/03/2026 07:19:01"|2|Error ocurred: Object reference not set to an instance of an object.Error Source: System.Activities|"1"|"12/03/2026 07:19:01"|"3"|[NULL]|276|EC2AMAZ-EEDQ776|0|BR|"956b6ce1-b822-4e88-94b5-b8c4e6702538"|"276.CX.Estate.Blank.Zendesk.Emails"|"1.0.3"|CoE Ops - BR/Nubank/Ops PF|ssmwindows\AUTOMACAO.MOPERACOES|"0"|"1"
950248|"12/03/2026 06:51:01"|"12/03/2026 06:51:35"|2|Error ocurred: Object reference not set to an instance of an object.Error Source: System.Activities|"1"|"12/03/2026 06:51:35"|"3"|[NULL]|276|EC2AMAZ-EEDQ776|0|BR|"1c0ca8b3-67da-4827-a653-bb08b5af2632"|"276.CX.Estate.Blank.Zendesk.Emails"|"1.0.3"|CoE Ops - BR/Nubank/Ops PF|ssmwindows\AUTOMACAO.MOPERACOES|"0"|"1"
950229|"12/03/2026 06:14:47"|"12/03/2026 06:15:18"|2|Error ocurred: Object reference not set to an instance of an object.Error Source: System.Activities|"1"|"12/03/2026 06:15:18"|"3"|[NULL]|276|EC2AMAZ-EEDQ776|0|BR|e2769826-768f-43f8-a1f1-d11a1c2cc166|"276.CX.Estate.Blank.Zendesk.Emails"|"1.0.3"|CoE Ops - BR/Nubank/Ops PF|ssmwindows\AUTOMACAO.MOPERACOES|"0"|"1"
950207|"12/03/2026 05:42:32"|"12/03/2026 05:43:04"|2|Error ocurred: Object reference not set to an instance of an object.Error Source: System.Activities|"1"|"12/03/2026 05:43:04"|"3"|[NULL]|276|EC2AMAZ-GC6B6R8|0|BR|"62a3ee53-dbf9-4780-80f6-82259309bd87"|"276.CX.Estate.Blank.Zendesk.Emails"|"1.0.3"|CoE Ops - BR/Nubank/Ops PF|ssmwindows\AUTOMACAO.MOPERACOES|"0"|"1"
950194|"12/03/2026 04:50:35"|"12/03/2026 04:51:04"|2|Error ocurred: Object reference not set to an instance of an object.Error Source: System.Activities|"1"|"12/03/2026 04:51:04"|"3"|[NULL]|276|EC2AMAZ-EEDQ776|0|BR|"42b07494-c703-4d2a-bfbf-a3ae96a0802b"|"276.CX.Estate.Blank.Zendesk.Emails"|"1.0.3"|CoE Ops - BR/Nubank/Ops PF|ssmwindows\AUTOMACAO.MOPERACOES|"0"|"1"
950178|"12/03/2026 03:23:22"|"12/03/2026 03:23:55"|2|Error ocurred: Object reference not set to an instance of an object.Error Source: System.Activities|"1"|"12/03/2026 03:23:55"|"3"|[NULL]|276|EC2AMAZ-EEDQ776|0|BR|a023c5ba-3ef9-4de4-9e63-ade9db8c9eb6|"276.CX.Estate.Blank.Zendesk.Emails"|"1.0.3"|CoE Ops - BR/Nubank/Ops PF|ssmwindows\AUTOMACAO.MOPERACOES|"0"|"1"
950166|"12/03/2026 02:30:17"|"12/03/2026 02:30:52"|2|Error ocurred: Object reference not set to an instance of an object.Error Source: System.Activities|"1"|"12/03/2026 02:30:52"|"3"|[NULL]|276|EC2AMAZ-EEDQ776|0|BR|"63dbfce1-10d9-4c12-9719-72cb9ee688bc"|"276.CX.Estate.Blank.Zendesk.Emails"|"1.0.3"|CoE Ops - BR/Nubank/Ops PF|ssmwindows\AUTOMACAO.MOPERACOES|"0"|"1"
950165|"12/03/2026 02:29:54"|"12/03/2026 03:55:24"|6|"Error ocurred: Cannot select item. It was not found among existing items.
TIP: Some combo-boxes delay load items until its dropdown is expanded. Try to simulate a click on control prior to selecting an item.Error Source: Select Item Computador Destino"|"1"|"12/03/2026 03:55:24"|"3"|[NULL]|226|EC2AMAZ-GC6B6R8|90|BR||||||"0"|"1"
950153|"12/03/2026 01:49:05"|"12/03/2026 01:49:38"|2|Error ocurred: Object reference not set to an instance of an object.Error Source: System.Activities|"1"|"12/03/2026 01:49:38"|"3"|[NULL]|276|EC2AMAZ-NLK1TA2|0|BR|"747529f2-95a2-4c1c-9516-b83e5e1abb36"|"276.CX.Estate.Blank.Zendesk.Emails"|"1.0.3"|CoE Ops - BR/Nubank/Ops PF|ssmwindows\AUTOMACAO.MOPERACOES|"0"|"1"
950141|"12/03/2026 01:13:05"|"12/03/2026 01:13:37"|2|Error ocurred: Object reference not set to an instance of an object.Error Source: System.Activities|"1"|"12/03/2026 01:13:37"|"3"|[NULL]|276|EC2AMAZ-Q4IMKHB|0|BR|c738f784-3ea9-4995-8eca-ff7be6cfcb15|"276.CX.Estate.Blank.Zendesk.Emails"|"1.0.3"|CoE Ops - BR/Nubank/Ops PF|ssmwindows\AUTOMACAO.MOPERACOES|"0"|"1"
950130|"12/03/2026 00:57:46"|"12/03/2026 00:58:10"|6|Error ocurred: No Data to Process|"1"|"12/03/2026 00:58:10"|"3"|[NULL]|172|EC2AMAZ-Q4IMKHB|1|BR|"5abd9401-e0ec-4c21-b493-81e1b9c64215"|"172.AML.CFT.CPF.Irregular.EMS"|"1.0.30"|CoE Ops - BR/Nubank/AML-CFT|ssmwindows\AUTOMACAO.MOPERACOES|"0"|"1"
950126|"12/03/2026 00:47:45"|"12/03/2026 00:48:19"|2|Error ocurred: Object reference not set to an instance of an object.Error Source: System.Activities|"1"|"12/03/2026 00:48:19"|"3"|[NULL]|276|EC2AMAZ-Q4IMKHB|0|BR|"10d1d28f-c9ff-4017-84ac-4db5a7234444"|"276.CX.Estate.Blank.Zendesk.Emails"|"1.0.3"|CoE Ops - BR/Nubank/Ops PF|ssmwindows\AUTOMACAO.MOPERACOES|"0"|"1"
950117|"12/03/2026 00:25:53"|"12/03/2026 00:26:26"|2|Error ocurred: Object reference not set to an instance of an object.Error Source: System.Activities|"1"|"12/03/2026 00:26:26"|"3"|[NULL]|276|EC2AMAZ-EEDQ776|0|BR|c3507034-b525-4e38-b818-2c0b7d423e5a|"276.CX.Estate.Blank.Zendesk.Emails"|"1.0.3"|CoE Ops - BR/Nubank/Ops PF|ssmwindows\AUTOMACAO.MOPERACOES|"0"|"1"
950109|"11/03/2026 23:47:56"|"12/03/2026 01:35:49"|6|"Error ocurred: Could not find the user-interface (UI) element for this action.

Possible solutions:
 ?  Ensure application is opened and the UI element is visible on the screen at execution time
 ?  Edit the Target of the UI activity and use Validation to debug the issue.
 ?  If needed, re-indicate the element as its properties might have changed
 ?  Use Check state activity to check the application state before executing the action
 ?  Increase the Delay before value to allow time to the application to render entirely and become responsiveError Source: Import.Payments.ReceiptElaw - Invoke Workflow File (Tasks\Import.Payments.ReceiptElaw.xaml): Retry Scope"|"1"|"12/03/2026 01:35:49"|"3"|[NULL]|157|EC2AMAZ-NLK1TA2|1|BR|fbe4553f-db29-468c-9f42-501fc6ebac32|"157.LGL.Payments.Receipt"|"1.0.27"|Nubank/Legal|ssmwindows\AUTOMACAO.MOPERACOES|"0"|"1"
950102|"11/03/2026 23:37:22"|"11/03/2026 23:37:52"|2|Error ocurred: Object reference not set to an instance of an object.Error Source: System.Activities|"1"|"11/03/2026 23:37:52"|"3"|[NULL]|276|EC2AMAZ-NLK1TA2|0|BR|af12140e-9ba6-4df4-a4f3-c82cbc3ec6cb|"276.CX.Estate.Blank.Zendesk.Emails"|"1.0.3"|CoE Ops - BR/Nubank/Ops PF|ssmwindows\AUTOMACAO.MOPERACOES|"0"|"1"
950093|"11/03/2026 23:25:53"|"11/03/2026 23:26:24"|2|Error ocurred: Object reference not set to an instance of an object.Error Source: System.Activities|"1"|"11/03/2026 23:26:24"|"3"|[NULL]|276|EC2AMAZ-NLK1TA2|0|BR|"0579fcbf-394c-4358-8601-2c9f1a500985"|"276.CX.Estate.Blank.Zendesk.Emails"|"1.0.3"|CoE Ops - BR/Nubank/Ops PF|ssmwindows\AUTOMACAO.MOPERACOES|"0"|"1"
950083|"11/03/2026 23:00:02"|"11/03/2026 23:19:03"|6|"Error ocurred: Could not find the user-interface (UI) element for this action.

Possible solutions:
 ?  Ensure application is opened and the UI element is visible on the screen at execution time
 ?  Edit the Target of the UI activity and use Validation to debug the issue.
 ?  If needed, re-indicate the element as its properties might have changed
 ?  Use Check state activity to check the application state before executing the action
 ?  Increase the Delay before value to allow time to the application to render entirely and become responsiveError Source: Retry Scope"|"1"|"11/03/2026 23:19:03"|"3"|[NULL]|157|EC2AMAZ-Q4IMKHB|1|BR|"397bf2a1-92ea-430a-981d-e15c3f09a134"|"157.LGL.Payments.Receipt"|"1.0.27"|Nubank/Legal|ssmwindows\AUTOMACAO.MOPERACOES|"0"|"1"
950074|"11/03/2026 22:37:49"|"11/03/2026 22:38:23"|2|Error ocurred: Object reference not set to an instance of an object.Error Source: System.Activities|"1"|"11/03/2026 22:38:23"|"3"|[NULL]|276|EC2AMAZ-NLK1TA2|0|BR|"8ec10cdf-fb73-4359-ac90-959d2d97e62e"|"276.CX.Estate.Blank.Zendesk.Emails"|"1.0.3"|CoE Ops - BR/Nubank/Ops PF|ssmwindows\AUTOMACAO.MOPERACOES|"0"|"1"
950059|"11/03/2026 22:12:07"|"11/03/2026 22:12:38"|2|Error ocurred: Object reference not set to an instance of an object.Error Source: System.Activities|"1"|"11/03/2026 22:12:38"|"3"|[NULL]|276|EC2AMAZ-Q4IMKHB|0|BR|"58831f30-3047-4743-b5a7-0d2c4f677ad3"|"276.CX.Estate.Blank.Zendesk.Emails"|"1.0.3"|CoE Ops - BR/Nubank/Ops PF|ssmwindows\AUTOMACAO.MOPERACOES|"0"|"1"
950046|"11/03/2026 21:42:36"|"11/03/2026 21:43:08"|2|Error ocurred: Object reference not set to an instance of an object.Error Source: System.Activities|"1"|"11/03/2026 21:43:08"|"3"|[NULL]|276|EC2AMAZ-QDRLESV|0|BR|"3767c621-48d9-4f63-9c97-778993a3f49c"|"276.CX.Estate.Blank.Zendesk.Emails"|"1.0.3"|CoE Ops - BR/Nubank/Ops PF|ssmwindows\AUTOMACAO.MOPERACOES|"0"|"1"
950025|"11/03/2026 21:11:58"|"11/03/2026 21:12:51"|2|Error ocurred: Object reference not set to an instance of an object.Error Source: System.Activities|"1"|"11/03/2026 21:12:51"|"3"|[NULL]|276|EC2AMAZ-NLK1TA2|0|BR|"3ceaa474-6db2-4de8-8249-6ee4eec987fa"|"276.CX.Estate.Blank.Zendesk.Emails"|"1.0.3"|CoE Ops - BR/Nubank/Ops PF|ssmwindows\AUTOMACAO.MOPERACOES|"0"|"1"
949983|"11/03/2026 18:42:27"|"11/03/2026 18:42:54"|2|Error ocurred: Object reference not set to an instance of an object.Error Source: System.Activities|"1"|"11/03/2026 18:42:54"|"3"|[NULL]|276|EC2AMAZ-Q4IMKHB|0|BR|"5e29922b-9197-44f3-839e-b5d106d71842"|"276.CX.Estate.Blank.Zendesk.Emails"|"1.0.3"|CoE Ops - BR/Nubank/Ops PF|ssmwindows\AUTOMACAO.MOPERACOES|"0"|"1"
949966|"11/03/2026 18:11:17"|"11/03/2026 18:11:44"|2|Error ocurred: Object reference not set to an instance of an object.Error Source: System.Activities|"1"|"11/03/2026 18:11:44"|"3"|[NULL]|276|EC2AMAZ-Q4IMKHB|0|BR|"5371ccd0-0c53-4967-9503-bd0d68da4ef4"|"276.CX.Estate.Blank.Zendesk.Emails"|"1.0.3"|CoE Ops - BR/Nubank/Ops PF|ssmwindows\AUTOMACAO.MOPERACOES|"0"|"1"
949946|"11/03/2026 17:41:37"|"11/03/2026 18:50:54"|6|Error ocurred: Object reference not set to an instance of an object.Error Source: System.Activities|"1"|"11/03/2026 18:50:54"|"3"|[NULL]|240|EC2AMAZ-EEDQ776|1|BR||||||"0"|"1"
949940|"11/03/2026 17:36:01"|"11/03/2026 17:36:32"|2|Error ocurred: Object reference not set to an instance of an object.Error Source: System.Activities|"1"|"11/03/2026 17:36:32"|"3"|[NULL]|276|EC2AMAZ-EEDQ776|0|BR|"3952b5f8-2cb8-4544-8d4a-eaeb086297c7"|"276.CX.Estate.Blank.Zendesk.Emails"|"1.0.3"|CoE Ops - BR/Nubank/Ops PF|ssmwindows\AUTOMACAO.MOPERACOES|"0"|"1"
949928|"11/03/2026 17:24:06"|"11/03/2026 17:24:25"|2|Error ocurred: A atividade For Each File or Folder com ID 16 gerou ou propagou uma exceção durante seu cancelamento.Error Source: Report.Results.RPA - Invoke Workflow File (Tasks\Report.Results.RPA.xaml)|"1"|"11/03/2026 17:24:25"|"3"|[NULL]|167|EC2AMAZ-EEDQ776|1|BR|"928d42c3-dbd5-4966-bb99-86d070809d49"|"167.RegSol.Reativacao.Contas"|"1.0.16"|CoE Ops - BR/Nubank/AML-CFT|ssmwindows\AUTOMACAO.MOPERACOES|"0"|"1"
949922|"11/03/2026 17:17:02"|"12/03/2026 07:55:26"|2|Error ocurred: The service sheets has thrown an exception. HttpStatusCode is BadRequest. Invalid data[0]: This action would increase the number of cells in the workbook above the limit of 10000000 cells.Error Source: Update.GSheet.xaml - Invoke Workflow File: Retry Scope|"1"|"12/03/2026 07:55:26"|"3"|[NULL]|95|AWS-RPAP-003|1|BR|e1380623-cf4d-4fec-90fd-ca9209fed3fb|"095.ROP.Taxa.Inatividade.B3.SINACOR"|"1.0.26"|CoE Ops - BR/Nuinvest/AML-CFT|DOMAIN_TITULO\AUTOMACAO.MOPERACOES|"0"|"1"
949895|"11/03/2026 16:56:34"|"11/03/2026 17:05:27"|2|Error ocurred: The activity For Each File or Folder with ID 16 threw or propagated an exception while being canceled.Error Source: Report.Results.RPA - Invoke Workflow File (Tasks\Report.Results.RPA.xaml)|"1"|"11/03/2026 17:05:27"|"3"|[NULL]|167|EC2AMAZ-ERHGKPJ|1|BR|"5c40affc-7bdf-4a5d-8ee6-44838494bc4e"|"167.RegSol.Reativacao.Contas"|"1.0.16"|CoE Ops - BR/Nubank/AML-CFT|ssmwindows\AUTOMACAO.MOPERACOES|"0"|"1"
949497|"11/03/2026 08:51:24"|"11/03/2026 08:53:20"|2|Error ocurred: Multiple items with the name Results RPA Reativação de Contas found in the specified folder.Error Source: Retry Scope|"1"|"11/03/2026 08:53:20"|"3"|[NULL]|167|EC2AMAZ-Q4IMKHB|1|BR|"6f39911d-24f9-45a2-aaa5-1f634c04fe22"|"167.RegSol.Reativacao.Contas"|"1.0.15"|CoE Ops - BR/Nubank/AML-CFT|ssmwindows\AUTOMACAO.MOPERACOES|"0"|"1"
949473|"11/03/2026 08:14:25"|"11/03/2026 08:19:31"|2|Error ocurred: Multiple items with the name Results RPA Reativação de Contas found in the specified folder.Error Source: Retry Scope|"1"|"11/03/2026 08:19:31"|"3"|[NULL]|167|EC2AMAZ-Q4IMKHB|1|BR|"3b4042c2-035f-43cf-9d90-98286411182a"|"167.RegSol.Reativacao.Contas"|"1.0.15"|CoE Ops - BR/Nubank/AML-CFT|ssmwindows\AUTOMACAO.MOPERACOES|"0"|"1"
949280|"11/03/2026 01:42:12"|"11/03/2026 01:59:54"|6|"Error ocurred: Could not find the user-interface (UI) element for this action.

Possible solutions:
 ?  Ensure application is opened and the UI element is visible on the screen at execution time
 ?  Edit the Target of the UI activity and use Validation to debug the issue.
 ?  If needed, re-indicate the element as its properties might have changed
 ?  Use Check state activity to check the application state before executing the action
 ?  Increase the Delay before value to allow time to the application to render entirely and become responsiveError Source: System.Activities"|"1"|"11/03/2026 01:59:54"|"3"|[NULL]|156|EC2AMAZ-Q4IMKHB|1|BR|"0c160734-a9ee-43b7-8214-2aabf6e09dd4"|"156.ROP.Executa.STA.Nubank"|"1.0.13"|CoE Ops - BR/Nubank/Jud Orders|ssmwindows\AUTOMACAO.MOPERACOES|"0"|"1"
948649|"10/03/2026 11:10:18"|"10/03/2026 11:27:16"|2|Error ocurred: Erro -  Campo nao encontradoError Source: System.Activities|"1"|"10/03/2026 11:27:16"|"3"|[NULL]|228|EC2AMAZ-Q4IMKHB|0|BR|"15c0c131-980b-4e35-bf1b-19ffb8470c60"|"228.OMB.Painel.Ouvidoria.Grafana"|"1.0.10"|CoE Ops - BR/Nubank/CompSol|ssmwindows\AUTOMACAO.MOPERACOES|"0"|"1"
948585|"10/03/2026 10:07:19"|"10/03/2026 10:35:39"|6|"Error ocurred: Could not find the user-interface (UI) element for this action.

Possible solutions:
 ?  Ensure application is opened and the UI element is visible on the screen at execution time
 ?  Edit the Target of the UI activity and use Validation to debug the issue.
 ?  If needed, re-indicate the element as its properties might have changed
 ?  Use Check state activity to check the application state before executing the action
 ?  Increase the Delay before value to allow time to the application to render entirely and become responsiveError Source: System.Activities"|"1"|"10/03/2026 10:35:39"|"3"|[NULL]|228|EC2AMAZ-GC6B6R8|0|BR|e7709466-2036-46e1-b38a-f97cf3da4f35|"228.OMB.Painel.Ouvidoria.Grafana"|"1.0.10"|CoE Ops - BR/Nubank/CompSol|ssmwindows\AUTOMACAO.MOPERACOES|"0"|"1"
948470|"10/03/2026 08:30:36"|"10/03/2026 09:02:25"|6|"Falha ao requistar relatorio no SinacorWeb: STATUS CODE: 404 | RESPONSE: <!DOCTYPE HTML PUBLIC -//W3C//DTD HTML 4.01//ENhttp://www.w3.org/TR/html4/strict.dtd>
<HTML><HEAD><TITLE>Not Found</TITLE>
<META HTTP-EQUIV=Content-Type Content=text/html; charset=us-ascii></HEAD>
<BODY><h2>Not Found</h2>
<hr><p>HTTP Error 404. The requested resource is not found.</p>
</BODY></HTML>
"|"1"|"10/03/2026 09:02:25"|"3"|[NULL]|48|AWS-RPAP-005|1|||||||"0"|"1"
948446|"10/03/2026 08:05:50"|"10/03/2026 08:34:42"|6|"Error ocurred: Could not find the user-interface (UI) element for this action.

Possible solutions:
 ?  Ensure application is opened and the UI element is visible on the screen at execution time
 ?  Edit the Target of the UI activity and use Validation to debug the issue.
 ?  If needed, re-indicate the element as its properties might have changed
 ?  Use Check state activity to check the application state before executing the action
 ?  Increase the Delay before value to allow time to the application to render entirely and become responsiveError Source: System.Activities"|"1"|"10/03/2026 08:34:42"|"3"|[NULL]|228|EC2AMAZ-GC6B6R8|0|BR|a3bae014-c383-48e9-ab0e-f5a4aa97e638|"228.OMB.Painel.Ouvidoria.Grafana"|"1.0.10"|CoE Ops - BR/Nubank/CompSol|ssmwindows\AUTOMACAO.MOPERACOES|"0"|"1"
948383|"10/03/2026 07:09:28"|"10/03/2026 07:37:39"|6|"Error ocurred: Could not find the user-interface (UI) element for this action.

Possible solutions:
 ?  Ensure application is opened and the UI element is visible on the screen at execution time
 ?  Edit the Target of the UI activity and use Validation to debug the issue.
 ?  If needed, re-indicate the element as its properties might have changed
 ?  Use Check state activity to check the application state before executing the action
 ?  Increase the Delay before value to allow time to the application to render entirely and become responsiveError Source: System.Activities"|"1"|"10/03/2026 07:37:39"|"3"|[NULL]|228|EC2AMAZ-GC6B6R8|0|BR|"6bbe0781-07a1-4a7c-9eae-c1c7d09d1b1a"|"228.OMB.Painel.Ouvidoria.Grafana"|"1.0.10"|CoE Ops - BR/Nubank/CompSol|ssmwindows\AUTOMACAO.MOPERACOES|"0"|"1"
948349|"10/03/2026 06:05:24"|"10/03/2026 06:18:24"|6|Error ocurred: Erro -  Campo nao encontradoError Source: System.Activities|"1"|"10/03/2026 06:18:24"|"3"|[NULL]|228|EC2AMAZ-GC6B6R8|0|BR|"08c7eeda-22f3-4bd7-a6d7-7e509c3b30da"|"228.OMB.Painel.Ouvidoria.Grafana"|"1.0.10"|CoE Ops - BR/Nubank/CompSol|ssmwindows\AUTOMACAO.MOPERACOES|"0"|"1"
947996|"09/03/2026 17:05:33"|"09/03/2026 17:33:49"|6|"Error ocurred: Could not find the user-interface (UI) element for this action.

Possible solutions:
 ?  Ensure application is opened and the UI element is visible on the screen at execution time
 ?  Edit the Target of the UI activity and use Validation to debug the issue.
 ?  If needed, re-indicate the element as its properties might have changed
 ?  Use Check state activity to check the application state before executing the action
 ?  Increase the Delay before value to allow time to the application to render entirely and become responsiveError Source: System.Activities"|"1"|"09/03/2026 17:33:49"|"3"|[NULL]|228|EC2AMAZ-GC6B6R8|0|BR|e7d193d7-1470-497e-8deb-90390e26957b|"228.OMB.Painel.Ouvidoria.Grafana"|"1.0.10"|CoE Ops - BR/Nubank/CompSol|ssmwindows\AUTOMACAO.MOPERACOES|"0"|"1"
947572|"09/03/2026 10:04:26"|"09/03/2026 10:32:33"|6|"Error ocurred: Could not find the user-interface (UI) element for this action.

Possible solutions:
 ?  Ensure application is opened and the UI element is visible on the screen at execution time
 ?  Edit the Target of the UI activity and use Validation to debug the issue.
 ?  If needed, re-indicate the element as its properties might have changed
 ?  Use Check state activity to check the application state before executing the action
 ?  Increase the Delay before value to allow time to the application to render entirely and become responsiveError Source: System.Activities"|"1"|"09/03/2026 10:32:33"|"3"|[NULL]|228|EC2AMAZ-GC6B6R8|0|BR|"36e485f2-5dab-44ef-8b3d-82352619ae16"|"228.OMB.Painel.Ouvidoria.Grafana"|"1.0.10"|CoE Ops - BR/Nubank/CompSol|ssmwindows\AUTOMACAO.MOPERACOES|"0"|"1"
947359|"09/03/2026 06:02:29"|"09/03/2026 06:15:29"|6|Error ocurred: Erro -  Campo nao encontradoError Source: System.Activities|"1"|"09/03/2026 06:15:29"|"3"|[NULL]|228|EC2AMAZ-GC6B6R8|0|BR|"7049b691-a44c-40d7-824d-7648985c7bfd"|"228.OMB.Painel.Ouvidoria.Grafana"|"1.0.10"|CoE Ops - BR/Nubank/CompSol|ssmwindows\AUTOMACAO.MOPERACOES|"0"|"1"
947126|"08/03/2026 18:10:33"|"08/03/2026 18:13:41"|2|Error ocurred: ERROR [HYT00] [Simba][Hardy] (72) Query execution timeout expired.Error Source: Simba Spark ODBC Driver|"1"|"08/03/2026 18:13:41"|"3"|[NULL]|198|EC2AMAZ-ERHGKPJ|1|BR|"8f904baf-8e8d-4f15-b68d-66a4a326f297"|"198.OMB.Moderacoes.Reclame.Aqui"|"1.0.32"|CoE Ops - BR/Nubank/CompSol|ssmwindows\AUTOMACAO.MOPERACOES|"0"|"1"
946340|"06/03/2026 22:29:11"|"06/03/2026 22:56:00"|2|Error ocurred: Unable to locate credentialsError Source: Process.xaml : AWS Assume Role - Invoke Workflow File (AWS\AWS Assume Role.xaml): Throw|"1"|"06/03/2026 22:56:00"|"3"|[NULL]|172|EC2AMAZ-ERHGKPJ|1|BR|b7d67a3a-c865-4a9a-b892-f265e5198c2b|"172.AML.CFT.CPF.Irregular.EMS"|"1.0.29"|CoE Ops - BR/Nubank/AML-CFT|ssmwindows\AUTOMACAO.MOPERACOES|"0"|"1"
945875|"06/03/2026 12:33:27"|"06/03/2026 12:34:01"|2|Error ocurred: ORA-12899: value too large for column RPA.RPA_CTRL_CX_CANCELAMENTO_CDB.ACCOUNT_NUMBER (actual: 59, maximum: 40)Error Source: Oracle Data Provider for .NET, Managed Driver|"1"|"06/03/2026 12:34:01"|"3"|[NULL]|206|EC2AMAZ-9TPRIDL|1|BR|cdd0379c-a89a-4635-9cb5-c2e71ce33b79|"206.CX.Investments.Cancelamento.CDB"|"1.0.11"|CoE Ops - BR/Nubank/Ops PF|ssmwindows\AUTOMACAO.MOPERACOES|"0"|"1"
945821|"06/03/2026 11:08:13"|"06/03/2026 11:36:50"|6|"Error ocurred: Could not find the user-interface (UI) element for this action.

Possible solutions:
 ?  Ensure application is opened and the UI element is visible on the screen at execution time
 ?  Edit the Target of the UI activity and use Validation to debug the issue.
 ?  If needed, re-indicate the element as its properties might have changed
 ?  Use Check state activity to check the application state before executing the action
 ?  Increase the Delay before value to allow time to the application to render entirely and become responsiveError Source: System.Activities"|"1"|"06/03/2026 11:36:50"|"3"|[NULL]|228|EC2AMAZ-GC6B6R8|0|BR|a4e4d3f6-c1fa-4ccc-885e-c7dbef239bd4|"228.OMB.Painel.Ouvidoria.Grafana"|"1.0.10"|CoE Ops - BR/Nubank/CompSol|ssmwindows\AUTOMACAO.MOPERACOES|"0"|"1"
945589|"06/03/2026 07:24:04"|"06/03/2026 07:52:07"|6|"Error ocurred: Could not find the user-interface (UI) element for this action.

Possible solutions:
 ?  Ensure application is opened and the UI element is visible on the screen at execution time
 ?  Edit the Target of the UI activity and use Validation to debug the issue.
 ?  If needed, re-indicate the element as its properties might have changed
 ?  Use Check state activity to check the application state before executing the action
 ?  Increase the Delay before value to allow time to the application to render entirely and become responsiveError Source: System.Activities"|"1"|"06/03/2026 07:52:07"|"3"|[NULL]|228|EC2AMAZ-GC6B6R8|0|BR|ab378796-c245-47c2-9313-7a6661639aa0|"228.OMB.Painel.Ouvidoria.Grafana"|"1.0.10"|CoE Ops - BR/Nubank/CompSol|ssmwindows\AUTOMACAO.MOPERACOES|"0"|"1"
945547|"06/03/2026 06:07:31"|"06/03/2026 06:38:37"|6|"Error ocurred: Could not find the user-interface (UI) element for this action.

Possible solutions:
 ?  Ensure application is opened and the UI element is visible on the screen at execution time
 ?  Edit the Target of the UI activity and use Validation to debug the issue.
 ?  If needed, re-indicate the element as its properties might have changed
 ?  Use Check state activity to check the application state before executing the action
 ?  Increase the Delay before value to allow time to the application to render entirely and become responsiveError Source: System.Activities"|"1"|"06/03/2026 06:38:37"|"3"|[NULL]|228|EC2AMAZ-GC6B6R8|0|BR|ed3fdda2-669a-4097-bb0b-b62d2034b2e3|"228.OMB.Painel.Ouvidoria.Grafana"|"1.0.10"|CoE Ops - BR/Nubank/CompSol|ssmwindows\AUTOMACAO.MOPERACOES|"0"|"1"
945376|"05/03/2026 22:30:26"|"06/03/2026 00:24:29"|6|Falha ao fazer download do relatorio no SinacorWeb|"1"|"06/03/2026 00:24:29"|"3"|[NULL]|48|AWS-RPAP-005|1|||||||"0"|"1"
944421|"05/03/2026 01:03:08"|"05/03/2026 01:36:01"|6|"Error ocurred: Could not find the user-interface (UI) element for this action.

Possible solutions:
 ?  Ensure application is opened and the UI element is visible on the screen at execution time
 ?  Edit the Target of the UI activity and use Validation to debug the issue.
 ?  If needed, re-indicate the element as its properties might have changed
 ?  Use Check state activity to check the application state before executing the action
 ?  Increase the Delay before value to allow time to the application to render entirely and become responsiveError Source: System.Activities"|"1"|"05/03/2026 01:36:01"|"3"|[NULL]|156|EC2AMAZ-9TPRIDL|1|BR|"55a12087-0f8a-444c-bd0f-80e69780f32c"|"156.ROP.Executa.STA.Nubank"|"1.0.13"|CoE Ops - BR/Nubank/Jud Orders|ssmwindows\AUTOMACAO.MOPERACOES|"0"|"1"
944184|"04/03/2026 17:25:26"|"04/03/2026 17:26:41"|2|Error ocurred: ERROR [42S02] [Simba][BigQuery] (31770) Table is not found. Not found: Table nu-br-data:dataset.reported_pep_lrn_customers was not found in location USError Source: Simba ODBC Driver for Google BigQuery|"1"|"04/03/2026 17:26:41"|"3"|[NULL]|167|EC2AMAZ-NLK1TA2|1|BR|"4db91388-7294-4be0-a585-c2da0927d7fe"|"167.RegSol.Reativacao.Contas"|"1.0.13"|CoE Ops - BR/Nubank/AML-CFT|ssmwindows\AUTOMACAO.MOPERACOES|"0"|"1"
944183|"04/03/2026 17:24:44"|"04/03/2026 17:37:43"|6|"Error ocurred: Could not find the user-interface (UI) element for this action.

Possible solutions:
 ?  Ensure application is opened and the UI element is visible on the screen at execution time
 ?  Edit the Target of the UI activity and use Validation to debug the issue.
 ?  If needed, re-indicate the element as its properties might have changed
 ?  Use Check state activity to check the application state before executing the action
 ?  Increase the Delay before value to allow time to the application to render entirely and become responsiveError Source: Perform.Serasa - Invoke Workflow File (Tasks\Perform.Serasa.xaml): Login.Serasa - Invoke Workflow File (Login.Serasa.xaml): Get assets and Login"|"1"|"04/03/2026 17:37:43"|"3"|[NULL]|144|EC2AMAZ-Q4IMKHB|1|BR|"957ffdf2-91a8-460b-91ac-29cb9d52a463"|"144.LGL.Retirada.Apontamento"|"1.3.16"|Nubank/Legal|ssmwindows\AUTOMACAO.MOPERACOES|"0"|"1"
944117|"04/03/2026 15:56:38"|"04/03/2026 15:57:54"|2|Error ocurred: ERROR [42S02] [Simba][BigQuery] (31770) Table is not found. Not found: Table nu-br-data:dataset.reported_pep_lrn_customers was not found in location USError Source: Simba ODBC Driver for Google BigQuery|"1"|"04/03/2026 15:57:54"|"3"|[NULL]|167|EC2AMAZ-Q4IMKHB|1|BR|ba3fd60e-dce6-4a2d-9a1f-d1d9d7cef136|"167.RegSol.Reativacao.Contas"|"1.0.13"|CoE Ops - BR/Nubank/AML-CFT|ssmwindows\AUTOMACAO.MOPERACOES|"0"|"1"
944049|"04/03/2026 14:26:11"|"04/03/2026 14:45:26"|6|"Error ocurred: Could not find the user-interface (UI) element for this action.

Possible solutions:
 ?  Ensure application is opened and the UI element is visible on the screen at execution time
 ?  Edit the Target of the UI activity and use Validation to debug the issue.
 ?  If needed, re-indicate the element as its properties might have changed
 ?  Use Check state activity to check the application state before executing the action
 ?  Increase the Delay before value to allow time to the application to render entirely and become responsiveError Source: System.Activities"|"1"|"04/03/2026 14:45:26"|"3"|[NULL]|228|EC2AMAZ-GC6B6R8|0|BR|d0847bdc-1eb6-434e-abb4-49c572ab09d9|"228.OMB.Painel.Ouvidoria.Grafana"|"1.0.10"|CoE Ops - BR/Nubank/CompSol|ssmwindows\AUTOMACAO.MOPERACOES|"0"|"1"
943433|"03/03/2026 23:00:33"|"04/03/2026 01:50:47"|2|Error ocurred: Janela Salvar Como não encontrada para o user [019555434-3]Error Source: System.Private.CoreLib|"1"|"04/03/2026 01:50:47"|"3"|[NULL]|130|AWS-RPAP-004|1|BR|"2be1c56e-02e7-4c9b-b5bd-1fb46c79b434"|"130.CX.Relatorios.Notas.VIRTUAL.SPB"|"1.1.0"|CoE Ops - BR/Nuinvest/Ops PF|DOMAIN_TITULO\AUTOMACAO.MOPERACOES|"0"|"1"
943264|"03/03/2026 17:40:22"|"03/03/2026 17:43:19"|6|Error ocurred: Unexpected character encountered while parsing value: <. Path , line 0, position 0.Error Source: Deserialize JSON|"1"|"03/03/2026 17:43:19"|"3"|[NULL]|85|EC2AMAZ-9TPRIDL|1|BR|"22943d91-2b22-49f4-ad41-7de8f368c5b0"|"085.ROP.Oficios.Monitorados"|"1.0.20"|CoE Ops - BR/Nubank/Jud Orders|ssmwindows\AUTOMACAO.MOPERACOES|"0"|"1"
943190|"03/03/2026 16:06:43"|"03/03/2026 16:37:57"|6|"Error ocurred: Could not find the user-interface (UI) element for this action.

Possible solutions:
 ?  Ensure application is opened and the UI element is visible on the screen at execution time
 ?  Edit the Target of the UI activity and use Validation to debug the issue.
 ?  If needed, re-indicate the element as its properties might have changed
 ?  Use Check state activity to check the application state before executing the action
 ?  Increase the Delay before value to allow time to the application to render entirely and become responsiveError Source: System.Activities"|"1"|"03/03/2026 16:37:57"|"3"|[NULL]|228|EC2AMAZ-Q4IMKHB|0|BR|"6eac37f2-60e6-4ec4-84b6-ef40d2f7f374"|"228.OMB.Painel.Ouvidoria.Grafana"|"1.0.10"|CoE Ops - BR/Nubank/CompSol|ssmwindows\AUTOMACAO.MOPERACOES|"0"|"1"
943147|"03/03/2026 15:32:43"|"03/03/2026 15:40:11"|2|Error ocurred: Object reference not set to an instance of an object.Error Source: System.Activities|"1"|"03/03/2026 15:40:11"|"3"|[NULL]|264|EC2AMAZ-9TPRIDL|10|BR|"6d191b2a-70a0-4eb7-acf4-934dcd63b6b0"|"264.Growth.Sedex"|"1.0.8"|CoE Ops - BR/Nubank/Ops PF|ssmwindows\AUTOMACAO.MOPERACOES|"0"|"1"
943095|"03/03/2026 14:48:41"|"03/03/2026 14:49:03"|6|Error ocurred: ORA-12899: value too large for column RPA.RPA_CTRL_CX_CANCELAMENTO_CDB.ACCOUNT_NUMBER (actual: 99, maximum: 40)Error Source: Oracle Data Provider for .NET, Managed Driver|"1"|"03/03/2026 14:49:03"|"3"|[NULL]|206|EC2AMAZ-9TPRIDL|1|BR|"48b90146-0712-4613-a09b-8e50a6ddf958"|"206.CX.Investments.Cancelamento.CDB"|"1.0.11"|CoE Ops - BR/Nubank/Ops PF|ssmwindows\AUTOMACAO.MOPERACOES|"0"|"1"
943070|"03/03/2026 14:31:15"|"03/03/2026 14:31:40"|6|Error ocurred: ORA-12899: value too large for column RPA.RPA_CTRL_CX_CANCELAMENTO_CDB.ACCOUNT_NUMBER (actual: 99, maximum: 40)Error Source: Oracle Data Provider for .NET, Managed Driver|"1"|"03/03/2026 14:31:40"|"3"|[NULL]|206|EC2AMAZ-NLK1TA2|1|BR|a2521aef-96a8-480d-82d4-5aeba3977b8d|"206.CX.Investments.Cancelamento.CDB"|"1.0.11"|CoE Ops - BR/Nubank/Ops PF|ssmwindows\AUTOMACAO.MOPERACOES|"0"|"1"
943008|"03/03/2026 13:12:53"|"03/03/2026 13:36:31"|6|"Error ocurred: Could not find the user-interface (UI) element for this action.

Possible solutions:
 ?  Ensure application is opened and the UI element is visible on the screen at execution time
 ?  Edit the Target of the UI activity and use Validation to debug the issue.
 ?  If needed, re-indicate the element as its properties might have changed
 ?  Use Check state activity to check the application state before executing the action
 ?  Increase the Delay before value to allow time to the application to render entirely and become responsiveError Source: System.Activities"|"1"|"03/03/2026 13:36:31"|"3"|[NULL]|228|EC2AMAZ-Q4IMKHB|0|BR|a6370f8e-3f8b-43b4-a4ad-5a74d478c51a|"228.OMB.Painel.Ouvidoria.Grafana"|"1.0.10"|CoE Ops - BR/Nubank/CompSol|ssmwindows\AUTOMACAO.MOPERACOES|"0"|"1"
942947|"03/03/2026 12:08:36"|"03/03/2026 12:09:27"|6|Error ocurred: ORA-12899: value too large for column RPA.RPA_CTRL_CX_CANCELAMENTO_CDB.ACCOUNT_NUMBER (actual: 99, maximum: 40)Error Source: Oracle Data Provider for .NET, Managed Driver|"1"|"03/03/2026 12:09:27"|"3"|[NULL]|206|EC2AMAZ-NLK1TA2|1|BR|"5c398bdf-627e-44cc-9698-9c8c5ab0fec2"|"206.CX.Investments.Cancelamento.CDB"|"1.0.11"|CoE Ops - BR/Nubank/Ops PF|ssmwindows\AUTOMACAO.MOPERACOES|"0"|"1"
942678|"03/03/2026 07:05:49"|"03/03/2026 17:10:54"|6|"Error ocurred: Não foi possível encontrar o elemento de interface gráfica para esta ação.

Possíveis soluções:
 ?  Verifique se o aplicativo está aberto e se o elemento de interface gráfica está visível na tela no tempo de execução
 ?  Edite o Destino da atividade de interface gráfica e use a Validação para depurar o problema.
 ?  Se necessário, indique novamente o elemento caso as propriedades dele tenham sido alteradas
 ?  Use a atividade Check state para verificar o estado do aplicativo antes de executar a ação
 ?  Aumente o valor de Delay before para o aplicativo fazer a renderização completa a tempo e se tornar responsivoError Source: Retry Scope: Select Item Tipo da Conta"|"1"|"03/03/2026 17:10:54"|"3"|[NULL]|95|AWS-RPAP-006|1|BR|"1a0e3919-7ffe-4c3e-932d-97628dd21413"|"095.ROP.Taxa.Inatividade.B3.SINCAD"|"1.0.26"|CoE Ops - BR/Nuinvest/AML-CFT|DOMAIN_TITULO\automacao.moperacoes|"0"|"1"
942488|"02/03/2026 23:16:19"|"02/03/2026 23:21:31"|2|"Error ocurred: Uma tentativa de conexão falhou porque o componente conectado não respondeu
corretamente após um período de tempo ou a conexão estabelecida falhou
porque o host conectado não respondeu. (prod-global-scatterbrain.nubank.com.br:443)Error Source: HTTP Request - CPF Person"|"0"||"3"|[NULL]|208|EC2AMAZ-9TPRIDL|0|BR|"8596940a-5050-4aa1-8b0f-20b699a77a1a"|"208.CX.Extrato.Rendimentos"|"1.0.30"|CoE Ops - BR/Nubank/Ops PF|ssmwindows\AUTOMACAO.MOPERACOES|"0"|"1"
942283|"02/03/2026 17:33:38"|"02/03/2026 17:34:45"|6|Error ocurred: Duplicate columns with name Quanto resta para atingir o valor determinado pelo juiz found on positions: 9, 10.Error Source: Retry Scope|"1"|"02/03/2026 17:34:45"|"3"|[NULL]|85|EC2AMAZ-ERHGKPJ|1|BR|"95794fe1-8a11-4549-9a30-ad3c1660c5fe"|"085.ROP.Oficios.Monitorados"|"1.0.20"|CoE Ops - BR/Nubank/Jud Orders|ssmwindows\AUTOMACAO.MOPERACOES|"0"|"1"
942135|"02/03/2026 15:07:23"|"02/03/2026 15:35:26"|6|"Error ocurred: Could not find the user-interface (UI) element for this action.

Possible solutions:
 ?  Ensure application is opened and the UI element is visible on the screen at execution time
 ?  Edit the Target of the UI activity and use Validation to debug the issue.
 ?  If needed, re-indicate the element as its properties might have changed
 ?  Use Check state activity to check the application state before executing the action
 ?  Increase the Delay before value to allow time to the application to render entirely and become responsiveError Source: System.Activities"|"1"|"02/03/2026 15:35:26"|"3"|[NULL]|228|EC2AMAZ-Q4IMKHB|0|BR|"50c71f05-bf7b-483e-8686-1569327b0d10"|"228.OMB.Painel.Ouvidoria.Grafana"|"1.0.10"|CoE Ops - BR/Nubank/CompSol|ssmwindows\AUTOMACAO.MOPERACOES|"0"|"1"
942037|"02/03/2026 13:18:11"|"02/03/2026 13:46:07"|6|"Error ocurred: Could not find the user-interface (UI) element for this action.

Possible solutions:
 ?  Ensure application is opened and the UI element is visible on the screen at execution time
 ?  Edit the Target of the UI activity and use Validation to debug the issue.
 ?  If needed, re-indicate the element as its properties might have changed
 ?  Use Check state activity to check the application state before executing the action
 ?  Increase the Delay before value to allow time to the application to render entirely and become responsiveError Source: System.Activities"|"1"|"02/03/2026 13:46:07"|"3"|[NULL]|228|EC2AMAZ-Q4IMKHB|0|BR|"3ae851d8-e191-470d-959c-e5535767bf57"|"228.OMB.Painel.Ouvidoria.Grafana"|"1.0.10"|CoE Ops - BR/Nubank/CompSol|ssmwindows\AUTOMACAO.MOPERACOES|"0"|"1"
941888|"02/03/2026 10:23:41"|"02/03/2026 20:29:06"|6|"Error ocurred: Could not find the user-interface (UI) element for this action.

Possible solutions:
 ?  Ensure application is opened and the UI element is visible on the screen at execution time
 ?  Edit the Target of the UI activity and use Validation to debug the issue.
 ?  If needed, re-indicate the element as its properties might have changed
 ?  Use Check state activity to check the application state before executing the action
 ?  Increase the Delay before value to allow time to the application to render entirely and become responsiveError Source: Retry Scope: Select Item Tipo da Conta"|"1"|"02/03/2026 20:29:06"|"3"|[NULL]|95|AWS-RPAP-003|1|BR|"89daa724-00f2-4be9-a944-f2a1a81c6c55"|"095.ROP.Taxa.Inatividade.B3.SINCAD"|"1.0.26"|CoE Ops - BR/Nuinvest/AML-CFT|DOMAIN_TITULO\AUTOMACAO.MOPERACOES|"0"|"1"
941698|"02/03/2026 07:24:21"|"02/03/2026 07:43:38"|2|Error ocurred: Cetip URL https://corporativo.bvmfnet.com.br/icadx-web/pages/default.jsf was not opened successfullyError Source: 3Sincad - Fraude - Invoke Workflow File (Tasks\Fraudes\3Sincad - Fraude.xaml): Retry Scope|"1"|"02/03/2026 07:43:38"|"3"|[NULL]|192|AWS-RPAP-006|1|||||||"0"|"1"
941654|"02/03/2026 06:11:33"|"02/03/2026 06:12:33"|2|Error ocurred: Sinacor login screen is not openError Source: System.Activities|"1"|"02/03/2026 06:12:33"|"3"|[NULL]|96|AWS-RPAP-004|1|BR||||||"0"|"1"
941634|"02/03/2026 06:00:35"|"02/03/2026 06:00:43"|6|{error:401,error_description:Sua senha expirou, será necessário efetuar a troca para ter acesso ao Sinacor}|"1"|"02/03/2026 06:00:43"|"3"|[NULL]|48|AWS-RPAP-005|1|||||||"0"|"1"
941624|"02/03/2026 05:30:36"|"02/03/2026 05:31:03"|6|Error ocurred: Response status code does not indicate success: 503 (The server is busy.).Error Source: Read Storage Text|"1"|"02/03/2026 05:31:03"|"3"|[NULL]|210|EC2AMAZ-ERHGKPJ|1|BR|bed34d9d-37a2-4674-bec1-0064e9561530|"210.OMB.Tickets.Classification"|"1.0.68"|CoE Ops - BR/Nubank/CompSol||"0"|"1"
941592|"02/03/2026 04:00:37"|"02/03/2026 04:00:47"|6|{error:401,error_description:Sua senha expirou, será necessário efetuar a troca para ter acesso ao Sinacor}|"1"|"02/03/2026 04:00:47"|"3"|[NULL]|48|AWS-RPAP-005|1|||||||"0"|"1"
941555|"02/03/2026 02:00:34"|"02/03/2026 02:00:41"|6|{error:401,error_description:Sua senha expirou, será necessário efetuar a troca para ter acesso ao Sinacor}|"1"|"02/03/2026 02:00:41"|"3"|[NULL]|48|AWS-RPAP-005|1|||||||"0"|"1"
941510|"02/03/2026 00:00:33"|"02/03/2026 00:00:41"|6|{error:401,error_description:Sua senha expirou, será necessário efetuar a troca para ter acesso ao Sinacor}|"1"|"02/03/2026 00:00:41"|"3"|[NULL]|48|AWS-RPAP-005|1|||||||"0"|"1"
941497|"01/03/2026 23:00:49"|"01/03/2026 23:09:50"|2|Error ocurred: Sinacor login screen is not openError Source: Retry Scope|"1"|"01/03/2026 23:09:50"|"3"|[NULL]|130|AWS-RPAP-004|1|BR|"6a1f0a2a-c323-4bf2-9d42-40389c78a6a6"|"130.CX.Relatorios.Notas"|"1.0.58"|CoE Ops - BR/Nuinvest/Ops PF||"0"|"1"
941099|"28/02/2026 23:00:46"|"28/02/2026 23:09:45"|2|Error ocurred: Sinacor login screen is not openError Source: Retry Scope|"1"|"28/02/2026 23:09:45"|"3"|[NULL]|130|AWS-RPAP-004|1|BR|e0389885-dc2a-4351-aaeb-d7e4dde2890d|"130.CX.Relatorios.Notas"|"1.0.58"|CoE Ops - BR/Nuinvest/Ops PF||"0"|"1"
940567|"27/02/2026 18:05:29"|"27/02/2026 18:33:57"|6|"Error ocurred: Could not find the user-interface (UI) element for this action.

Possible solutions:
 ?  Ensure application is opened and the UI element is visible on the screen at execution time
 ?  Edit the Target of the UI activity and use Validation to debug the issue.
 ?  If needed, re-indicate the element as its properties might have changed
 ?  Use Check state activity to check the application state before executing the action
 ?  Increase the Delay before value to allow time to the application to render entirely and become responsiveError Source: System.Activities"|"1"|"27/02/2026 18:33:57"|"3"|[NULL]|228|EC2AMAZ-GC6B6R8|0|BR|a2fa9b0d-fc82-4439-8aea-0aea3ac04bcc|"228.OMB.Painel.Ouvidoria.Grafana"|"1.0.10"|CoE Ops - BR/Nubank/CompSol|ssmwindows\AUTOMACAO.MOPERACOES|"0"|"1"
940519|"27/02/2026 17:04:29"|"27/02/2026 17:07:29"|6|"Error ocurred: Could not find the user-interface (UI) element for this action.

Possible solutions:
 ?  Ensure application is opened and the UI element is visible on the screen at execution time
 ?  Edit the Target of the UI activity and use Validation to debug the issue.
 ?  If needed, re-indicate the element as its properties might have changed
 ?  Use Check state activity to check the application state before executing the action
 ?  Increase the Delay before value to allow time to the application to render entirely and become responsiveError Source: Perform.Serasa - Invoke Workflow File (Tasks\Perform.Serasa.xaml): Login.Serasa - Invoke Workflow File (Login.Serasa.xaml): Get assets and Login"|"1"|"27/02/2026 17:07:29"|"3"|[NULL]|144|EC2AMAZ-GC6B6R8|1|BR|"27c7f0bf-5497-41e0-aaa8-056fb0301c72"|"144.LGL.Retirada.Apontamento"|"1.3.16"|Nubank/Legal|ssmwindows\AUTOMACAO.MOPERACOES|"0"|"1"
940503|"27/02/2026 16:47:44"|"27/02/2026 21:30:13"|6|"Error ocurred: Não foi possível encontrar o elemento de interface gráfica para esta ação.

Possíveis soluções:
 ?  Verifique se o aplicativo está aberto e se o elemento de interface gráfica está visível na tela no tempo de execução
 ?  Edite o Destino da atividade de interface gráfica e use a Validação para depurar o problema.
 ?  Se necessário, indique novamente o elemento caso as propriedades dele tenham sido alteradas
 ?  Use a atividade Check state para verificar o estado do aplicativo antes de executar a ação
 ?  Aumente o valor de Delay before para o aplicativo fazer a renderização completa a tempo e se tornar responsivoError Source: Retry Scope: Select Item Tipo da Conta"|"1"|"27/02/2026 21:30:13"|"3"|[NULL]|95|AWS-RPAP-006|1|BR|"82a4babf-d3c3-4313-9369-148978982843"|"095.ROP.Taxa.Inatividade.B3.SINCAD"|"1.0.26"|CoE Ops - BR/Nuinvest/AML-CFT|DOMAIN_TITULO\AUTOMACAO.MOPERACOES|"0"|"1"
940496|"27/02/2026 16:35:02"|"27/02/2026 17:03:35"|6|"Error ocurred: Could not find the user-interface (UI) element for this action.

Possible solutions:
 ?  Ensure application is opened and the UI element is visible on the screen at execution time
 ?  Edit the Target of the UI activity and use Validation to debug the issue.
 ?  If needed, re-indicate the element as its properties might have changed
 ?  Use Check state activity to check the application state before executing the action
 ?  Increase the Delay before value to allow time to the application to render entirely and become responsiveError Source: System.Activities"|"1"|"27/02/2026 17:03:35"|"3"|[NULL]|228|EC2AMAZ-GC6B6R8|0|BR|"7b30cc9b-49dc-4f0c-a3df-a95de5c4f9f0"|"228.OMB.Painel.Ouvidoria.Grafana"|"1.0.10"|CoE Ops - BR/Nubank/CompSol|ssmwindows\AUTOMACAO.MOPERACOES|"0"|"1"
940340|"27/02/2026 13:17:54"|"27/02/2026 13:47:32"|6|"Error ocurred: Could not find the user-interface (UI) element for this action.

Possible solutions:
 ?  Ensure application is opened and the UI element is visible on the screen at execution time
 ?  Edit the Target of the UI activity and use Validation to debug the issue.
 ?  If needed, re-indicate the element as its properties might have changed
 ?  Use Check state activity to check the application state before executing the action
 ?  Increase the Delay before value to allow time to the application to render entirely and become responsiveError Source: System.Activities"|"1"|"27/02/2026 13:47:32"|"3"|[NULL]|228|EC2AMAZ-GC6B6R8|0|BR|fc9f5fdb-0f7a-48a6-9fa0-0321a1cb5ce3|"228.OMB.Painel.Ouvidoria.Grafana"|"1.0.10"|CoE Ops - BR/Nubank/CompSol|ssmwindows\AUTOMACAO.MOPERACOES|"0"|"1"
940063|"27/02/2026 08:15:04"|"27/02/2026 08:30:27"|6|Error ocurred: Object reference not set to an instance of an object.Error Source: System.Activities|"1"|"27/02/2026 08:30:27"|"3"|[NULL]|240|EC2AMAZ-Q4IMKHB|0|BR||||||"0"|"1"
939973|"27/02/2026 06:36:36"|"27/02/2026 16:42:51"|6|"Error ocurred: Could not find the user-interface (UI) element for this action.

Possible solutions:
 ?  Ensure application is opened and the UI element is visible on the screen at execution time
 ?  Edit the Target of the UI activity and use Validation to debug the issue.
 ?  If needed, re-indicate the element as its properties might have changed
 ?  Use Check state activity to check the application state before executing the action
 ?  Increase the Delay before value to allow time to the application to render entirely and become responsiveError Source: Retry Scope: Select Item Tipo da Conta"|"1"|"27/02/2026 16:42:51"|"3"|[NULL]|95|AWS-RPAP-004|1|BR|e40ff29c-5247-453a-acc5-058ec65f1025|"095.ROP.Taxa.Inatividade.B3.SINCAD"|"1.0.26"|CoE Ops - BR/Nuinvest/AML-CFT|DOMAIN_TITULO\AUTOMACAO.MOPERACOES|"0"|"1"
939782|"26/02/2026 22:04:05"|"26/02/2026 22:32:42"|6|"Error ocurred: Uma tentativa de conexão falhou porque o componente conectado não respondeu
corretamente após um período de tempo ou a conexão estabelecida falhou
porque o host conectado não respondeu. (prod-global-scatterbrain.nubank.com.br:443)Error Source: Process.xaml : [SUB] Check Value Exist: Internal APIs\Nubank\Savings Accounts\API.Savings.Accounts.Status.xaml - Invoke Workflow File: HTTP Request - Status Savings Account"|"1"|"26/02/2026 22:32:42"|"3"|[NULL]|172|EC2AMAZ-QDRLESV|1|BR|"065ac8dc-e6c7-43af-9399-98fa31ca5de0"|"172.AML.CFT.CPF.Irregular.EMS"|"1.0.29"|CoE Ops - BR/Nubank/AML-CFT|ssmwindows\automacao.moperacoes|"0"|"1"
939597|"26/02/2026 17:25:51"|"26/02/2026 21:32:20"|6|Error ocurred: Sincad login unsuccessfulError Source: Retry Scope: Throw|"1"|"26/02/2026 21:32:20"|"3"|[NULL]|95|AWS-RPAP-004|1|BR|ae573580-82d9-4525-bf7d-a570e95b8ecc|"095.ROP.Taxa.Inatividade.B3.SINCAD"|"1.0.26"|CoE Ops - BR/Nuinvest/AML-CFT|DOMAIN_TITULO\AUTOMACAO.MOPERACOES|"0"|"1"
939433|"26/02/2026 14:22:05"|"27/02/2026 01:28:51"|6|"Error ocurred: Não foi possível encontrar o elemento de interface gráfica para esta ação.

Possíveis soluções:
 ?  Verifique se o aplicativo está aberto e se o elemento de interface gráfica está visível na tela no tempo de execução
 ?  Edite o Destino da atividade de interface gráfica e use a Validação para depurar o problema.
 ?  Se necessário, indique novamente o elemento caso as propriedades dele tenham sido alteradas
 ?  Use a atividade Check state para verificar o estado do aplicativo antes de executar a ação
 ?  Aumente o valor de Delay before para o aplicativo fazer a renderização completa a tempo e se tornar responsivoError Source: System.Activities"|"1"|"27/02/2026 01:28:51"|"3"|[NULL]|156|EC2AMAZ-EEDQ776|1|BR|"733a805c-3e84-4b63-8248-be9d4aebecc1"|"156.ROP.Executa.STA.Nubank"|"1.0.12"|CoE Ops - BR/Nubank/Jud Orders|ssmwindows\AUTOMACAO.MOPERACOES|"0"|"1"
939428|"26/02/2026 14:19:06"|"26/02/2026 14:54:27"|6|"Error ocurred: Could not find the user-interface (UI) element for this action.

Possible solutions:
 ?  Ensure application is opened and the UI element is visible on the screen at execution time
 ?  Edit the Target of the UI activity and use Validation to debug the issue.
 ?  If needed, re-indicate the element as its properties might have changed
 ?  Use Check state activity to check the application state before executing the action
 ?  Increase the Delay before value to allow time to the application to render entirely and become responsiveError Source: System.Activities"|"1"|"26/02/2026 14:54:27"|"3"|[NULL]|228|EC2AMAZ-GC6B6R8|0|BR|"74eddc21-8b39-4b91-883a-3b7298621500"|"228.OMB.Painel.Ouvidoria.Grafana"|"1.0.10"|CoE Ops - BR/Nubank/CompSol|ssmwindows\AUTOMACAO.MOPERACOES|"0"|"1"
939279|"26/02/2026 11:32:47"|"26/02/2026 16:32:19"|6|Error ocurred: ORA-03135: Connection lost contactError Source: System.Activities|"0"||"3"|[NULL]|208|EC2AMAZ-Q4IMKHB|19|BR|"47e1a7cc-4837-4adc-8d40-772234005940"|"208.CX.Extrato.Rendimentos"|"1.0.30"|CoE Ops - BR/Nubank/Ops PF|ssmwindows\AUTOMACAO.MOPERACOES|"0"|"1"
939081|"26/02/2026 08:15:32"|"26/02/2026 08:16:03"|6|Error ocurred: ORA-12899: value too large for column RPA.RPA_CTRL_CX_ENVIO_REGISTROS_ATENDIMENTOS.TELEPHONE (actual: 58, maximum: 50)Error Source: Oracle Data Provider for .NET, Managed Driver|"1"|"26/02/2026 08:16:03"|"3"|[NULL]|176|EC2AMAZ-GC6B6R8|1|||||||"0"|"1"
939008|"26/02/2026 07:08:41"|"26/02/2026 07:31:55"|6|"Error ocurred: Could not find the user-interface (UI) element for this action.

Possible solutions:
 ?  Ensure application is opened and the UI element is visible on the screen at execution time
 ?  Edit the Target of the UI activity and use Validation to debug the issue.
 ?  If needed, re-indicate the element as its properties might have changed
 ?  Use Check state activity to check the application state before executing the action
 ?  Increase the Delay before value to allow time to the application to render entirely and become responsiveError Source: System.Activities"|"1"|"26/02/2026 07:31:55"|"3"|[NULL]|228|EC2AMAZ-GC6B6R8|0|BR|abfa8871-341e-41db-83ff-52c832e61ecc|"228.OMB.Painel.Ouvidoria.Grafana"|"1.0.10"|CoE Ops - BR/Nubank/CompSol|ssmwindows\AUTOMACAO.MOPERACOES|"0"|"1"
938886|"26/02/2026 01:20:06"|"26/02/2026 01:22:44"|6|Error ocurred: ORA-00936: missing expressionError Source: Oracle Data Provider for .NET, Managed Driver|"1"|"26/02/2026 01:22:44"|"3"|[NULL]|179|EC2AMAZ-9TPRIDL|1|||||||"0"|"1"
938884|"26/02/2026 01:11:53"|"26/02/2026 01:19:22"|6|Error ocurred: Error opening document, make sure Word application is installed. If already installed, an Office Repair may be required.Error Source: Customer Document|"1"|"26/02/2026 01:19:22"|"3"|[NULL]|173|EC2AMAZ-9TPRIDL|1|BR|"9c0b45f3-839a-4885-af35-d2f1e21465dc"|"173.CX.Declaracao.Collections"|"1.0.20"|CoE Ops - BR/Nubank/Ops PF||"0"|"1"
938837|"25/02/2026 23:16:19"|"26/02/2026 00:09:59"|6|Error ocurred: Error opening document, make sure Word application is installed. If already installed, an Office Repair may be required.Error Source: System.Activities|"0"||"3"|[NULL]|208|EC2AMAZ-9TPRIDL|0|BR|"6547bef9-f451-48dc-88de-867fbfadc5eb"|"208.CX.Extrato.Rendimentos"|"1.0.30"|CoE Ops - BR/Nubank/Ops PF|ssmwindows\AUTOMACAO.MOPERACOES|"0"|"1"
938668|"25/02/2026 18:08:12"|"25/02/2026 18:32:15"|6|"Error ocurred: Could not find the user-interface (UI) element for this action.

Possible solutions:
 ?  Ensure application is opened and the UI element is visible on the screen at execution time
 ?  Edit the Target of the UI activity and use Validation to debug the issue.
 ?  If needed, re-indicate the element as its properties might have changed
 ?  Use Check state activity to check the application state before executing the action
 ?  Increase the Delay before value to allow time to the application to render entirely and become responsiveError Source: System.Activities"|"1"|"25/02/2026 18:32:15"|"3"|[NULL]|228|EC2AMAZ-GC6B6R8|0|BR|"9bacb21c-a26d-4e24-a21e-5a44411c9401"|"228.OMB.Painel.Ouvidoria.Grafana"|"1.0.10"|CoE Ops - BR/Nubank/CompSol|ssmwindows\AUTOMACAO.MOPERACOES|"0"|"1"
938644|"25/02/2026 17:38:48"|"25/02/2026 18:30:30"|6|Error ocurred: Could not find a part of the path \\nub-jud-app\JUD-arquivos\SIMBA\20260202074068913.Error Source: System.Private.CoreLib|"1"|"25/02/2026 18:30:30"|"3"|[NULL]|156|EC2AMAZ-NLK1TA2|3|BR|"08ebd3fc-291a-4595-9293-9173da2204e2"|"156.ROP.Executa.STA.Nubank"|"1.0.12"|CoE Ops - BR/Nubank/Jud Orders|ssmwindows\AUTOMACAO.MOPERACOES|"0"|"1"
938113|"25/02/2026 08:08:41"|"25/02/2026 08:09:45"|6|Error ocurred: ORA-12899: value too large for column RPA.RPA_CTRL_CX_ENVIO_REGISTROS_ATENDIMENTOS.TELEPHONE (actual: 58, maximum: 50)Error Source: Oracle Data Provider for .NET, Managed Driver|"1"|"25/02/2026 08:09:45"|"3"|[NULL]|176|EC2AMAZ-Q4IMKHB|1|||||||"0"|"1"
937850|"24/02/2026 22:03:54"|"24/02/2026 22:26:16"|2|"Error ocurred: Uma tentativa de conexão falhou porque o componente conectado não respondeu
corretamente após um período de tempo ou a conexão estabelecida falhou
porque o host conectado não respondeu. (prod-global-scatterbrain.nubank.com.br:443)Error Source: Process.xaml : [SUB] Check Value Exist: HTTP Request - CPF Person"|"1"|"24/02/2026 22:26:16"|"3"|[NULL]|172|EC2AMAZ-EEDQ776|1|BR|"474c2de1-6949-4c2b-84e6-696139da0e46"|"172.AML.CFT.CPF.Irregular.EMS"|"1.0.28"|CoE Ops - BR/Nubank/AML-CFT|ssmwindows\AUTOMACAO.MOPERACOES|"0"|"1"
937728|"24/02/2026 18:21:10"|"24/02/2026 18:24:18"|6|Error ocurred: ERROR [HYT00] [Simba][Hardy] (72) Query execution timeout expired.Error Source: Simba Spark ODBC Driver|"1"|"24/02/2026 18:24:18"|"3"|[NULL]|198|EC2AMAZ-EEDQ776|1|BR|"31b38dcd-904d-4f70-b491-938bac3d3361"|"198.OMB.Moderacoes.Reclame.Aqui"|"1.0.32"|CoE Ops - BR/Nubank/CompSol|ssmwindows\AUTOMACAO.MOPERACOES|"0"|"1"
937337|"24/02/2026 11:38:27"|"24/02/2026 11:48:35"|2|Error ocurred: ERROR [HYT00] [Simba][Hardy] (72) Query execution timeout expired.Error Source: Simba Spark ODBC Driver|"1"|"24/02/2026 11:48:35"|"3"|[NULL]|95|AWS-RPAP-003|1|||||||"0"|"1"
937336|"24/02/2026 11:38:23"|"24/02/2026 11:48:32"|2|Error ocurred: ERROR [HYT00] [Simba][Hardy] (72) Query execution timeout expired.Error Source: Simba Spark ODBC Driver|"1"|"24/02/2026 11:48:32"|"3"|[NULL]|95|AWS-RPAP-006|1|||||||"0"|"1"
937245|"24/02/2026 10:09:33"|"24/02/2026 10:09:53"|2|Error ocurred: The service sheets has thrown an exception. HttpStatusCode is InternalServerError. Internal error encountered.Error Source: Read Range|"1"|"24/02/2026 10:09:53"|"3"|[NULL]|95|AWS-RPAP-003|1|||||||"0"|"1"
937002|"24/02/2026 05:30:52"|"24/02/2026 05:32:11"|6|Error ocurred: Object reference not set to an instance of an object.Error Source: Populatequeue - Invoke Workflow File (Tasks\Populatequeue.xaml): Assign|"1"|"24/02/2026 05:32:11"|"3"|[NULL]|210|EC2AMAZ-9TPRIDL|1|BR|"8713774c-25e3-42dc-970a-9fdd576794a8"|"210.OMB.Tickets.Classification"|"1.0.67"|CoE Ops - BR/Nubank/CompSol||"0"|"1"
936989|"24/02/2026 05:00:47"|"24/02/2026 05:02:17"|6|Error ocurred: Object reference not set to an instance of an object.Error Source: Populatequeue - Invoke Workflow File (Tasks\Populatequeue.xaml): Assign|"1"|"24/02/2026 05:02:17"|"3"|[NULL]|210|EC2AMAZ-QDRLESV|1|BR|"9e640941-9aff-421f-b31d-993d0a01adf0"|"210.OMB.Tickets.Classification"|"1.0.67"|CoE Ops - BR/Nubank/CompSol||"0"|"1"
936982|"24/02/2026 04:30:26"|"24/02/2026 04:32:10"|6|Error ocurred: Object reference not set to an instance of an object.Error Source: Populatequeue - Invoke Workflow File (Tasks\Populatequeue.xaml): Assign|"1"|"24/02/2026 04:32:10"|"3"|[NULL]|210|EC2AMAZ-EEDQ776|1|BR|"4d66deeb-fee8-4972-8ee9-719c4f240819"|"210.OMB.Tickets.Classification"|"1.0.67"|CoE Ops - BR/Nubank/CompSol||"0"|"1"
936961|"24/02/2026 03:30:29"|"24/02/2026 03:32:27"|6|Error ocurred: Object reference not set to an instance of an object.Error Source: Populatequeue - Invoke Workflow File (Tasks\Populatequeue.xaml): Assign|"1"|"24/02/2026 03:32:27"|"3"|[NULL]|210|EC2AMAZ-QDRLESV|1|BR|"197459cc-e309-44d6-a2f9-1d83a68667a8"|"210.OMB.Tickets.Classification"|"1.0.67"|CoE Ops - BR/Nubank/CompSol||"0"|"1"
936950|"24/02/2026 03:00:46"|"24/02/2026 03:02:39"|6|Error ocurred: Object reference not set to an instance of an object.Error Source: Populatequeue - Invoke Workflow File (Tasks\Populatequeue.xaml): Assign|"1"|"24/02/2026 03:02:39"|"3"|[NULL]|210|EC2AMAZ-Q4IMKHB|1|BR|ef436a21-0e24-48e8-ae2d-6cb61a7ef38e|"210.OMB.Tickets.Classification"|"1.0.67"|CoE Ops - BR/Nubank/CompSol||"0"|"1"
936943|"24/02/2026 02:31:00"|"24/02/2026 02:32:32"|6|Error ocurred: Object reference not set to an instance of an object.Error Source: Populatequeue - Invoke Workflow File (Tasks\Populatequeue.xaml): Assign|"1"|"24/02/2026 02:32:32"|"3"|[NULL]|210|EC2AMAZ-Q4IMKHB|1|BR|bd4cf9d6-c079-460e-9ef6-026356a57f08|"210.OMB.Tickets.Classification"|"1.0.67"|CoE Ops - BR/Nubank/CompSol||"0"|"1"
936871|"23/02/2026 23:30:50"|"23/02/2026 23:34:16"|6|Error ocurred: Object reference not set to an instance of an object.Error Source: Populatequeue - Invoke Workflow File (Tasks\Populatequeue.xaml): Assign|"1"|"23/02/2026 23:34:16"|"3"|[NULL]|210|EC2AMAZ-NLK1TA2|1|BR|"2bcd9e6f-fc6e-48d5-bbe4-ed676d590f1e"|"210.OMB.Tickets.Classification"|"1.0.67"|CoE Ops - BR/Nubank/CompSol||"0"|"1"
936855|"23/02/2026 23:00:38"|"23/02/2026 23:04:31"|6|Error ocurred: Object reference not set to an instance of an object.Error Source: Populatequeue - Invoke Workflow File (Tasks\Populatequeue.xaml): Assign|"1"|"23/02/2026 23:04:31"|"3"|[NULL]|210|EC2AMAZ-Q4IMKHB|1|BR|"83e78541-bc1c-4ba0-87d9-9575bea7f999"|"210.OMB.Tickets.Classification"|"1.0.67"|CoE Ops - BR/Nubank/CompSol||"0"|"1"
936832|"23/02/2026 22:00:42"|"23/02/2026 22:03:58"|6|Error ocurred: Object reference not set to an instance of an object.Error Source: Populatequeue - Invoke Workflow File (Tasks\Populatequeue.xaml): Assign|"1"|"23/02/2026 22:03:58"|"3"|[NULL]|210|EC2AMAZ-Q4IMKHB|1|BR|"86b0767f-075e-4cab-8102-cb4e15c23b11"|"210.OMB.Tickets.Classification"|"1.0.67"|CoE Ops - BR/Nubank/CompSol||"0"|"1"
936822|"23/02/2026 21:30:53"|"23/02/2026 21:33:47"|6|Error ocurred: Object reference not set to an instance of an object.Error Source: Populatequeue - Invoke Workflow File (Tasks\Populatequeue.xaml): Assign|"1"|"23/02/2026 21:33:47"|"3"|[NULL]|210|EC2AMAZ-GC6B6R8|1|BR|"61298973-3018-49e2-b41f-14a73e2037eb"|"210.OMB.Tickets.Classification"|"1.0.67"|CoE Ops - BR/Nubank/CompSol||"0"|"1"
936808|"23/02/2026 21:03:19"|"23/02/2026 21:05:57"|6|Error ocurred: Object reference not set to an instance of an object.Error Source: Populatequeue - Invoke Workflow File (Tasks\Populatequeue.xaml): Assign|"1"|"23/02/2026 21:05:57"|"3"|[NULL]|210|EC2AMAZ-GC6B6R8|1|BR|ca425b37-37c3-42a6-8727-52508a4668e9|"210.OMB.Tickets.Classification"|"1.0.67"|CoE Ops - BR/Nubank/CompSol||"0"|"1"
936794|"23/02/2026 20:30:35"|"23/02/2026 20:32:38"|2|Error ocurred: Object reference not set to an instance of an object.Error Source: Populatequeue - Invoke Workflow File (Tasks\Populatequeue.xaml): Assign|"1"|"23/02/2026 20:32:38"|"3"|[NULL]|210|EC2AMAZ-ERHGKPJ|1|BR|c5fa41c3-2d93-44c0-9e48-4c830e75ced3|"210.OMB.Tickets.Classification"|"1.0.67"|CoE Ops - BR/Nubank/CompSol||"0"|"1"
936559|"23/02/2026 15:33:04"|"23/02/2026 15:34:32"|6|Error ocurred: CSV does not have rows|"1"|"23/02/2026 15:34:32"|"3"|[NULL]|222|EC2AMAZ-GC6B6R8|0|||||||"0"|"1"
936555|"23/02/2026 15:31:05"|"23/02/2026 15:40:14"|2|Error ocurred: Object reference not set to an instance of an object.Error Source: System.Activities|"1"|"23/02/2026 15:40:14"|"3"|[NULL]|264|EC2AMAZ-ERHGKPJ|21|BR|fb6ac7b3-c1df-40b9-bccb-95f2c49c732b|"264.Growth.Sedex"|"1.0.7"|CoE Ops - BR/Nubank/Ops PF|ssmwindows\AUTOMACAO.MOPERACOES|"0"|"1"
935801|"23/02/2026 00:00:30"|"23/02/2026 00:00:47"|6|Error ocurred: The request timed-out.Error Source: HTTP chat.postMessage|"1"|"23/02/2026 00:00:47"|"3"|[NULL]|153|EC2AMAZ-ERHGKPJ|1|||||||"0"|"1"
935604|"22/02/2026 14:02:38"|"23/02/2026 01:19:30"|6|"Error ocurred: Could not find the user-interface (UI) element for this action.

Possible solutions:
 ?  Ensure application is opened and the UI element is visible on the screen at execution time
 ?  Edit the Target of the UI activity and use Validation to debug the issue.
 ?  If needed, re-indicate the element as its properties might have changed
 ?  Use Check state activity to check the application state before executing the action
 ?  Increase the Delay before value to allow time to the application to render entirely and become responsiveError Source: System.Activities"|"1"|"23/02/2026 01:19:30"|"3"|[NULL]|156|EC2AMAZ-GC6B6R8|1|BR|ad332e43-7324-4eae-83a2-8bc61a8bfd9f|"156.ROP.Executa.STA.Nubank"|"1.0.12"|CoE Ops - BR/Nubank/Jud Orders|ssmwindows\AUTOMACAO.MOPERACOES|"0"|"1"
935301|"21/02/2026 23:20:24"|"21/02/2026 23:25:37"|6|"Error ocurred: Status code: 520 ()
Error Source: API.Waze.Shard.Mapping - Invoke Workflow File (Internal APIs\Nubank\Waze\API.Waze.Shard.Mapping.xaml): Get Asset - Environment"|"0"||"3"|[NULL]|208|EC2AMAZ-NLK1TA2|0|BR|"5ab19f57-30f8-44e2-8f23-dab258e51413"|"208.CX.Extrato.Rendimentos"|"1.0.30"|CoE Ops - BR/Nubank/Ops PF|ssmwindows\AUTOMACAO.MOPERACOES|"0"|"1"
935200|"21/02/2026 18:06:25"|"21/02/2026 18:07:49"|6|Error ocurred: Não é possível atribuir `jServiceResult(savings_account)(bank_account)(number).ToString+-+jServiceResult(savings_account)(bank_account)(check_digit).ToString? a sAccountNumber.Error Source: Throw|"0"||"3"|[NULL]|196|EC2AMAZ-EEDQ776|0|BR|edc471dd-12eb-4332-b718-eccd98d34af8|"196.CX.Extrato.RDB"|"1.0.43"|CoE Ops - BR/Nubank/Ops PF||"0"|"1"
935044|"21/02/2026 11:00:57"|"21/02/2026 11:14:58"|6|"Error ocurred: Cannot select item. It was not found among existing items.
TIP: Some combo-boxes delay load items until its dropdown is expanded. Try to simulate a click on control prior to selecting an item.Error Source: Select Item Computador Destino"|"1"|"21/02/2026 11:14:58"|"3"|[NULL]|226|EC2AMAZ-GC6B6R8|12|BR||||||"0"|"1"
934532|"20/02/2026 16:56:13"|"20/02/2026 17:24:11"|6|"Error ocurred: Could not find the user-interface (UI) element for this action.

Possible solutions:
 ?  Ensure application is opened and the UI element is visible on the screen at execution time
 ?  Edit the Target of the UI activity and use Validation to debug the issue.
 ?  If needed, re-indicate the element as its properties might have changed
 ?  Use Check state activity to check the application state before executing the action
 ?  Increase the Delay before value to allow time to the application to render entirely and become responsiveError Source: System.Activities"|"1"|"20/02/2026 17:24:11"|"3"|[NULL]|228|EC2AMAZ-Q4IMKHB|0|BR|"0ca6d754-172b-4c1d-bdb0-a58f446a933f"|"228.OMB.Painel.Ouvidoria.Grafana"|"1.0.10"|CoE Ops - BR/Nubank/CompSol|ssmwindows\AUTOMACAO.MOPERACOES|"0"|"1"
934382|"20/02/2026 13:55:54"|"20/02/2026 14:24:00"|6|"Error ocurred: Could not find the user-interface (UI) element for this action.

Possible solutions:
 ?  Ensure application is opened and the UI element is visible on the screen at execution time
 ?  Edit the Target of the UI activity and use Validation to debug the issue.
 ?  If needed, re-indicate the element as its properties might have changed
 ?  Use Check state activity to check the application state before executing the action
 ?  Increase the Delay before value to allow time to the application to render entirely and become responsiveError Source: System.Activities"|"1"|"20/02/2026 14:24:00"|"3"|[NULL]|228|EC2AMAZ-Q4IMKHB|0|BR|"864f4833-d7eb-4312-b561-d21208f2e715"|"228.OMB.Painel.Ouvidoria.Grafana"|"1.0.10"|CoE Ops - BR/Nubank/CompSol|ssmwindows\AUTOMACAO.MOPERACOES|"0"|"1"
934360|"20/02/2026 13:22:21"|"20/02/2026 18:23:34"|2|Error ocurred: ORA-01843: not a valid monthError Source: Oracle Data Provider for .NET, Managed Driver|"1"|"20/02/2026 18:23:34"|"3"|[NULL]|146|EC2AMAZ-EEDQ776|0|BR|ce2ed7a5-773d-4091-81a1-a8bd77e9ea7b|"146.RegSol.KYC.Customer.Data.Extraction"|"2.0.18"|CoE Ops - BR/Nubank/AML-CFT|ssmwindows\AUTOMACAO.MOPERACOES|"0"|"1"
934208|"20/02/2026 10:37:12"|"20/02/2026 10:47:23"|6|Error ocurred: Customer ID not found for CPF [00000000400] in Shard [s11]|"1"|"20/02/2026 10:47:23"|"3"|[NULL]|85|EC2AMAZ-9TPRIDL|1|BR|e1bda4cd-6432-456c-bfd4-47f1cea0e7b7|"085.ROP.Oficios.Monitorados"|"1.0.20"|CoE Ops - BR/Nubank/Jud Orders|ssmwindows\AUTOMACAO.MOPERACOES|"0"|"1"
934064|"20/02/2026 08:44:58"|"20/02/2026 08:47:48"|6|Error ocurred: There is insufficient memory or disk space. Word cannot display the requested font.Error Source: Tasks\GetChatMessage.xaml - Invoke Workflow File: Save Document as PDF - ChatMessage|"1"|"20/02/2026 08:47:48"|"3"|[NULL]|176|EC2AMAZ-9TPRIDL|1|||||||"0"|"1"
933930|"20/02/2026 06:08:56"|"20/02/2026 09:15:59"|6|Error ocurred: An error occurred while calling the endpoint - 503Error Source: System.Activities|"1"|"20/02/2026 09:15:59"|"3"|[NULL]|273|EC2AMAZ-NLK1TA2|5811|BR|"40f9f0ba-8257-4b89-a592-6e006e9d6596"|"273.AML.Varys"|"1.0.10"|CoE Ops - BR/Nubank/AML-CFT|ssmwindows\AUTOMACAO.MOPERACOES|"0"|"1"
933497|"19/02/2026 16:46:06"|"19/02/2026 16:46:16"|6|Error ocurred: Errro - Input Sheet Not Found in Thread on judqualiter-seniors channel|"1"|"19/02/2026 16:46:16"|"3"|[NULL]|259|EC2AMAZ-QDRLESV|0|BR|f17f4e83-c1a9-428e-9b4e-1487d2c6a7c4|"259-rpa-jud-quality-broker-automation"|"1.0.5"|CoE Ops - BR/Nubank/Jud Orders|ssmwindows\AUTOMACAO.MOPERACOES|"0"|"1"
933030|"19/02/2026 09:02:15"|"19/02/2026 11:56:17"|6|Error ocurred: Error HRESULT E_FAIL has been returned from a call to a COM component.Error Source: Retry Scope|"1"|"19/02/2026 11:56:17"|"3"|[NULL]|156|EC2AMAZ-NLK1TA2|17|BR|dd02d077-6447-42d0-98cd-90b5a4ea3c40|"156.ROP.Executa.STA.Nubank"|"1.0.12"|CoE Ops - BR/Nubank/Jud Orders|ssmwindows\AUTOMACAO.MOPERACOES|"0"|"1"
932933|"19/02/2026 07:32:13"|"19/02/2026 07:32:24"|6|Error ocurred: Errro - Input Sheet Not Found in Thread on judqualiter-seniors channel|"1"|"19/02/2026 07:32:24"|"3"|[NULL]|259|EC2AMAZ-NLK1TA2|0|BR|"2e46d10b-4518-46b0-9747-b85077b62933"|"259-rpa-jud-quality-broker-automation"|"1.0.5"|CoE Ops - BR/Nubank/Jud Orders|ssmwindows\AUTOMACAO.MOPERACOES|"0"|"1"
932309|"18/02/2026 14:16:19"|"19/02/2026 01:17:39"|6|"Error ocurred: Could not find the user-interface (UI) element for this action.

Possible solutions:
 ?  Ensure application is opened and the UI element is visible on the screen at execution time
 ?  Edit the Target of the UI activity and use Validation to debug the issue.
 ?  If needed, re-indicate the element as its properties might have changed
 ?  Use Check state activity to check the application state before executing the action
 ?  Increase the Delay before value to allow time to the application to render entirely and become responsiveError Source: System.Activities"|"1"|"19/02/2026 01:17:39"|"3"|[NULL]|156|EC2AMAZ-QDRLESV|1|BR|"301d4845-def8-4b46-8aa3-9b62f12371b4"|"156.ROP.Executa.STA.Nubank"|"1.0.12"|CoE Ops - BR/Nubank/Jud Orders|ssmwindows\AUTOMACAO.MOPERACOES|"0"|"1"
931169|"17/02/2026 14:04:24"|"17/02/2026 15:57:30"|6|Error ocurred: Could not find a part of the path \\nub-jud-app\JUD-arquivos\SIMBA\20260212145471321.Error Source: System.Private.CoreLib|"1"|"17/02/2026 15:57:30"|"3"|[NULL]|156|EC2AMAZ-Q4IMKHB|62|BR|c376279b-98d6-46ba-92a9-ebd397f04ee2|"156.ROP.Executa.STA.Nubank"|"1.0.12"|CoE Ops - BR/Nubank/Jud Orders|ssmwindows\AUTOMACAO.MOPERACOES|"0"|"1"
929768|"16/02/2026 09:49:54"|"16/02/2026 09:51:28"|6|Error ocurred: ORA-12899: value too large for column RPA.RPA_CTRL_CX_DECLARACAO_COLLECTIONS.STATUS (actual: 38, maximum: 30)Error Source: Oracle Data Provider for .NET, Managed Driver|"1"|"16/02/2026 09:51:28"|"3"|[NULL]|173|EC2AMAZ-NLK1TA2|1|BR|"20f717dc-e6e9-4e3f-a526-b53cd4e87480"|"173.CX.Declaracao.Collections"|"1.0.19"|CoE Ops - BR/Nubank/Ops PF||"0"|"1"
929618|"16/02/2026 07:30:30"|"16/02/2026 07:31:36"|2|Error ocurred: ORA-00933: SQL command not properly endedError Source: Oracle Data Provider for .NET, Managed Driver|"1"|"16/02/2026 07:31:36"|"3"|[NULL]|259|EC2AMAZ-EEDQ776|0|BR|"59797a98-61a4-415e-9c9d-594c817360db"|"259-rpa-jud-quality-broker-automation"|"1.0.5"|CoE Ops - BR/Nubank/Jud Orders|ssmwindows\AUTOMACAO.MOPERACOES|"0"|"1"
929228|"15/02/2026 15:30:31"|"15/02/2026 15:31:34"|2|Error ocurred: ORA-00933: SQL command not properly endedError Source: Oracle Data Provider for .NET, Managed Driver|"1"|"15/02/2026 15:31:34"|"3"|[NULL]|259|EC2AMAZ-QDRLESV|0|BR|dba0d1a8-04b5-448b-ad32-cff24135f339|"259-rpa-jud-quality-broker-automation"|"1.0.5"|CoE Ops - BR/Nubank/Jud Orders|ssmwindows\AUTOMACAO.MOPERACOES|"0"|"1"
929203|"15/02/2026 14:02:19"|"15/02/2026 19:18:00"|6|Error ocurred: Error HRESULT E_FAIL has been returned from a call to a COM component.Error Source: Retry Scope|"1"|"15/02/2026 19:18:00"|"3"|[NULL]|156|EC2AMAZ-GC6B6R8|4|BR|"67c1a1e6-6ca9-4129-b82c-73589e413ed3"|"156.ROP.Executa.STA.Nubank"|"1.0.12"|CoE Ops - BR/Nubank/Jud Orders|ssmwindows\AUTOMACAO.MOPERACOES|"0"|"1"
929145|"15/02/2026 11:03:07"|"15/02/2026 11:04:04"|6|Error ocurred: The activity For Each File/Folder with ID 3857 threw or propagated an exception while being canceled.Error Source: System.Private.CoreLib|"1"|"15/02/2026 11:04:04"|"3"|[NULL]|157|EC2AMAZ-GC6B6R8|1|BR|e8b39fad-4974-4f1f-b196-4ea4a8908b32|"157.LGL.Payments.Receipt"|"1.0.27"|Nubank/Legal|ssmwindows\AUTOMACAO.MOPERACOES|"0"|"1"
929061|"15/02/2026 07:30:35"|"15/02/2026 07:31:36"|2|Error ocurred: ORA-00933: SQL command not properly endedError Source: Oracle Data Provider for .NET, Managed Driver|"1"|"15/02/2026 07:31:36"|"3"|[NULL]|259|EC2AMAZ-ERHGKPJ|0|BR|"6cfd4e98-e03b-4930-bdbd-ca98f27c3879"|"259-rpa-jud-quality-broker-automation"|"1.0.5"|CoE Ops - BR/Nubank/Jud Orders|ssmwindows\AUTOMACAO.MOPERACOES|"0"|"1"
928740|"14/02/2026 15:30:34"|"14/02/2026 15:31:38"|2|Error ocurred: ORA-00933: SQL command not properly endedError Source: Oracle Data Provider for .NET, Managed Driver|"1"|"14/02/2026 15:31:38"|"3"|[NULL]|259|EC2AMAZ-ERHGKPJ|0|BR|"7baf0b87-2b31-4271-a8af-188361a3a246"|"259-rpa-jud-quality-broker-automation"|"1.0.5"|CoE Ops - BR/Nubank/Jud Orders|ssmwindows\AUTOMACAO.MOPERACOES|"0"|"1"
928712|"14/02/2026 14:02:53"|"14/02/2026 18:24:36"|6|"Error ocurred: Could not find the user-interface (UI) element for this action.

Possible solutions:
 ?  Ensure application is opened and the UI element is visible on the screen at execution time
 ?  Edit the Target of the UI activity and use Validation to debug the issue.
 ?  If needed, re-indicate the element as its properties might have changed
 ?  Use Check state activity to check the application state before executing the action
 ?  Increase the Delay before value to allow time to the application to render entirely and become responsiveError Source: System.Activities"|"1"|"14/02/2026 18:24:36"|"3"|[NULL]|156|EC2AMAZ-NLK1TA2|1|BR|"7c0466d6-cf66-4b77-9caa-bf8914c820c4"|"156.ROP.Executa.STA.Nubank"|"1.0.12"|CoE Ops - BR/Nubank/Jud Orders|ssmwindows\AUTOMACAO.MOPERACOES|"0"|"1"
928570|"14/02/2026 07:30:48"|"14/02/2026 07:34:36"|2|Error ocurred: ORA-00933: SQL command not properly endedError Source: Oracle Data Provider for .NET, Managed Driver|"1"|"14/02/2026 07:34:36"|"3"|[NULL]|259|EC2AMAZ-9TPRIDL|31|BR|"53149d56-19be-44c4-bfbe-103614d7dbb5"|"259-rpa-jud-quality-broker-automation"|"1.0.5"|CoE Ops - BR/Nubank/Jud Orders|ssmwindows\AUTOMACAO.MOPERACOES|"0"|"1"
928364|"13/02/2026 22:11:30"|"13/02/2026 22:16:28"|6|Error ocurred: The activity Try Catch - Process.xaml  with ID 57 threw or propagated an exception while being canceled.Error Source: System.Private.CoreLib|"1"|"13/02/2026 22:16:28"|"3"|[NULL]|172|EC2AMAZ-GC6B6R8|1|BR|d66aed53-a111-4408-9051-4cd43b22e25b|"172.AML.CFT.CPF.Irregular.EMS"|"1.0.28"|CoE Ops - BR/Nubank/AML-CFT|ssmwindows\AUTOMACAO.MOPERACOES|"0"|"1"
928352|"13/02/2026 22:01:15"|"13/02/2026 22:15:24"|6|Error ocurred: Value cannot be null. (Parameter Existing connection is invalid. Please ensure the connection can be established.)Error Source: Get Variables - Invoke Workflow File (Get Variables.xaml): Execute Query|"1"|"13/02/2026 22:15:24"|"3"|[NULL]|210|EC2AMAZ-9TPRIDL|1|BR|"178efc75-e558-4985-b0c7-d93a25831725"|"210.OMB.Tickets.Classification"|"1.0.66"|CoE Ops - BR/Nubank/CompSol||"0"|"1"
928206|"13/02/2026 18:19:59"|"13/02/2026 22:15:25"|6|Error ocurred: Object reference not set to an instance of an object.Error Source: rpa-varys-273_Expressions_Main|"1"|"13/02/2026 22:15:25"|"3"|[NULL]|273|EC2AMAZ-JQFN3S8|0|BR|aa2b65b8-3571-4b61-93bb-948d1cf9e4d3|rpa-varys-273|"1.0.10"|CoE Ops - BR/Nubank/Ops PF|ssmwindows\adriane.pedroso.taki|"0"|"1"
928046|"13/02/2026 15:39:53"|"13/02/2026 15:41:13"|6|Error ocurred: CSV does not have rows|"1"|"13/02/2026 15:41:13"|"3"|[NULL]|222|EC2AMAZ-Q4IMKHB|0|||||||"0"|"1"
927508|"13/02/2026 06:07:57"|"13/02/2026 07:09:43"|6|Error ocurred: An error occurred while calling the endpoint - 503Error Source: System.Activities|"1"|"13/02/2026 07:09:43"|"3"|[NULL]|273|EC2AMAZ-ERHGKPJ|2264|BR|bda9f568-5732-4462-8055-d11bb143cc61|"273.AML.Varys"|"1.0.10"|CoE Ops - BR/Nubank/AML-CFT|ssmwindows\AUTOMACAO.MOPERACOES|"0"|"1"
927214|"12/02/2026 19:45:33"|"13/02/2026 01:19:02"|6|"Error ocurred: Could not find the user-interface (UI) element for this action.

Possible solutions:
 ?  Ensure application is opened and the UI element is visible on the screen at execution time
 ?  Edit the Target of the UI activity and use Validation to debug the issue.
 ?  If needed, re-indicate the element as its properties might have changed
 ?  Use Check state activity to check the application state before executing the action
 ?  Increase the Delay before value to allow time to the application to render entirely and become responsiveError Source: System.Activities"|"1"|"13/02/2026 01:19:02"|"3"|[NULL]|156|EC2AMAZ-GC6B6R8|1|BR|"84cb0c9e-aa6a-49f3-90c4-cfa87cd3ad60"|"156.ROP.Executa.STA.Nubank"|"1.0.12"|CoE Ops - BR/Nubank/Jud Orders|ssmwindows\AUTOMACAO.MOPERACOES|"0"|"1"
927040|"12/02/2026 16:02:48"|"12/02/2026 16:06:13"|6|Error ocurred: Cannot bring the target application in the foreground. The action was blocked by the current foreground window We cant sign in to your account from the process explorer.exe.Error Source: Retry Scope|"1"|"12/02/2026 16:06:13"|"3"|[NULL]|130|AWS-RPAP-004|1|BR|"49913037-a636-4f6b-b732-fc24b027b7ff"|"130.CX.Relatorios.Notas"|"1.0.57"|CoE Ops - BR/Nuinvest/Ops PF||"0"|"1"
926788|"12/02/2026 11:30:27"|"12/02/2026 11:37:39"|6|Error ocurred: Customer ID not found for CPF [00000000500] in Shard [s15]|"1"|"12/02/2026 11:37:39"|"3"|[NULL]|85|EC2AMAZ-ERHGKPJ|1|BR|cbf399d4-ca17-46ce-a4ec-47b42bbab2a1|"085.ROP.Oficios.Monitorados"|"1.0.20"|CoE Ops - BR/Nubank/Jud Orders|ssmwindows\AUTOMACAO.MOPERACOES|"0"|"1"
926314|"11/02/2026 23:00:36"|"12/02/2026 00:15:38"|6|Error ocurred: No open windows found for open_spb.exe. Please check if the application is running.Error Source: 11_FixedIncome.TradingNote.xaml - Invoke Workflow File: Use Application: Virtual Software  - Open Market     Carteira: EASYNVEST - TITULO CORRETORA DE VALOR|"1"|"12/02/2026 00:15:38"|"3"|[NULL]|130|AWS-RPAP-004|1|BR|"49b83766-274a-4c0b-ae46-43467c5e9160"|"130.CX.Relatorios.Notas"|"1.0.57"|CoE Ops - BR/Nuinvest/Ops PF||"0"|"1"
926013|"11/02/2026 15:40:28"|"11/02/2026 15:41:58"|6|Error ocurred: CSV does not have rows|"1"|"11/02/2026 15:41:58"|"3"|[NULL]|222|EC2AMAZ-GC6B6R8|0|||||||"0"|"1"
925924|"11/02/2026 13:55:16"|"12/02/2026 01:19:16"|6|"Error ocurred: Could not find the user-interface (UI) element for this action.

Possible solutions:
 ?  Ensure application is opened and the UI element is visible on the screen at execution time
 ?  Edit the Target of the UI activity and use Validation to debug the issue.
 ?  If needed, re-indicate the element as its properties might have changed
 ?  Use Check state activity to check the application state before executing the action
 ?  Increase the Delay before value to allow time to the application to render entirely and become responsiveError Source: System.Activities"|"1"|"12/02/2026 01:19:16"|"3"|[NULL]|156|EC2AMAZ-QDRLESV|1|BR|"26ab406d-af61-4853-95f5-a9a894983a0b"|"156.ROP.Executa.STA.Nubank"|"1.0.12"|CoE Ops - BR/Nubank/Jud Orders|ssmwindows\AUTOMACAO.MOPERACOES|"0"|"1"
925755|"11/02/2026 10:26:22"|"11/02/2026 12:12:15"|6|Error ocurred: Error HRESULT E_FAIL has been returned from a call to a COM component.Error Source: Retry Scope|"1"|"11/02/2026 12:12:15"|"3"|[NULL]|156|EC2AMAZ-Q4IMKHB|5|BR|ec3384ef-cf54-47a4-b356-84f9fe148cc6|"156.ROP.Executa.STA.Nubank"|"1.0.12"|CoE Ops - BR/Nubank/Jud Orders|ssmwindows\AUTOMACAO.MOPERACOES|"0"|"1"
925436|"11/02/2026 01:24:06"|"11/02/2026 01:50:09"|6|"Error ocurred: Could not find the user-interface (UI) element for this action.

Possible solutions:
 ?  Ensure application is opened and the UI element is visible on the screen at execution time
 ?  Edit the Target of the UI activity and use Validation to debug the issue.
 ?  If needed, re-indicate the element as its properties might have changed
 ?  Use Check state activity to check the application state before executing the action
 ?  Increase the Delay before value to allow time to the application to render entirely and become responsiveError Source: System.Activities"|"1"|"11/02/2026 01:50:09"|"3"|[NULL]|156|EC2AMAZ-QDRLESV|1|BR|"27a516d1-e236-4408-8c6f-a987bda4fa0d"|"156.ROP.Executa.STA.Nubank"|"1.0.12"|CoE Ops - BR/Nubank/Jud Orders|ssmwindows\AUTOMACAO.MOPERACOES|"0"|"1"
925242|"10/02/2026 18:49:28"|"10/02/2026 18:50:02"|6|Error ocurred: Connection [c592ec09-009c-4bd5-b8c7-1a691a25d546] failed to authorizeError Source: ExtractRulesTable - Invoke Workflow File (Tasks\Project\ExtractRulesTable.xaml): Retry Scope Read Rules Table|"1"|"10/02/2026 18:50:02"|"3"|[NULL]|247|EC2AMAZ-QDRLESV|0|BR|"21611dd0-cbb1-4e0c-b587-de36ab422fa4"|"247.COMPSOL.Agencia.Externa"|"1.0.6"|CoE Ops - BR/Nubank/CompSol|ssmwindows\AUTOMACAO.MOPERACOES|"0"|"1"
925241|"10/02/2026 18:47:38"|"10/02/2026 18:48:26"|6|Error ocurred: Connection [c592ec09-009c-4bd5-b8c7-1a691a25d546] failed to authorizeError Source: Zendesk_Handle_Blank_Tickets.xaml - Invoke Workflow File: Retry Scope|"1"|"10/02/2026 18:48:26"|"3"|[NULL]|119|EC2AMAZ-EEDQ776|1|BR|ecad0968-aa31-4b9e-ab0f-d6edb3811c26|"119.CXC.Blank.Emails.Zendesk"|"1.0.34"|CoE Ops - BR/Nubank/Ops PF|ssmwindows\AUTOMACAO.MOPERACOES|"0"|"1"
925148|"10/02/2026 16:36:11"|"10/02/2026 17:12:06"|6|"Falha ao requistar relatorio no SinacorWeb: STATUS CODE: 404 | RESPONSE: <!DOCTYPE HTML PUBLIC -//W3C//DTD HTML 4.01//ENhttp://www.w3.org/TR/html4/strict.dtd>
<HTML><HEAD><TITLE>Not Found</TITLE>
<META HTTP-EQUIV=Content-Type Content=text/html; charset=us-ascii></HEAD>
<BODY><h2>Not Found</h2>
<hr><p>HTTP Error 404. The requested resource is not found.</p>
</BODY></HTML>
"|"1"|"10/02/2026 17:12:06"|"3"|[NULL]|48|AWS-RPAP-005|1|||||||"0"|"1"
925134|"10/02/2026 16:20:06"|"10/02/2026 16:23:06"|6|"Error ocurred: Não foi possível encontrar o elemento de interface gráfica para esta ação.

Possíveis soluções:
 ?  Verifique se o aplicativo está aberto e se o elemento de interface gráfica está visível na tela no tempo de execução
 ?  Edite o Destino da atividade de interface gráfica e use a Validação para depurar o problema.
 ?  Se necessário, indique novamente o elemento caso as propriedades dele tenham sido alteradas
 ?  Use a atividade Check state para verificar o estado do aplicativo antes de executar a ação
 ?  Aumente o valor de Delay before para o aplicativo fazer a renderização completa a tempo e se tornar responsivoError Source: Perform.Serasa - Invoke Workflow File (Tasks\Perform.Serasa.xaml): Login.Serasa - Invoke Workflow File (Login.Serasa.xaml): Get assets and Login"|"1"|"10/02/2026 16:23:06"|"3"|[NULL]|144|EC2AMAZ-EEDQ776|1|BR|"87f1b914-c00e-4225-b8c4-1252ae019ed6"|"144.LGL.Retirada.Apontamento"|"1.3.16"|Nubank/Legal|ssmwindows\AUTOMACAO.MOPERACOES|"0"|"1"
925091|"10/02/2026 15:33:01"|"10/02/2026 15:34:32"|6|Error ocurred: CSV does not have rows|"1"|"10/02/2026 15:34:32"|"3"|[NULL]|222|EC2AMAZ-EEDQ776|0|||||||"0"|"1"
924835|"10/02/2026 11:38:50"|"10/02/2026 11:40:29"|6|Error ocurred: CSV does not have rows|"1"|"10/02/2026 11:40:29"|"3"|[NULL]|222|EC2AMAZ-GC6B6R8|0|||||||"0"|"1"
924768|"10/02/2026 10:44:15"|"10/02/2026 10:45:54"|6|Error ocurred: Unexpected character encountered while parsing value: <. Path , line 0, position 0.Error Source: Deserialize JSON|"1"|"10/02/2026 10:45:54"|"3"|[NULL]|85|EC2AMAZ-9TPRIDL|1|BR|"319b0bb6-25e8-451d-b1dd-d7ea3a4100e6"|"085.ROP.Oficios.Monitorados"|"1.0.20"|CoE Ops - BR/Nubank/Jud Orders|ssmwindows\AUTOMACAO.MOPERACOES|"0"|"1"
924335|"09/02/2026 22:11:49"|"09/02/2026 22:43:38"|6|"Error ocurred: Uma tentativa de conexão falhou porque o componente conectado não respondeu
corretamente após um período de tempo ou a conexão estabelecida falhou
porque o host conectado não respondeu. (prod-global-scatterbrain.nubank.com.br:443)Error Source: Process.xaml : [SUB] Check Value Exist: Internal APIs\Nubank\Savings Accounts\API.Savings.Accounts.Status.xaml - Invoke Workflow File: HTTP Request - Status Savings Account"|"1"|"09/02/2026 22:43:38"|"3"|[NULL]|172|EC2AMAZ-QDRLESV|1|BR|d2fd7951-4baf-4a7d-a848-99d86eb2154f|"172.AML.CFT.CPF.Irregular.EMS"|"1.0.28"|CoE Ops - BR/Nubank/AML-CFT|ssmwindows\AUTOMACAO.MOPERACOES|"0"|"1"
924065|"09/02/2026 16:01:13"|"09/02/2026 16:08:26"|2|Error ocurred: The service sheets has thrown an exception. HttpStatusCode is BadRequest. Range (WLs - Individual - Ouvidoria!A5718) exceeds grid limits. Max rows: 5717, max columns: 13Error Source: Tasks\Get.Data.From.Spreadsheet.xaml : Retry Scope - Google Workspace Scope|"1"|"09/02/2026 16:08:26"|"3"|[NULL]|200|EC2AMAZ-ERHGKPJ|1|BR||||||"0"|"1"
924038|"09/02/2026 15:36:55"|"09/02/2026 15:38:20"|6|Error ocurred: CSV does not have rows|"1"|"09/02/2026 15:38:20"|"3"|[NULL]|222|EC2AMAZ-NLK1TA2|0|||||||"0"|"1"
923516|"09/02/2026 07:01:29"|"09/02/2026 07:08:27"|6|Error ocurred: The service sheets has thrown an exception. HttpStatusCode is BadRequest. Range (WLs - Individual - Ouvidoria!A5718) exceeds grid limits. Max rows: 5717, max columns: 13Error Source: Tasks\Get.Data.From.Spreadsheet.xaml : Retry Scope - Google Workspace Scope|"1"|"09/02/2026 07:08:27"|"3"|[NULL]|200|EC2AMAZ-GC6B6R8|1|BR||||||"0"|"1"
923251|"08/02/2026 17:43:09"|"08/02/2026 18:10:39"|6|Error ocurred: No open windows found for open_spb.exe. Please check if the application is running.Error Source: 11_FixedIncome.TradingNote.xaml - Invoke Workflow File: Use Application: Virtual Software  - Open Market     Carteira: EASYNVEST - TITULO CORRETORA DE VALOR|"1"|"08/02/2026 18:10:39"|"3"|[NULL]|130|AWS-RPAP-004|1|BR|"28ca5f04-37d5-42fd-ab0d-0ae4341dbcad"|"130.CX.Relatorios.Notas"|"1.0.57"|CoE Ops - BR/Nuinvest/Ops PF||"0"|"1"
923145|"08/02/2026 11:16:17"|"08/02/2026 13:46:00"|2|Error ocurred: The request timed-out.Error Source: System.Activities|"0"||"3"|[NULL]|208|EC2AMAZ-9TPRIDL|3|BR|e2f4c22c-09ee-40b7-bd9f-45e7a57f3457|"208.CX.Extrato.Rendimentos"|"1.0.25"|CoE Ops - BR/Nubank/Ops PF|ssmwindows\AUTOMACAO.MOPERACOES|"0"|"1"
922943|"07/02/2026 23:20:33"|"08/02/2026 01:27:52"|2|Error ocurred: The request timed-out.Error Source: System.Activities|"0"||"3"|[NULL]|208|EC2AMAZ-QDRLESV|0|BR|e3c1296d-5a0e-402a-8343-993dcd541a0c|"208.CX.Extrato.Rendimentos"|"1.0.25"|CoE Ops - BR/Nubank/Ops PF|ssmwindows\AUTOMACAO.MOPERACOES|"0"|"1"
922801|"07/02/2026 14:45:26"|"07/02/2026 18:29:42"|2|Error ocurred: The request timed-out.Error Source: System.Activities|"0"||"3"|[NULL]|208|EC2AMAZ-NLK1TA2|6|BR|ce323a2c-2c80-4d59-bce5-3779899d788d|"208.CX.Extrato.Rendimentos"|"1.0.25"|CoE Ops - BR/Nubank/Ops PF|ssmwindows\AUTOMACAO.MOPERACOES|"0"|"1"
922236|"06/02/2026 15:34:24"|"06/02/2026 15:35:44"|6|Error ocurred: CSV does not have rows|"1"|"06/02/2026 15:35:44"|"3"|[NULL]|222|EC2AMAZ-NLK1TA2|0|||||||"0"|"1"
921986|"06/02/2026 11:33:16"|"06/02/2026 11:34:37"|6|Error ocurred: CSV does not have rows|"1"|"06/02/2026 11:34:37"|"3"|[NULL]|222|EC2AMAZ-NLK1TA2|0|||||||"0"|"1"
921967|"06/02/2026 11:16:55"|"06/02/2026 11:36:30"|2|Error ocurred: ORA-00936: missing expressionError Source: Oracle Data Provider for .NET, Managed Driver|"1"|"06/02/2026 11:36:30"|"3"|[NULL]|185|EC2AMAZ-ERHGKPJ|1|BR|cf31f00a-fd55-4f20-89ce-b71bf375c905|"185.CX.Declaracao.Investments"|"1.0.37"|CoE Ops - BR/Nubank/Ops PF||"0"|"1"
921654|"06/02/2026 01:18:56"|"06/02/2026 12:10:50"|6|Error ocurred: Error HRESULT E_FAIL has been returned from a call to a COM component.Error Source: Retry Scope|"1"|"06/02/2026 12:10:50"|"3"|[NULL]|156|EC2AMAZ-9TPRIDL|3|BR|"5e50b68b-25e0-4616-aabf-5d516c5bcd06"|"156.ROP.Executa.STA.Nubank"|"1.0.12"|CoE Ops - BR/Nubank/Jud Orders|ssmwindows\AUTOMACAO.MOPERACOES|"0"|"1"
921592|"05/02/2026 23:01:00"|"05/02/2026 23:02:41"|6|Unexpected character encountered while parsing value: <. Path , line 0, position 0.|"1"|"05/02/2026 23:02:41"|"3"|[NULL]|35|AWS-RPAP-004|1|BR|e97792d8-6251-4692-b75c-53013ecc2374|"035.CX.Geracao.notas.clientes"|"2.0.30"|CoE Ops - BR/Nuinvest/Ops PF|DOMAIN_TITULO\automacao.moperacoes|"0"|"1"
921579|"05/02/2026 22:28:18"|"05/02/2026 22:44:49"|6|Nenhuma conexão pôde ser feita porque a máquina de destino as recusou ativamente. (sinacor.titulo.net:25149)|"1"|"05/02/2026 22:44:49"|"3"|[NULL]|35|AWS-RPAP-004|1|BR|b389fb55-6da2-4a18-a73c-a87f5164096a|"035.CX.Geracao.notas.clientes"|"2.0.30"|CoE Ops - BR/Nuinvest/Ops PF|DOMAIN_TITULO\automacao.moperacoes|"0"|"1"
921505|"05/02/2026 19:50:21"|"05/02/2026 22:27:54"|6|Error ocurred: Login Virtual RF Open SBP Client Fail.Error Source: Retry Scope|"1"|"05/02/2026 22:27:54"|"3"|[NULL]|130|AWS-RPAP-004|1|BR|e75ddb7b-365b-4e33-abf7-b077315e3086|"130.CX.Relatorios.Notas"|"1.0.57"|CoE Ops - BR/Nuinvest/Ops PF||"0"|"1"
921025|"05/02/2026 11:06:55"|"05/02/2026 11:07:27"|2|Error ocurred: Bucket de Armazenamento Query não encontradoError Source: Tasks\BD\Clear_DB_SINCAD-PendingFields.xaml - Invoke Workflow File: Retry Scope - Read Storage Text - sQueryDelSincadPending|"1"|"05/02/2026 11:07:27"|"3"|[NULL]|21|AWS-RPAP-006|1|BR|"0f105cc9-dd96-4285-a601-8a52680abbe2"|"021.ROP.Pessoas.Vinculadas"|"1.0.25"|CoE Ops - BR/Nuinvest/AML-CFT|DOMAIN_TITULO\automacao.moperacoes|"0"|"1"
920803|"05/02/2026 06:27:12"|"05/02/2026 06:27:36"|2|Error ocurred: ORA-04098: trigger RPA.RPA_CTRL_AML_VARYS_TRG is invalid and failed re-validationError Source: Oracle Data Provider for .NET, Managed Driver|"1"|"05/02/2026 06:27:36"|"3"|[NULL]|273|EC2AMAZ-QDRLESV|0|BR|b35c3328-fef0-4429-9c13-9dfb265a7280|"273.AML.Varys"|"1.0.7"|CoE Ops - BR/Nubank/AML-CFT|ssmwindows\AUTOMACAO.MOPERACOES|"0"|"1"
920616|"04/02/2026 22:24:03"|"05/02/2026 00:18:35"|6|"Error ocurred: Could not find the user-interface (UI) element for this action.

Possible solutions:
 ?  Ensure application is opened and the UI element is visible on the screen at execution time
 ?  Edit the Target of the UI activity and use Validation to debug the issue.
 ?  If needed, re-indicate the element as its properties might have changed
 ?  Use Check state activity to check the application state before executing the action
 ?  Increase the Delay before value to allow time to the application to render entirely and become responsiveError Source: Retry Scope: Click Extratos"|"1"|"05/02/2026 00:18:35"|"3"|[NULL]|130|AWS-RPAP-004|1|BR|"6ceae32e-27b3-4a10-afbe-d1c6d934f75f"|"130.CX.Relatorios.Notas"|"1.0.57"|CoE Ops - BR/Nuinvest/Ops PF||"0"|"1"
920252|"04/02/2026 13:42:02"|"05/02/2026 01:21:24"|6|"Error ocurred: Could not find the user-interface (UI) element for this action.

Possible solutions:
 ?  Ensure application is opened and the UI element is visible on the screen at execution time
 ?  Edit the Target of the UI activity and use Validation to debug the issue.
 ?  If needed, re-indicate the element as its properties might have changed
 ?  Use Check state activity to check the application state before executing the action
 ?  Increase the Delay before value to allow time to the application to render entirely and become responsiveError Source: System.Activities"|"1"|"05/02/2026 01:21:24"|"3"|[NULL]|156|EC2AMAZ-QDRLESV|1|BR|"53854d3e-a170-4f5c-888e-2aeaeb1195b9"|"156.ROP.Executa.STA.Nubank"|"1.0.12"|CoE Ops - BR/Nubank/Jud Orders|ssmwindows\AUTOMACAO.MOPERACOES|"0"|"1"
920116|"04/02/2026 11:35:53"|"04/02/2026 11:37:10"|6|Error ocurred: CSV does not have rows|"1"|"04/02/2026 11:37:10"|"3"|[NULL]|222|EC2AMAZ-ERHGKPJ|0|||||||"0"|"1"
919713|"04/02/2026 01:18:12"|"04/02/2026 01:44:58"|6|"Error ocurred: Could not find the user-interface (UI) element for this action.

Possible solutions:
 ?  Ensure application is opened and the UI element is visible on the screen at execution time
 ?  Edit the Target of the UI activity and use Validation to debug the issue.
 ?  If needed, re-indicate the element as its properties might have changed
 ?  Use Check state activity to check the application state before executing the action
 ?  Increase the Delay before value to allow time to the application to render entirely and become responsiveError Source: System.Activities"|"1"|"04/02/2026 01:44:58"|"3"|[NULL]|156|EC2AMAZ-ERHGKPJ|1|BR|e06490fe-3378-407d-9128-ec1d1a6eba4c|"156.ROP.Executa.STA.Nubank"|"1.0.12"|CoE Ops - BR/Nubank/Jud Orders|ssmwindows\AUTOMACAO.MOPERACOES|"0"|"1"
919457|"03/02/2026 17:35:10"|"03/02/2026 17:48:12"|6|Error ocurred: Status code [503] not mapped for IG responses [upstream connect error or disconnect/reset before headers. retried and the latest reset reason: remote connection failure, transport failure reason: delayed connect error: Connection refused]|"1"|"03/02/2026 17:48:12"|"3"|[NULL]|85|EC2AMAZ-GC6B6R8|1|BR|"21be682d-382f-467c-9188-fa885ed4739f"|"085.ROP.Oficios.Monitorados"|"1.0.20"|CoE Ops - BR/Nubank/Jud Orders|ssmwindows\AUTOMACAO.MOPERACOES|"0"|"1"
918292|"02/02/2026 15:31:14"|"02/02/2026 15:32:52"|6|Error ocurred: CSV does not have rows|"1"|"02/02/2026 15:32:52"|"3"|[NULL]|222|EC2AMAZ-QDRLESV|0|||||||"0"|"1"
917756|"02/02/2026 06:30:42"|"02/02/2026 07:19:01"|2|Error ocurred: The request was canceled due to the configured HttpClient.Timeout of 300 seconds elapsing.Error Source: Retry Scope|"1"|"02/02/2026 07:19:01"|"3"|[NULL]|153|EC2AMAZ-NLK1TA2|1|||||||"0"|"1"
917730|"02/02/2026 05:30:44"|"02/02/2026 06:22:42"|2|Error ocurred: The request was canceled due to the configured HttpClient.Timeout of 300 seconds elapsing.Error Source: Retry Scope|"1"|"02/02/2026 06:22:42"|"3"|[NULL]|153|EC2AMAZ-GC6B6R8|1|||||||"0"|"1"
917714|"02/02/2026 04:30:51"|"02/02/2026 05:22:40"|2|Error ocurred: The request was canceled due to the configured HttpClient.Timeout of 300 seconds elapsing.Error Source: Retry Scope|"1"|"02/02/2026 05:22:40"|"3"|[NULL]|153|EC2AMAZ-Q4IMKHB|1|||||||"0"|"1"
917696|"02/02/2026 03:30:21"|"02/02/2026 04:22:11"|2|Error ocurred: The request was canceled due to the configured HttpClient.Timeout of 300 seconds elapsing.Error Source: Retry Scope|"1"|"02/02/2026 04:22:11"|"3"|[NULL]|153|EC2AMAZ-EEDQ776|1|||||||"0"|"1"
917650|"02/02/2026 01:16:05"|"02/02/2026 13:01:17"|6|Error ocurred: Error HRESULT E_FAIL has been returned from a call to a COM component.Error Source: Retry Scope|"1"|"02/02/2026 13:01:17"|"3"|[NULL]|156|EC2AMAZ-ERHGKPJ|4|BR|"64ca18c2-72b6-4886-aa0c-8b3f82a491c4"|"156.ROP.Executa.STA.Nubank"|"1.0.12"|CoE Ops - BR/Nubank/Jud Orders|ssmwindows\AUTOMACAO.MOPERACOES|"0"|"1"
917229|"01/02/2026 00:02:42"|"01/02/2026 01:35:24"|6|Error ocurred: Erro ao abrir o documento. Verifique se o aplicativo do Word está instalado. Se já estiver instalado, talvez seja necessário executar um Reparo do Office.Error Source: System.Activities|"0"||"3"|[NULL]|196|EC2AMAZ-EEDQ776|0|BR|aec4a91d-9bb2-438b-ae65-e9d80d69ffa7|"196.CX.Extrato.RDB"|"1.0.40"|CoE Ops - BR/Nubank/Ops PF||"0"|"1"
917036|"31/01/2026 12:09:59"|"31/01/2026 13:04:17"|6|Error ocurred: Erro ao abrir o documento. Verifique se o aplicativo do Word está instalado. Se já estiver instalado, talvez seja necessário executar um Reparo do Office.Error Source: System.Activities|"0"||"3"|[NULL]|208|EC2AMAZ-EEDQ776|0|BR|"2b47310f-2466-43cd-bde6-03ced03ed949"|"208.CX.Extrato.Rendimentos"|"1.0.25"|CoE Ops - BR/Nubank/Ops PF|ssmwindows\AUTOMACAO.MOPERACOES|"0"|"1"
916783|"30/01/2026 22:30:33"|"30/01/2026 23:48:59"|6|The request timed-out.|"1"|"30/01/2026 23:48:59"|"3"|[NULL]|48|AWS-RPAP-005|1|||||||"0"|"1"
916510|"30/01/2026 15:31:44"|"30/01/2026 15:33:05"|6|Error ocurred: CSV does not have rows|"1"|"30/01/2026 15:33:05"|"3"|[NULL]|222|EC2AMAZ-ERHGKPJ|0|||||||"0"|"1"
916254|"30/01/2026 11:32:48"|"30/01/2026 11:34:06"|6|Error ocurred: CSV does not have rows|"1"|"30/01/2026 11:34:06"|"3"|[NULL]|222|EC2AMAZ-ERHGKPJ|0|||||||"0"|"1"
916209|"30/01/2026 10:37:11"|"30/01/2026 10:37:53"|2|Error ocurred: An error occurred (AccessDenied) when calling the AssumeRole operation: User: arn:aws:sts::552767473918:assumed-role/prod-green-rpa-role/i-06905552ad1c37965 is not authorized to perform: sts:AssumeRole on resource: arn:aws:iam::552767473918:role/prod/rpa/pink/prod-pink-rpa-roleError Source: Tasks\IA\Analyse.With.LLM.xaml - Invoke Workflow File: AWS Assume Role - Invoke Workflow File (AWS\AWS Assume Role.xaml): Throw|"1"|"30/01/2026 10:37:53"|"3"|[NULL]|154|EC2AMAZ-EEDQ776|7|BR|db17bd61-f969-4c67-af31-9904304f0a36|"154.RegSol.Receiving.Procon.Cases"|"1.0.16"|CoE Ops - BR/Nubank/Jud Orders|ssmwindows\AUTOMACAO.MOPERACOES|"0"|"1"
916207|"30/01/2026 10:35:56"|"30/01/2026 10:36:16"|6|Error ocurred: Unable to locate credentialsError Source: AWS Assume Role - Invoke Workflow File (AWS\AWS Assume Role.xaml): Throw|"1"|"30/01/2026 10:36:16"|"3"|[NULL]|85|EC2AMAZ-EEDQ776|1|BR|"70d2eb50-c097-4060-9ac7-fb7f1488a31c"|"085.ROP.Oficios.Monitorados"|"1.0.20"|CoE Ops - BR/Nubank/Jud Orders|ssmwindows\AUTOMACAO.MOPERACOES|"0"|"1"
916204|"30/01/2026 10:34:41"|"30/01/2026 10:35:02"|2|Error ocurred: Unable to locate credentialsError Source: AWS Assume Role - Invoke Workflow File (AWS\AWS Assume Role.xaml): Throw|"1"|"30/01/2026 10:35:02"|"3"|[NULL]|210|EC2AMAZ-EEDQ776|1|BR|f11eeea7-90ce-429a-b76a-7f749eeedf4f|"210.OMB.Tickets.Classification"|"1.0.65"|CoE Ops - BR/Nubank/CompSol||"0"|"1"
916167|"30/01/2026 10:10:22"|"30/01/2026 10:11:08"|2|Error ocurred: Unable to locate credentialsError Source: Tasks\IA\Analyse.With.LLM.xaml - Invoke Workflow File: AWS Assume Role - Invoke Workflow File (AWS\AWS Assume Role.xaml): Throw|"1"|"30/01/2026 10:11:08"|"3"|[NULL]|154|EC2AMAZ-EEDQ776|14|BR|"522ae1df-d58c-4654-b556-b3f1c1780359"|"154.RegSol.Receiving.Procon.Cases"|"1.0.16"|CoE Ops - BR/Nubank/Jud Orders|ssmwindows\AUTOMACAO.MOPERACOES|"0"|"1"
916129|"30/01/2026 09:36:10"|"30/01/2026 10:04:20"|2|Error ocurred: The proxy tunnel request to proxy http://10.102.1.41:3128/ failed with status code 503.Error Source: Retry Scope|"1"|"30/01/2026 10:04:20"|"3"|[NULL]|167|EC2AMAZ-EEDQ776|1|BR|"9007551b-d58f-4434-b042-a539544a04f5"|"167.RegSol.Reativacao.Contas"|"1.0.13"|CoE Ops - BR/Nubank/AML-CFT|ssmwindows\AUTOMACAO.MOPERACOES|"0"|"1"
916117|"30/01/2026 09:26:17"|"30/01/2026 09:26:39"|2|Error ocurred: Unable to locate credentialsError Source: AWS Assume Role - Invoke Workflow File (AWS\AWS Assume Role.xaml): Throw|"1"|"30/01/2026 09:26:39"|"3"|[NULL]|210|EC2AMAZ-EEDQ776|1|BR|cd46a649-c33f-4f3e-ab0a-a738f406b6ff|"210.OMB.Tickets.Classification"|"1.0.65"|CoE Ops - BR/Nubank/CompSol||"0"|"1"
916106|"30/01/2026 09:11:57"|"30/01/2026 09:19:06"|2|"Error ocurred: Falha ao obter os detalhes do bucket: Unable to reach credentials server
Erro: Unable to reach credentials serverError Source: System.Activities"|"1"|"30/01/2026 09:19:06"|"3"|[NULL]|213|EC2AMAZ-EEDQ776|0|||||||"0"|"1"
916091|"30/01/2026 08:56:06"|"30/01/2026 14:55:33"|2|Error ocurred: ERROR [HYT00] [Simba][Hardy] (72) Query execution timeout expired.Error Source: Simba Spark ODBC Driver|"1"|"30/01/2026 14:55:33"|"3"|[NULL]|146|EC2AMAZ-9TPRIDL|0|BR|"125d4d63-5f15-49a4-92b2-efb88b34086a"|"146.RegSol.KYC.Customer.Data.Extraction"|"2.0.17"|CoE Ops - BR/Nubank/AML-CFT|ssmwindows\AUTOMACAO.MOPERACOES|"0"|"1"
916086|"30/01/2026 08:52:26"|"30/01/2026 08:54:49"|2|Error ocurred: Unable to locate credentialsError Source: Tasks\IA\Analyse.With.LLM.xaml - Invoke Workflow File: AWS Assume Role - Invoke Workflow File (AWS\AWS Assume Role.xaml): Throw|"1"|"30/01/2026 08:54:49"|"3"|[NULL]|154|EC2AMAZ-EEDQ776|268|BR|e79cafd6-0fa6-4607-8eff-f333b7593021|"154.RegSol.Receiving.Procon.Cases"|"1.0.16"|CoE Ops - BR/Nubank/Jud Orders|ssmwindows\AUTOMACAO.MOPERACOES|"0"|"1"
916083|"30/01/2026 08:51:07"|"30/01/2026 08:51:28"|6|Error ocurred: Unable to locate credentialsError Source: AWS Assume Role - Invoke Workflow File (AWS\AWS Assume Role.xaml): Throw|"1"|"30/01/2026 08:51:28"|"3"|[NULL]|210|EC2AMAZ-EEDQ776|1|BR|a505fae9-e7a2-4216-9a74-98213668bc1b|"210.OMB.Tickets.Classification"|"1.0.65"|CoE Ops - BR/Nubank/CompSol||"0"|"1"
916082|"30/01/2026 08:49:58"|"30/01/2026 08:50:17"|6|Error ocurred: Unable to locate credentialsError Source: AWS Assume Role - Invoke Workflow File (AWS\AWS Assume Role.xaml): Throw|"1"|"30/01/2026 08:50:17"|"3"|[NULL]|210|EC2AMAZ-EEDQ776|1|BR|"6c675aad-6060-49d7-8000-c9c134067835"|"210.OMB.Tickets.Classification.Shuffle"|"1.0.65"|CoE Ops - BR/Nubank/CompSol||"0"|"1"
915976|"30/01/2026 06:30:56"|"30/01/2026 06:31:18"|6|Error ocurred: Unable to locate credentialsError Source: AWS Assume Role - Invoke Workflow File (AWS\AWS Assume Role.xaml): Throw|"1"|"30/01/2026 06:31:18"|"3"|[NULL]|210|EC2AMAZ-EEDQ776|1|BR|"66acec14-1550-486f-b216-d7a1e1984b3c"|"210.OMB.Tickets.Classification"|"1.0.65"|CoE Ops - BR/Nubank/CompSol||"0"|"1"
915889|"30/01/2026 02:30:54"|"30/01/2026 02:31:15"|6|Error ocurred: Unable to locate credentialsError Source: AWS Assume Role - Invoke Workflow File (AWS\AWS Assume Role.xaml): Throw|"1"|"30/01/2026 02:31:15"|"3"|[NULL]|210|EC2AMAZ-EEDQ776|1|BR|bc7ab409-52d9-43fa-b822-90afcd03c939|"210.OMB.Tickets.Classification"|"1.0.65"|CoE Ops - BR/Nubank/CompSol||"0"|"1"
915868|"30/01/2026 01:30:54"|"30/01/2026 01:31:15"|6|Error ocurred: Unable to locate credentialsError Source: AWS Assume Role - Invoke Workflow File (AWS\AWS Assume Role.xaml): Throw|"1"|"30/01/2026 01:31:15"|"3"|[NULL]|210|EC2AMAZ-EEDQ776|1|BR|cdb29218-c1ed-4993-a8df-4d12f95020b3|"210.OMB.Tickets.Classification"|"1.0.65"|CoE Ops - BR/Nubank/CompSol||"0"|"1"
915864|"30/01/2026 01:15:58"|"30/01/2026 01:59:17"|6|Error ocurred: Error HRESULT E_FAIL has been returned from a call to a COM component.Error Source: Retry Scope|"1"|"30/01/2026 01:59:17"|"3"|[NULL]|156|EC2AMAZ-QDRLESV|8|BR|db8ac22e-7e7f-4401-aa48-d85717abdfbb|"156.ROP.Executa.STA.Nubank"|"1.0.12"|CoE Ops - BR/Nubank/Jud Orders|ssmwindows\AUTOMACAO.MOPERACOES|"0"|"1"
915841|"30/01/2026 00:16:01"|"30/01/2026 01:02:49"|6|Error ocurred: Unable to locate credentialsError Source: Retry Scope - Auth.API.Nubank: Throw|"0"||"3"|[NULL]|208|EC2AMAZ-EEDQ776|0|BR|"02a6fbfb-1c86-4e9f-9839-a10dd5e4617d"|"208.CX.Extrato.Rendimentos"|"1.0.25"|CoE Ops - BR/Nubank/Ops PF|ssmwindows\AUTOMACAO.MOPERACOES|"0"|"1"
915514|"29/01/2026 14:36:52"|"29/01/2026 15:12:07"|6|"Error ocurred: Ocorreu 3 vezes, o seguinte erro: Não foi possível encontrar o elemento de interface gráfica para esta ação.

Possíveis soluções:
 ?  Verifique se o aplicativo está aberto e se o elemento de interface gráfica está visível na tela no tempo de execução
 ?  Edite o Destino da atividade de interface gráfica e use a Validação para depurar o problema.
 ?  Se necessário, indique novamente o elemento caso as propriedades dele tenham sido alteradas
 ?  Use a atividade Check state para verificar o estado do aplicativo antes de executar a ação
 ?  Aumente o valor de Delay before para o aplicativo fazer a renderização completa a tempo e se tornar responsivoError Source: Throw"|"1"|"29/01/2026 15:12:07"|"3"|[NULL]|201|EC2AMAZ-EEDQ776|1|BR|"7d8be802-c101-473b-9682-a09da65d0743"|"201.OMB.V2.Recebimento.Dos.Casos.Procon.STEP2"|"201.OMB.V2.Recebimento.Dos.Casos.Procon.STEP2"|CoE Ops - BR/Nubank/CompSol|ssmwindows\AUTOMACAO.MOPERACOES|"0"|"1"
915222|"29/01/2026 09:40:46"|"29/01/2026 15:35:56"|6|Error ocurred: ERROR [08S01] [Simba][Hardy] (115) Connection failed with error: Bad Status: Unrecognized response with no error message header. Status code: 404Error Source: Simba Spark ODBC Driver|"1"|"29/01/2026 15:35:56"|"3"|[NULL]|146|EC2AMAZ-9TPRIDL|0|BR|"558eca08-464d-43d0-83ac-6a9c824d6d9a"|"146.RegSol.KYC.Customer.Data.Extraction"|"2.0.17"|CoE Ops - BR/Nubank/AML-CFT|ssmwindows\AUTOMACAO.MOPERACOES|"0"|"1"
915191|"29/01/2026 09:14:20"|"29/01/2026 09:18:52"|2|Error ocurred: ORA-00933: SQL command not properly endedError Source: Oracle Data Provider for .NET, Managed Driver|"1"|"29/01/2026 09:18:52"|"3"|[NULL]|154|EC2AMAZ-GC6B6R8|448|||||||"0"|"1"
915005|"29/01/2026 03:28:26"|"29/01/2026 03:39:21"|6|"Error ocurred: Cannot select item. It was not found among existing items.
TIP: Some combo-boxes delay load items until its dropdown is expanded. Try to simulate a click on control prior to selecting an item.Error Source: Select Item Computador Destino"|"1"|"29/01/2026 03:39:21"|"3"|[NULL]|226|EC2AMAZ-GC6B6R8|9|BR||||||"0"|"1"
914979|"29/01/2026 01:19:01"|"29/01/2026 01:35:49"|6|"Error ocurred: Could not find the user-interface (UI) element for this action.

Possible solutions:
 ?  Ensure application is opened and the UI element is visible on the screen at execution time
 ?  Edit the Target of the UI activity and use Validation to debug the issue.
 ?  If needed, re-indicate the element as its properties might have changed
 ?  Use Check state activity to check the application state before executing the action
 ?  Increase the Delay before value to allow time to the application to render entirely and become responsiveError Source: System.Activities"|"1"|"29/01/2026 01:35:49"|"3"|[NULL]|156|EC2AMAZ-ERHGKPJ|1|BR|e5441766-45a6-4ee2-83c1-0ae40eb373c3|"156.ROP.Executa.STA.Nubank"|"1.0.12"|CoE Ops - BR/Nubank/Jud Orders|ssmwindows\AUTOMACAO.MOPERACOES|"0"|"1"
914977|"29/01/2026 01:14:02"|"29/01/2026 07:08:20"|6|Error ocurred: ORA-00936: missing expressionError Source: Oracle Data Provider for .NET, Managed Driver|"1"|"29/01/2026 07:08:20"|"3"|[NULL]|185|EC2AMAZ-NLK1TA2|1|BR|"66ff7086-44a9-4b8c-a7f5-e256c3e8fdfc"|"185.CX.Declaracao.Investments"|"1.0.36"|CoE Ops - BR/Nubank/Ops PF||"0"|"1"
914919|"28/01/2026 23:00:35"|"29/01/2026 00:40:38"|6|Error ocurred: No open windows found for open_spb.exe. Please check if the application is running.Error Source: 11_FixedIncome.TradingNote.xaml - Invoke Workflow File: Use Application: Virtual Software  - Open Market     Carteira: EASYNVEST - TITULO CORRETORA DE VALOR|"1"|"29/01/2026 00:40:38"|"3"|[NULL]|130|AWS-RPAP-004|1|BR|"14aa3136-e1a5-4609-8ab8-0676cfbc721e"|"130.CX.Relatorios.Notas"|"1.0.57"|CoE Ops - BR/Nuinvest/Ops PF||"0"|"1"
914683|"28/01/2026 16:55:29"|"29/01/2026 01:18:39"|6|"Error ocurred: Could not find the user-interface (UI) element for this action.

Possible solutions:
 ?  Ensure application is opened and the UI element is visible on the screen at execution time
 ?  Edit the Target of the UI activity and use Validation to debug the issue.
 ?  If needed, re-indicate the element as its properties might have changed
 ?  Use Check state activity to check the application state before executing the action
 ?  Increase the Delay before value to allow time to the application to render entirely and become responsiveError Source: System.Activities"|"1"|"29/01/2026 01:18:39"|"3"|[NULL]|156|EC2AMAZ-ERHGKPJ|1|BR|"0cccaf19-8c86-4786-b950-39c7fe8acc82"|"156.ROP.Executa.STA.Nubank"|"1.0.12"|CoE Ops - BR/Nubank/Jud Orders|ssmwindows\AUTOMACAO.MOPERACOES|"0"|"1"
914617|"28/01/2026 15:31:33"|"28/01/2026 15:33:00"|6|Error ocurred: CSV does not have rows|"1"|"28/01/2026 15:33:00"|"3"|[NULL]|222|EC2AMAZ-ERHGKPJ|0|||||||"0"|"1"
914603|"28/01/2026 15:19:10"|"29/01/2026 03:09:53"|6|Error ocurred: ERROR [HYT00] [Simba][Hardy] (72) Query execution timeout expired.Error Source: Simba Spark ODBC Driver|"1"|"29/01/2026 03:09:53"|"3"|[NULL]|146|EC2AMAZ-9TPRIDL|0|BR|"60edb4a5-9349-4a6b-95ca-beb6e3d34d5b"|"146.RegSol.KYC.Customer.Data.Extraction"|"2.0.17"|CoE Ops - BR/Nubank/AML-CFT|ssmwindows\AUTOMACAO.MOPERACOES|"0"|"1"
914432|"28/01/2026 12:50:51"|"28/01/2026 12:52:02"|6|Error ocurred: Error opening document, make sure Word application is installed. If already installed, an Office Repair may be required.Error Source: Tasks\GetChatMessage.xaml - Invoke Workflow File: Word Application Scope|"1"|"28/01/2026 12:52:02"|"3"|[NULL]|176|EC2AMAZ-GC6B6R8|1|||||||"0"|"1"
914383|"28/01/2026 12:03:30"|"28/01/2026 12:03:45"|6|Error ocurred: An error occurred in the activity.Error Source: For Each File or Folder - sGDriveFolder|"1"|"28/01/2026 12:03:45"|"3"|[NULL]|206|EC2AMAZ-Q4IMKHB|1|BR||||||"0"|"1"
914357|"28/01/2026 11:34:41"|"28/01/2026 11:36:00"|6|Error ocurred: CSV does not have rows|"1"|"28/01/2026 11:36:00"|"3"|[NULL]|222|EC2AMAZ-Q4IMKHB|0|||||||"0"|"1"
914255|"28/01/2026 09:44:48"|"28/01/2026 12:15:35"|6|Error ocurred: Error HRESULT E_FAIL has been returned from a call to a COM component.Error Source: Retry Scope|"1"|"28/01/2026 12:15:35"|"3"|[NULL]|156|EC2AMAZ-NLK1TA2|4|BR|bf87b180-4ab3-4e21-b4a7-23f9a413581e|"156.ROP.Executa.STA.Nubank"|"1.0.12"|CoE Ops - BR/Nubank/Jud Orders|ssmwindows\AUTOMACAO.MOPERACOES|"0"|"1"
913999|"28/01/2026 01:25:27"|"28/01/2026 01:58:37"|6|Error ocurred: Error HRESULT E_FAIL has been returned from a call to a COM component.Error Source: Retry Scope|"1"|"28/01/2026 01:58:37"|"3"|[NULL]|156|EC2AMAZ-Q4IMKHB|5|BR|"3d783516-9566-47ec-aaa5-662fb02b3364"|"156.ROP.Executa.STA.Nubank"|"1.0.12"|CoE Ops - BR/Nubank/Jud Orders|ssmwindows\AUTOMACAO.MOPERACOES|"0"|"1"
913990|"28/01/2026 01:04:21"|"28/01/2026 09:49:37"|6|Error ocurred: ORA-00936: missing expressionError Source: Oracle Data Provider for .NET, Managed Driver|"1"|"28/01/2026 09:49:37"|"3"|[NULL]|185|EC2AMAZ-QDRLESV|1|BR|bb7a908f-c968-4817-bdb3-6928c8a8ec52|"185.CX.Declaracao.Investments"|"1.0.36"|CoE Ops - BR/Nubank/Ops PF||"0"|"1"
913789|"27/01/2026 17:39:13"|"28/01/2026 01:25:00"|6|"Error ocurred: Could not find the user-interface (UI) element for this action.

Possible solutions:
 ?  Ensure application is opened and the UI element is visible on the screen at execution time
 ?  Edit the Target of the UI activity and use Validation to debug the issue.
 ?  If needed, re-indicate the element as its properties might have changed
 ?  Use Check state activity to check the application state before executing the action
 ?  Increase the Delay before value to allow time to the application to render entirely and become responsiveError Source: System.Activities"|"1"|"28/01/2026 01:25:00"|"3"|[NULL]|156|EC2AMAZ-Q4IMKHB|1|BR|"5bb245e8-f822-4a39-beb3-71590f49a30d"|"156.ROP.Executa.STA.Nubank"|"1.0.12"|CoE Ops - BR/Nubank/Jud Orders|ssmwindows\AUTOMACAO.MOPERACOES|"0"|"1"
913679|"27/01/2026 15:33:22"|"27/01/2026 15:34:45"|6|Error ocurred: CSV does not have rows|"1"|"27/01/2026 15:34:45"|"3"|[NULL]|222|EC2AMAZ-ERHGKPJ|0|||||||"0"|"1"
913036|"27/01/2026 01:15:57"|"27/01/2026 12:25:06"|6|Error ocurred: Error HRESULT E_FAIL has been returned from a call to a COM component.Error Source: Retry Scope|"1"|"27/01/2026 12:25:06"|"3"|[NULL]|156|EC2AMAZ-QDRLESV|12|BR|"158088f8-e1fd-4c01-9a6f-aaa5a6333f6c"|"156.ROP.Executa.STA.Nubank"|"1.0.12"|CoE Ops - BR/Nubank/Jud Orders|ssmwindows\AUTOMACAO.MOPERACOES|"0"|"1"
912974|"26/01/2026 23:00:37"|"27/01/2026 01:16:42"|6|Error ocurred: Login Virtual RF Open SBP Client Fail.Error Source: Retry Scope|"1"|"27/01/2026 01:16:42"|"3"|[NULL]|130|AWS-RPAP-004|1|BR|ad39a40b-12c9-46f2-a815-787f313eb10c|"130.CX.Relatorios.Notas"|"1.0.57"|CoE Ops - BR/Nuinvest/Ops PF||"0"|"1"
912958|"26/01/2026 22:08:42"|"26/01/2026 22:47:24"|6|"Error ocurred: Uma tentativa de conexão falhou porque o componente conectado não respondeu
corretamente após um período de tempo ou a conexão estabelecida falhou
porque o host conectado não respondeu. (prod-global-scatterbrain.nubank.com.br:443)Error Source: Process.xaml : [SUB] Check Value Exist: Internal APIs\Nubank\Savings Accounts\API.Savings.Accounts.Status.xaml - Invoke Workflow File: HTTP Request - Status Savings Account"|"1"|"26/01/2026 22:47:24"|"3"|[NULL]|172|EC2AMAZ-9TPRIDL|1|BR|"01caad0c-8642-42f9-bd2d-a3cfc0d6dea5"|"172.AML.CFT.CPF.Irregular.EMS"|"1.0.28"|CoE Ops - BR/Nubank/AML-CFT|ssmwindows\AUTOMACAO.MOPERACOES|"0"|"1"
912678|"26/01/2026 15:23:38"|"26/01/2026 15:29:39"|6|"Error ocurred: Could not find the user-interface (UI) element for this action.

Possible solutions:
 ?  Ensure application is opened and the UI element is visible on the screen at execution time
 ?  Edit the Target of the UI activity and use Validation to debug the issue.
 ?  If needed, re-indicate the element as its properties might have changed
 ?  Use Check state activity to check the application state before executing the action
 ?  Increase the Delay before value to allow time to the application to render entirely and become responsiveError Source: Tasks\eLaw\eLaw.Login.xaml - Invoke Workflow File: Retry Scope: Click Contencioso"|"1"|"26/01/2026 15:29:39"|"3"|[NULL]|201|EC2AMAZ-ERHGKPJ|1|BR|"7b2faddc-8eaf-4db8-9187-21bfe9cc0aab"|"201.OMB.V2.Recebimento.Dos.Casos.Procon.STEP2"|"201.OMB.V2.Recebimento.Dos.Casos.Procon.STEP2"|CoE Ops - BR/Nubank/CompSol|ssmwindows\AUTOMACAO.MOPERACOES|"0"|"1"
912040|"26/01/2026 01:16:18"|"26/01/2026 12:12:43"|6|Error ocurred: Error HRESULT E_FAIL has been returned from a call to a COM component.Error Source: Retry Scope|"1"|"26/01/2026 12:12:43"|"3"|[NULL]|156|EC2AMAZ-EEDQ776|2|BR|"433d1b78-4c5e-42d9-996c-0a42ef659382"|"156.ROP.Executa.STA.Nubank"|"1.0.12"|CoE Ops - BR/Nubank/Jud Orders|ssmwindows\AUTOMACAO.MOPERACOES|"0"|"1"
911641|"25/01/2026 01:15:52"|"25/01/2026 01:18:17"|6|Error ocurred: Error HRESULT E_FAIL has been returned from a call to a COM component.Error Source: Retry Scope|"1"|"25/01/2026 01:18:17"|"3"|[NULL]|156|EC2AMAZ-ERHGKPJ|0|BR|cc32f211-dfea-4849-bbd9-979ccfd92797|"156.ROP.Executa.STA.Nubank"|"1.0.12"|CoE Ops - BR/Nubank/Jud Orders|ssmwindows\AUTOMACAO.MOPERACOES|"0"|"1"
910895|"23/01/2026 15:31:25"|"23/01/2026 15:33:04"|6|Error ocurred: CSV does not have rows|"1"|"23/01/2026 15:33:04"|"3"|[NULL]|222|EC2AMAZ-GC6B6R8|0|||||||"0"|"1"
910626|"23/01/2026 11:33:35"|"23/01/2026 11:35:09"|6|Error ocurred: CSV does not have rows|"1"|"23/01/2026 11:35:09"|"3"|[NULL]|222|EC2AMAZ-GC6B6R8|0|||||||"0"|"1"
910597|"23/01/2026 11:05:14"|"23/01/2026 11:06:50"|6|Error ocurred: There is no row at position 0.Error Source: Execute Non Query to Insert Data in DataBase|"1"|"23/01/2026 11:06:50"|"3"|[NULL]|192|AWS-RPAP-003|1|||||||"0"|"1"
910311|"23/01/2026 01:16:32"|"23/01/2026 12:01:04"|6|Error ocurred: Error HRESULT E_FAIL has been returned from a call to a COM component.Error Source: Retry Scope|"1"|"23/01/2026 12:01:04"|"3"|[NULL]|156|EC2AMAZ-Q4IMKHB|9|BR|e2689a19-2701-47d1-a346-33f8fe88da93|"156.ROP.Executa.STA.Nubank"|"1.0.12"|CoE Ops - BR/Nubank/Jud Orders|ssmwindows\AUTOMACAO.MOPERACOES|"0"|"1"
909818|"22/01/2026 13:38:43"|"22/01/2026 14:57:28"|6|Error ocurred: Ofício - ID: 291764 Carta não identificada. Tratar manualmente. |"1"|"22/01/2026 14:57:28"|"3"|[NULL]|145|EC2AMAZ-QDRLESV|1|BR||||||"0"|"1"
909337|"22/01/2026 01:24:30"|"22/01/2026 08:06:54"|6|Error ocurred: ORA-00936: missing expressionError Source: Oracle Data Provider for .NET, Managed Driver|"1"|"22/01/2026 08:06:54"|"3"|[NULL]|185|EC2AMAZ-QDRLESV|1|BR|"0db9d45e-f62a-415c-bf4b-d014eea81496"|"185.CX.Declaracao.Investments"|"1.0.36"|CoE Ops - BR/Nubank/Ops PF||"0"|"1"
909305|"21/01/2026 23:40:44"|"22/01/2026 03:19:37"|2|Error ocurred: Object reference not set to an instance of an object.Error Source: Tasks\EMS.Direct.Query.Get.Customer.Data.xaml - Invoke Workflow File: Tasks\Get.Savings.Account.Created.At.xaml - Invoke Workflow File: Retry Scope|"1"|"22/01/2026 03:19:37"|"3"|[NULL]|146|EC2AMAZ-9TPRIDL|0|BR|"1f5c0801-3dc0-41c4-a010-77b5e817ba0f"|"146.RegSol.KYC.Customer.Data.Extraction"|"2.0.15"|CoE Ops - BR/Nubank/AML-CFT|ssmwindows\AUTOMACAO.MOPERACOES|"0"|"1"
909243|"21/01/2026 20:31:02"|"21/01/2026 23:32:07"|2|Error ocurred: Object reference not set to an instance of an object.Error Source: Tasks\EMS.Direct.Query.Get.Customer.Data.xaml - Invoke Workflow File: Tasks\Get.Savings.Account.Created.At.xaml - Invoke Workflow File: Retry Scope|"1"|"21/01/2026 23:32:07"|"3"|[NULL]|146|EC2AMAZ-EEDQ776|0|BR|"26cd46a1-c55e-4256-b9de-8fb50a910add"|"146.RegSol.KYC.Customer.Data.Extraction"|"2.0.15"|CoE Ops - BR/Nubank/AML-CFT|ssmwindows\AUTOMACAO.MOPERACOES|"0"|"1"
909056|"21/01/2026 16:23:09"|"21/01/2026 16:26:28"|2|Error ocurred: The request is not as expected by Google API.Error Source: Retry Scope|"1"|"21/01/2026 16:26:28"|"3"|[NULL]|85|EC2AMAZ-GC6B6R8|1|BR|"915b44e5-2644-44ef-a948-05c5220a42b5"|"085.ROP.Oficios.Monitorados"|"1.0.19"|CoE Ops - BR/Nubank/Jud Orders|ssmwindows\AUTOMACAO.MOPERACOES|"0"|"1"
909005|"21/01/2026 15:31:37"|"21/01/2026 15:33:03"|6|Error ocurred: CSV does not have rows|"1"|"21/01/2026 15:33:03"|"3"|[NULL]|222|EC2AMAZ-QDRLESV|0|||||||"0"|"1"
908995|"21/01/2026 15:21:35"|"22/01/2026 01:18:52"|6|"Error ocurred: Could not find the user-interface (UI) element for this action.

Possible solutions:
 ?  Ensure application is opened and the UI element is visible on the screen at execution time
 ?  Edit the Target of the UI activity and use Validation to debug the issue.
 ?  If needed, re-indicate the element as its properties might have changed
 ?  Use Check state activity to check the application state before executing the action
 ?  Increase the Delay before value to allow time to the application to render entirely and become responsiveError Source: System.Activities"|"1"|"22/01/2026 01:18:52"|"3"|[NULL]|156|EC2AMAZ-ERHGKPJ|1|BR|ab83a5bb-7986-4c1c-b7a1-37ac390ac3ad|"156.ROP.Executa.STA.Nubank"|"1.0.12"|CoE Ops - BR/Nubank/Jud Orders|ssmwindows\AUTOMACAO.MOPERACOES|"0"|"1"
908940|"21/01/2026 14:39:02"|"21/01/2026 14:44:06"|6|Error ocurred: The request is not as expected by Google API.Error Source: Retry Scope|"1"|"21/01/2026 14:44:06"|"3"|[NULL]|85|EC2AMAZ-9TPRIDL|1|BR|a6e41da5-ddc9-4b43-abe9-bee0534dfe3c|"085.ROP.Oficios.Monitorados"|"1.0.19"|CoE Ops - BR/Nubank/Jud Orders|ssmwindows\AUTOMACAO.MOPERACOES|"0"|"1"
908689|"21/01/2026 10:42:23"|"21/01/2026 10:43:46"|6|Error ocurred: Ofício - ID: 291676 Carta não identificada. Tratar manualmente. |"1"|"21/01/2026 10:43:46"|"3"|[NULL]|145|EC2AMAZ-9TPRIDL|1|BR||||||"0"|"1"
908679|"21/01/2026 10:32:41"|"21/01/2026 10:41:30"|6|Error ocurred: Status code [503] not mapped for IG responses [upstream connect error or disconnect/reset before headers. retried and the latest reset reason: remote connection failure, transport failure reason: delayed connect error: Connection refused]|"1"|"21/01/2026 10:41:30"|"3"|[NULL]|85|EC2AMAZ-I8623QI|1|BR|a6a793c8-8b54-4899-865d-5b6b0aab7134|"085.ROP.Oficios.Monitorados"|"1.0.19"|Shared|ssmwindows\matheus.rubio.gft|"0"|"1"
908328|"21/01/2026 01:28:24"|"21/01/2026 01:48:22"|6|Error ocurred: ORA-03135: Connection lost contactError Source: Oracle Data Provider for .NET, Managed Driver|"1"|"21/01/2026 01:48:22"|"3"|[NULL]|156|EC2AMAZ-9TPRIDL|0|BR|"793a0bfe-3164-4abc-ad71-d2053d1d6d34"|"156.ROP.Executa.STA.Nubank"|"1.0.12"|CoE Ops - BR/Nubank/Jud Orders|ssmwindows\AUTOMACAO.MOPERACOES|"0"|"1"
908303|"21/01/2026 00:16:44"|"21/01/2026 01:29:41"|6|Error ocurred: ORA-12541: TNS: No listenerError Source: System.Activities|"0"||"3"|[NULL]|208|EC2AMAZ-QDRLESV|5|BR|b6fc4d3f-7fbd-41eb-a48d-13774508efc0|"208.CX.Extrato.Rendimentos"|"1.0.25"|CoE Ops - BR/Nubank/Ops PF|ssmwindows\AUTOMACAO.MOPERACOES|"0"|"1"
908267|"20/01/2026 23:00:35"|"21/01/2026 01:15:38"|6|Error ocurred: No open windows found for open_spb.exe. Please check if the application is running.Error Source: 11_FixedIncome.TradingNote.xaml - Invoke Workflow File: Use Application: Virtual Software  - Open Market     Carteira: EASYNVEST - TITULO CORRETORA DE VALOR|"1"|"21/01/2026 01:15:38"|"3"|[NULL]|130|AWS-RPAP-004|1|BR|"6f6d76a0-5308-45cd-9ce7-87c59b603d0a"|"130.CX.Relatorios.Notas"|"1.0.56"|CoE Ops - BR/Nuinvest/Ops PF||"0"|"1"
906872|"19/01/2026 12:12:25"|"19/01/2026 12:23:45"|6|Error ocurred: Lookup ValueError Source: System.Activities|"1"|"19/01/2026 12:23:45"|"3"|[NULL]|237|EC2AMAZ-ERHGKPJ|44|BR||||||"0"|"1"
906798|"19/01/2026 10:36:59"|"19/01/2026 10:43:30"|6|Error ocurred: The request timed-out.Error Source: 1EMSDeactivateAccount - Fraudes - Invoke Workflow File (Tasks\1EMSDeactivateAccount - Fraudes.xaml): Retry Scope|"1"|"19/01/2026 10:43:30"|"3"|[NULL]|192|AWS-RPAP-005|1|||||||"0"|"1"
906460|"19/01/2026 02:03:48"|"19/01/2026 02:10:55"|6|Error ocurred: Não é possível acessar o Automation Cloud. Pode ser uma flutuação de rede na máquina de runtime.Error Source: Retry Scope - Deny Subjects GSheet|"1"|"19/01/2026 02:10:55"|"3"|[NULL]|182|EC2AMAZ-EEDQ776|1|||||||"0"|"1"
906384|"18/01/2026 23:00:44"|"19/01/2026 05:30:04"|6|Error ocurred: Sinacor application error - Report not generated in time. No action required.|"1"|"19/01/2026 05:30:04"|"3"|[NULL]|130|AWS-RPAP-004|1|BR|"7fd287fd-6064-4a3a-aaf8-71ae3d0f9001"|"130.CX.Relatorios.Notas"|"1.0.56"|CoE Ops - BR/Nuinvest/Ops PF||"0"|"1"
905472|"17/01/2026 01:15:50"|"17/01/2026 06:34:57"|6|Error ocurred: Could not find a part of the path \\nub-jud-app\JUD-arquivos\SIMBA\20260113994271854.Error Source: System.Private.CoreLib|"1"|"17/01/2026 06:34:57"|"3"|[NULL]|156|EC2AMAZ-ERHGKPJ|3|BR|"9b7a6bd6-3b2b-4e1d-9ad2-5eea18d11d85"|"156.ROP.Executa.STA.Nubank"|"1.0.12"|CoE Ops - BR/Nubank/Jud Orders|ssmwindows\AUTOMACAO.MOPERACOES|"0"|"1"
905164|"16/01/2026 16:57:55"|"16/01/2026 16:59:59"|6|Error ocurred: Cannot find column 1.Error Source: Assign - Set Column Name Tipo|"1"|"16/01/2026 16:59:59"|"3"|[NULL]|160|EC2AMAZ-QDRLESV|0|||||||"0"|"1"
905108|"16/01/2026 15:40:45"|"16/01/2026 15:42:22"|6|Error ocurred: CSV does not have rows|"1"|"16/01/2026 15:42:22"|"3"|[NULL]|222|EC2AMAZ-QDRLESV|0|||||||"0"|"1"
904464|"16/01/2026 01:19:45"|"16/01/2026 12:33:54"|6|Error ocurred: Error HRESULT E_FAIL has been returned from a call to a COM component.Error Source: Retry Scope|"1"|"16/01/2026 12:33:54"|"3"|[NULL]|156|EC2AMAZ-NLK1TA2|3|BR|"71f53da5-907e-495b-bc6a-3e2fbec68ffc"|"156.ROP.Executa.STA.Nubank"|"1.0.12"|CoE Ops - BR/Nubank/Jud Orders|ssmwindows\AUTOMACAO.MOPERACOES|"0"|"1"
904159|"15/01/2026 15:43:21"|"15/01/2026 15:44:46"|6|Error ocurred: CSV does not have rows|"1"|"15/01/2026 15:44:46"|"3"|[NULL]|222|EC2AMAZ-9TPRIDL|0|||||||"0"|"1"
904153|"15/01/2026 15:34:58"|"16/01/2026 01:23:21"|6|"Error ocurred: Could not find the user-interface (UI) element for this action.

Possible solutions:
 ?  Ensure application is opened and the UI element is visible on the screen at execution time
 ?  Edit the Target of the UI activity and use Validation to debug the issue.
 ?  If needed, re-indicate the element as its properties might have changed
 ?  Use Check state activity to check the application state before executing the action
 ?  Increase the Delay before value to allow time to the application to render entirely and become responsiveError Source: System.Activities"|"1"|"16/01/2026 01:23:21"|"3"|[NULL]|156|EC2AMAZ-GC6B6R8|1|BR|"72065e2c-f2c7-4ffb-beb7-0543de39f656"|"156.ROP.Executa.STA.Nubank"|"1.0.12"|CoE Ops - BR/Nubank/Jud Orders|ssmwindows\AUTOMACAO.MOPERACOES|"0"|"1"
903911|"15/01/2026 11:03:43"|"15/01/2026 11:46:21"|6|Error ocurred: Internal server error occurred. Please try again later.Error Source: Retry Scope|"1"|"15/01/2026 11:46:21"|"3"|[NULL]|156|EC2AMAZ-QDRLESV|0|BR|"806cbfa7-6a8a-461a-adfe-4cdde5f76051"|"156.ROP.Executa.STA.Nubank"|"1.0.12"|CoE Ops - BR/Nubank/Jud Orders|ssmwindows\AUTOMACAO.MOPERACOES|"0"|"1"
903897|"15/01/2026 10:33:19"|"15/01/2026 11:20:06"|6|Error ocurred: Ofício - ID: 290611 Carta não identificada. Tratar manualmente. |"1"|"15/01/2026 11:20:06"|"3"|[NULL]|145|EC2AMAZ-NLK1TA2|1|BR||||||"0"|"1"
903820|"15/01/2026 09:16:34"|"15/01/2026 09:27:16"|6|Error ocurred: ERROR [HYT00] [Simba][Hardy] (72) Query execution timeout expired.Error Source: Simba Spark ODBC Driver|"1"|"15/01/2026 09:27:16"|"3"|[NULL]|95|AWS-RPAP-006|1|||||||"0"|"1"
903783|"15/01/2026 08:42:03"|"15/01/2026 08:44:15"|2|Error ocurred: Error HRESULT E_FAIL has been returned from a call to a COM component.Error Source: Retry Scope|"1"|"15/01/2026 08:44:15"|"3"|[NULL]|156|EC2AMAZ-GC6B6R8|0|BR|a1b219a6-4278-41fd-a042-0cd0c530040d|"156.ROP.Executa.STA.Nubank"|"1.0.12"|CoE Ops - BR/Nubank/Jud Orders|ssmwindows\AUTOMACAO.MOPERACOES|"0"|"1"
903764|"15/01/2026 08:23:27"|"15/01/2026 08:26:53"|6|Error ocurred: Error opening document, make sure Word application is installed. If already installed, an Office Repair may be required.Error Source: Tasks\GetChatMessage.xaml - Invoke Workflow File: Word Application Scope|"1"|"15/01/2026 08:26:53"|"3"|[NULL]|176|EC2AMAZ-Q4IMKHB|1|||||||"0"|"1"
903527|"15/01/2026 01:15:49"|"15/01/2026 01:18:06"|2|Error ocurred: Error HRESULT E_FAIL has been returned from a call to a COM component.Error Source: Retry Scope|"1"|"15/01/2026 01:18:06"|"3"|[NULL]|156|EC2AMAZ-ERHGKPJ|0|BR|"405c687a-66c0-4a46-bbee-7da740dc92c4"|"156.ROP.Executa.STA.Nubank"|"1.0.12"|CoE Ops - BR/Nubank/Jud Orders|ssmwindows\AUTOMACAO.MOPERACOES|"0"|"1"
903313|"14/01/2026 18:49:13"|"14/01/2026 18:51:32"|2|Error ocurred: Error HRESULT E_FAIL has been returned from a call to a COM component.Error Source: Retry Scope|"1"|"14/01/2026 18:51:32"|"3"|[NULL]|156|EC2AMAZ-EEDQ776|0|BR|"4da09d84-7a1c-430a-9cd9-8f24efdcf74b"|"156.ROP.Executa.STA.Nubank"|"1.0.12"|CoE Ops - BR/Nubank/Jud Orders|ssmwindows\AUTOMACAO.MOPERACOES|"0"|"1"
903032|"14/01/2026 14:15:14"|"14/01/2026 14:44:48"|6|Error ocurred: Ofício - ID: 290319 Carta não identificada. Tratar manualmente. |"1"|"14/01/2026 14:44:48"|"3"|[NULL]|145|EC2AMAZ-QDRLESV|1|BR||||||"0"|"1"
902998|"14/01/2026 13:44:37"|"14/01/2026 14:05:16"|6|Error ocurred: Ofício - ID: 290362 Carta não identificada. Tratar manualmente. |"1"|"14/01/2026 14:05:16"|"3"|[NULL]|145|EC2AMAZ-NLK1TA2|1|BR||||||"0"|"1"
902951|"14/01/2026 13:00:29"|"14/01/2026 13:02:07"|2|Error ocurred: {requestId:6967bdd5e4b0a626dca0071a,message:Failed to refresh access token - Please fix the connection.,providerMessage:{\n  \error\: \internal_failure\\n}}Error Source: Excel.Get.Words - Palavras_Corpo_Mensagem_NUBANK: Retry Scope|"1"|"14/01/2026 13:02:07"|"3"|[NULL]|191|EC2AMAZ-Q4IMKHB|1|BR||||||"0"|"1"
902893|"14/01/2026 12:05:48"|"14/01/2026 12:07:29"|2|Error ocurred: Lookup ValueError Source: System.Activities|"1"|"14/01/2026 12:07:29"|"3"|[NULL]|237|EC2AMAZ-QDRLESV|2|BR||||||"0"|"1"
902779|"14/01/2026 10:29:35"|"14/01/2026 11:13:48"|6|Error ocurred: Ofício - ID: 290468 Carta não identificada. Tratar manualmente. |"1"|"14/01/2026 11:13:48"|"3"|[NULL]|145|EC2AMAZ-9TPRIDL|1|BR||||||"0"|"1"
902764|"14/01/2026 10:16:02"|"14/01/2026 11:08:40"|6|Error ocurred: Error opening document, make sure Word application is installed. If already installed, an Office Repair may be required.Error Source: System.Activities|"0"||"3"|[NULL]|208|EC2AMAZ-GC6B6R8|0|BR|"8ed63946-8e38-4bf9-8ac7-8a7c215e2792"|"208.CX.Extrato.Rendimentos"|"1.0.24"|CoE Ops - BR/Nubank/Ops PF|ssmwindows\AUTOMACAO.MOPERACOES|"0"|"1"
902666|"14/01/2026 09:01:31"|"14/01/2026 09:16:42"|6|Error ocurred: Cetip URL https://portaldocau.netb3.com.br/identityiq/home.jsf was not opened successfullyError Source: 3Sincad.xaml - Invoke Workflow File: Retry Scope|"1"|"14/01/2026 09:16:42"|"3"|[NULL]|192|AWS-RPAP-006|1|||||||"0"|"1"
902617|"14/01/2026 08:09:19"|"14/01/2026 08:13:26"|6|Error ocurred: Erro ao abrir o documento. Verifique se o aplicativo do Word está instalado. Se já estiver instalado, talvez seja necessário executar um Reparo do Office.Error Source: Tasks\GetChatMessage.xaml - Invoke Workflow File: Word Application Scope|"1"|"14/01/2026 08:13:26"|"3"|[NULL]|176|EC2AMAZ-EEDQ776|1|||||||"0"|"1"
902542|"14/01/2026 07:01:52"|"14/01/2026 07:04:10"|6|Error ocurred: 504 - Request Get Workload Week FailedError Source: Tasks\Playvox.Workloads.Get.Week.xaml - Invoke Workflow File: Throw - Request Get Workload Failed|"1"|"14/01/2026 07:04:10"|"3"|[NULL]|200|EC2AMAZ-9TPRIDL|1|BR||||||"0"|"1"
902394|"14/01/2026 01:15:49"|"14/01/2026 01:18:03"|6|Error ocurred: Error HRESULT E_FAIL has been returned from a call to a COM component.Error Source: Retry Scope|"1"|"14/01/2026 01:18:03"|"3"|[NULL]|156|EC2AMAZ-GC6B6R8|0|BR|"9242a1ff-20c4-4442-b089-e18bbe6db0fe"|"156.ROP.Executa.STA.Nubank"|"1.0.12"|CoE Ops - BR/Nubank/Jud Orders|ssmwindows\AUTOMACAO.MOPERACOES|"0"|"1"
902393|"14/01/2026 01:14:53"|"14/01/2026 01:15:13"|6|Error ocurred: Sheet Range is Empty|"1"|"14/01/2026 01:15:13"|"3"|[NULL]|226|EC2AMAZ-GC6B6R8|0|BR||||||"0"|"1"
902313|"13/01/2026 22:16:03"|"13/01/2026 22:21:04"|2|Error ocurred: The activity Try Catch - Process.xaml  with ID 57 threw or propagated an exception while being canceled.Error Source: System.Private.CoreLib|"1"|"13/01/2026 22:21:04"|"3"|[NULL]|172|EC2AMAZ-NLK1TA2|1|BR|"3b197271-256a-4fd8-a59c-ba1aa3b04fc8"|"172.AML.CFT.CPF.Irregular.EMS"|"1.0.27"|CoE Ops - BR/Nubank/AML-CFT|ssmwindows\AUTOMACAO.MOPERACOES|"0"|"1"
902047|"13/01/2026 16:02:56"|"13/01/2026 16:10:27"|6|Error ocurred: Sinacor application error - 01 Bovespa - Ticket: 106928476 - Error Donwload File.|"1"|"13/01/2026 16:10:27"|"3"|[NULL]|130|AWS-RPAP-006|1|BR|f9331932-fdac-41bc-9261-cdbafbfe2a4a|"130.CX.Relatorios.Notas"|"1.0.56"|CoE Ops - BR/Nuinvest/Ops PF||"0"|"1"
902015|"13/01/2026 15:31:13"|"13/01/2026 15:31:53"|2|Error ocurred: User bafdb6b5-dfed-4aa1-b212-34d85f1d788e does not have Connections.View permissions in [Connection: 69a95749-9996-4350-9dd4-4c3bf34c32ea]Error Source: CopyBaseSedex - Invoke Workflow File (Tasks\GDRIVE\CopyBaseSedex.xaml): Retry Scope - Copy Template File|"1"|"13/01/2026 15:31:53"|"3"|[NULL]|264|EC2AMAZ-QDRLESV|0|BR|"7d7d7d45-44d4-4c83-9799-eff7820ab5cf"|"264.Growth.Sedex"|"1.0.4"|CoE Ops - BR/Nubank/Ops PF|ssmwindows\AUTOMACAO.MOPERACOES|"0"|"1"
901911|"13/01/2026 14:07:23"|"13/01/2026 14:15:16"|6|Error ocurred: Sinacor application error - 01 Bovespa - Ticket: 106928476 - Error Donwload File.|"1"|"13/01/2026 14:15:16"|"3"|[NULL]|130|AWS-RPAP-003|1|BR|"5b15702c-d208-443a-9cbc-f34c7655d06a"|"130.CX.Relatorios.Notas"|"1.0.56"|CoE Ops - BR/Nuinvest/Ops PF||"0"|"1"
901851|"13/01/2026 13:18:39"|"13/01/2026 13:21:58"|6|Error ocurred: ORA-00917: missing commaError Source: Oracle Data Provider for .NET, Managed Driver|"0"||"3"|[NULL]|208|EC2AMAZ-ERHGKPJ|0|BR|"2e8c0191-a5ad-4bdc-aed7-07201dcdd415"|"208.CX.Extrato.Rendimentos"|"1.0.23"|CoE Ops - BR/Nubank/Ops PF|ssmwindows\AUTOMACAO.MOPERACOES|"0"|"1"
901632|"13/01/2026 10:10:12"|"13/01/2026 10:19:24"|6|Error ocurred: Sinacor application error - 01 Bovespa - Ticket: 106928476 - Error Donwload File.|"1"|"13/01/2026 10:19:24"|"3"|[NULL]|130|AWS-RPAP-006|1|BR|"0eeac0c9-38e6-4ea9-b892-af4a5a8088e5"|"130.CX.Relatorios.Notas"|"1.0.56"|CoE Ops - BR/Nuinvest/Ops PF||"0"|"1"
901531|"13/01/2026 08:37:52"|"13/01/2026 08:38:05"|6|Error ocurred: Nao foi possivel encontrar no drive a pasta com o nome 12.01.26|"1"|"13/01/2026 08:38:05"|"3"|[NULL]|201|EC2AMAZ-QDRLESV|1|BR|"84b52620-2189-4f8a-a965-a5833ac60a26"|"201.OMB.V2.Recebimento.Dos.Casos.Procon.STEP1"|"201.OMB.V2.Recebimento.Dos.Casos.Procon.STEP1"|CoE Ops - BR/Nubank/CompSol|ssmwindows\AUTOMACAO.MOPERACOES|"0"|"1"
901489|"13/01/2026 08:02:56"|"13/01/2026 08:09:38"|6|Error ocurred: Sinacor application error - 01 Bovespa - Ticket: 106928476 - Error Donwload File.|"1"|"13/01/2026 08:09:38"|"3"|[NULL]|130|AWS-RPAP-003|1|BR|"02c3193e-921b-4f24-8aac-815303cfd782"|"130.CX.Relatorios.Notas"|"1.0.56"|CoE Ops - BR/Nuinvest/Ops PF||"0"|"1"
901311|"13/01/2026 03:01:13"|"13/01/2026 03:08:09"|6|Error ocurred: Sinacor application error - 01 Bovespa - Ticket: 106928476 - Error Donwload File.|"1"|"13/01/2026 03:08:09"|"3"|[NULL]|130|AWS-RPAP-005|1|BR|"7ee30f95-79de-463a-9327-163caff2edd5"|"130.CX.Relatorios.Notas"|"1.0.56"|CoE Ops - BR/Nuinvest/Ops PF||"0"|"1"
901274|"13/01/2026 01:38:05"|"13/01/2026 01:38:24"|6|Error ocurred: Sheet Range is Empty|"1"|"13/01/2026 01:38:24"|"3"|[NULL]|226|EC2AMAZ-GC6B6R8|0|BR||||||"0"|"1"
901227|"13/01/2026 00:01:00"|"13/01/2026 05:58:41"|6|Error ocurred: Sinacor application error - 01 Bovespa - Ticket: 106928476 - Error Donwload File.|"1"|"13/01/2026 05:58:41"|"3"|[NULL]|130|AWS-RPAP-004|1|BR|c3430e2b-cbbb-4d4c-bffa-0634e234189c|"130.CX.Relatorios.Notas"|"1.0.56"|CoE Ops - BR/Nuinvest/Ops PF||"0"|"1"
901183|"12/01/2026 22:12:30"|"12/01/2026 22:42:02"|2|Error ocurred: The SSL connection could not be established, see inner exception.Error Source: Process.xaml : [SUB] Check Value Exist: HTTP Request - Status Savings Account|"1"|"12/01/2026 22:42:02"|"3"|[NULL]|172|EC2AMAZ-NLK1TA2|1|||||||"0"|"1"
900908|"12/01/2026 16:03:15"|"12/01/2026 16:10:43"|6|Error ocurred: Sinacor application error - 01 Bovespa - Ticket: 106928476 - Error Donwload File.|"1"|"12/01/2026 16:10:43"|"3"|[NULL]|130|AWS-RPAP-003|1|BR|ad8c8b80-dd80-4a02-91c2-ea1bbdce51a4|"130.CX.Relatorios.Notas"|"1.0.56"|CoE Ops - BR/Nuinvest/Ops PF||"0"|"1"
900874|"12/01/2026 15:31:10"|"12/01/2026 15:32:29"|6|Error ocurred: CSV does not have rows|"1"|"12/01/2026 15:32:29"|"3"|[NULL]|222|EC2AMAZ-NLK1TA2|0|||||||"0"|"1"
900771|"12/01/2026 14:05:21"|"12/01/2026 14:13:46"|6|Error ocurred: Sinacor application error - 01 Bovespa - Ticket: 106928476 - Error Donwload File.|"1"|"12/01/2026 14:13:46"|"3"|[NULL]|130|AWS-RPAP-003|1|BR|"417aa839-dd36-4257-9cda-0e0a3ccf1a36"|"130.CX.Relatorios.Notas"|"1.0.56"|CoE Ops - BR/Nuinvest/Ops PF||"0"|"1"
900606|"12/01/2026 11:31:11"|"12/01/2026 11:32:45"|6|Error ocurred: CSV does not have rows|"1"|"12/01/2026 11:32:45"|"3"|[NULL]|222|EC2AMAZ-QDRLESV|0|||||||"0"|"1"
900503|"12/01/2026 10:07:46"|"12/01/2026 10:20:47"|6|Error ocurred: Sinacor application error - 01 Bovespa - Ticket: 106928476 - Error Donwload File.|"1"|"12/01/2026 10:20:47"|"3"|[NULL]|130|AWS-RPAP-005|1|BR|"1d92472c-99b3-47bf-8673-8f6690b5a400"|"130.CX.Relatorios.Notas"|"1.0.56"|CoE Ops - BR/Nuinvest/Ops PF||"0"|"1"
900380|"12/01/2026 08:13:18"|"12/01/2026 08:20:13"|6|Error ocurred: Sinacor application error - 01 Bovespa - Ticket: 106928476 - Error Donwload File.|"1"|"12/01/2026 08:20:13"|"3"|[NULL]|130|AWS-RPAP-003|1|BR|fdf7b47a-3c8b-4789-aa61-470d0891c26d|"130.CX.Relatorios.Notas"|"1.0.56"|CoE Ops - BR/Nuinvest/Ops PF||"0"|"1"
900140|"12/01/2026 01:24:01"|"12/01/2026 01:24:22"|6|Error ocurred: Sheet Range is Empty|"1"|"12/01/2026 01:24:22"|"3"|[NULL]|226|EC2AMAZ-GC6B6R8|0|BR||||||"0"|"1"
899743|"11/01/2026 08:01:18"|"11/01/2026 08:08:10"|6|Error ocurred: Sinacor application error - 01 Bovespa - Ticket: 106928476 - Error Donwload File.|"1"|"11/01/2026 08:08:10"|"3"|[NULL]|130|AWS-RPAP-005|1|BR|"23c8b913-3afe-48de-8574-f2258a5221fe"|"130.CX.Relatorios.Notas"|"1.0.56"|CoE Ops - BR/Nuinvest/Ops PF||"0"|"1"
899599|"11/01/2026 01:07:37"|"11/01/2026 01:07:58"|6|Error ocurred: Sheet Range is Empty|"1"|"11/01/2026 01:07:58"|"3"|[NULL]|226|EC2AMAZ-GC6B6R8|0|BR||||||"0"|"1"
899211|"10/01/2026 08:01:24"|"10/01/2026 08:08:04"|6|Error ocurred: Sinacor application error - 01 Bovespa - Ticket: 106928476 - Error Donwload File.|"1"|"10/01/2026 08:08:04"|"3"|[NULL]|130|AWS-RPAP-004|1|BR|"063fae7f-65db-4852-b116-e6e5345d96aa"|"130.CX.Relatorios.Notas"|"1.0.56"|CoE Ops - BR/Nuinvest/Ops PF||"0"|"1"
899063|"10/01/2026 01:13:50"|"10/01/2026 01:14:09"|6|Error ocurred: Sheet Range is Empty|"1"|"10/01/2026 01:14:09"|"3"|[NULL]|226|EC2AMAZ-GC6B6R8|0|BR||||||"0"|"1"
898983|"09/01/2026 22:16:16"|"09/01/2026 22:30:27"|6|"Error ocurred: Uma tentativa de conexão falhou porque o componente conectado não respondeu
corretamente após um período de tempo ou a conexão estabelecida falhou
porque o host conectado não respondeu. (prod-global-scatterbrain.nubank.com.br:443)Error Source: Process.xaml : [SUB] Check Value Exist: HTTP Request - Status Savings Account"|"1"|"09/01/2026 22:30:27"|"3"|[NULL]|172|EC2AMAZ-ERHGKPJ|1|||||||"0"|"1"
898690|"09/01/2026 15:45:29"|"09/01/2026 15:49:31"|2|Error ocurred: Falha no Login Elaw.Error Source: Tasks\eLaw\eLaw.Login.xaml - Invoke Workflow File: Retry Scope|"1"|"09/01/2026 15:49:31"|"3"|[NULL]|201|EC2AMAZ-NLK1TA2|1|||||||"0"|"1"
898409|"09/01/2026 11:35:13"|"09/01/2026 11:36:44"|6|Error ocurred: CSV does not have rows|"1"|"09/01/2026 11:36:44"|"3"|[NULL]|222|EC2AMAZ-GC6B6R8|0|||||||"0"|"1"
898256|"09/01/2026 09:15:18"|"09/01/2026 09:25:44"|6|Error ocurred: Internal server error occurred. Please try again later.Error Source: Retry Scope - Append Ticket GDrive|"1"|"09/01/2026 09:25:44"|"3"|[NULL]|210|EC2AMAZ-ERHGKPJ|1|BR|f793feae-b8b2-4a30-af91-28d381ae965e|"210.OMB.Tickets.Classification.Shuffle"|"1.0.64"|CoE Ops - BR/Nubank/CompSol||"0"|"1"
898168|"09/01/2026 08:07:34"|"09/01/2026 08:14:09"|6|Error ocurred: Sinacor application error - 01 Bovespa - Ticket: 106928476 - Error Donwload File.|"1"|"09/01/2026 08:14:09"|"3"|[NULL]|130|AWS-RPAP-003|1|BR|"53b88625-6cc3-41e8-92ca-79303f6e685f"|"130.CX.Relatorios.Notas"|"1.0.56"|CoE Ops - BR/Nuinvest/Ops PF||"0"|"1"
897958|"09/01/2026 01:50:02"|"09/01/2026 01:50:23"|6|Error ocurred: Sheet Range is Empty|"1"|"09/01/2026 01:50:23"|"3"|[NULL]|226|EC2AMAZ-GC6B6R8|0|BR||||||"0"|"1"
897911|"09/01/2026 00:06:11"|"09/01/2026 00:10:08"|6|Error ocurred: Can not assign jServiceResult(savings_account)(bank_account)(number).ToString+-+jServiceResult(savings_account)(bank_account)(check_digit).ToString to sAccountNumber.Error Source: Throw|"0"||"3"|[NULL]|196|EC2AMAZ-NLK1TA2|0|BR|"44f74199-0a16-4ce9-8e1d-a8e52840772d"|"196.CX.Extrato.RDB"|"1.0.40"|CoE Ops - BR/Nubank/Ops PF||"0"|"1"
897453|"08/01/2026 14:24:01"|"08/01/2026 14:28:08"|6|Error ocurred: Falha no Login Elaw.Error Source: Tasks\eLaw\eLaw.Login.xaml - Invoke Workflow File: Retry Scope|"1"|"08/01/2026 14:28:08"|"3"|[NULL]|201|EC2AMAZ-GC6B6R8|1|||||||"0"|"1"
897405|"08/01/2026 13:58:52"|"08/01/2026 16:42:44"|6|Error ocurred: Can not assign DateTime.ParseExact(sBirthDate, MM/dd/yyyy HH:mm:ss, New System.Globalization.CultureInfo(en-US)).ToString(dd/MM/yyyy, New System.Globalization.CultureInfo(pt-BR)) to sBirthDate.Error Source: Sinacor.InactivateAccount - Invoke Workflow File (Tasks\Fraudes\Sinacor.InactivateAccount.xaml): Throw|"1"|"08/01/2026 16:42:44"|"3"|[NULL]|192|AWS-RPAP-004|1|||||||"0"|"1"
897247|"08/01/2026 11:26:37"|"08/01/2026 11:27:58"|6|Error ocurred: Sheet Range is Empty|"1"|"08/01/2026 11:27:58"|"3"|[NULL]|226|EC2AMAZ-I8623QI|0|BR||||||"0"|"1"
897016|"08/01/2026 08:03:51"|"08/01/2026 08:10:23"|6|Error ocurred: Sinacor application error - 01 Bovespa - Ticket: 106928476 - Error Donwload File.|"1"|"08/01/2026 08:10:23"|"3"|[NULL]|130|AWS-RPAP-006|1|BR|"346c9c4a-fb08-4833-8c9f-02e9808f697b"|"130.CX.Relatorios.Notas"|"1.0.56"|CoE Ops - BR/Nuinvest/Ops PF||"0"|"1"
896823|"08/01/2026 03:01:10"|"08/01/2026 06:37:15"|6|Error ocurred: Sinacor application error - Report not generated in time. No action required.|"1"|"08/01/2026 06:37:15"|"3"|[NULL]|130|AWS-RPAP-005|1|BR|c76dadf2-0cbf-49c1-a08b-aa7728203cf5|"130.CX.Relatorios.Notas"|"1.0.56"|CoE Ops - BR/Nuinvest/Ops PF||"0"|"1"
896759|"08/01/2026 00:45:56"|"08/01/2026 01:33:25"|6|"Error ocurred: Could not find the user-interface (UI) element for this action.

Possible solutions:
 ?  Ensure application is opened and the UI element is visible on the screen at execution time
 ?  Edit the Target of the UI activity and use Validation to debug the issue.
 ?  If needed, re-indicate the element as its properties might have changed
 ?  Use Check state activity to check the application state before executing the action
 ?  Increase the Delay before value to allow time to the application to render entirely and become responsiveError Source: System.Activities"|"1"|"08/01/2026 01:33:25"|"3"|[NULL]|156|EC2AMAZ-QDRLESV|1|BR|"26241097-da12-42ea-8f4b-2c99bb307b39"|"156.ROP.Executa.STA.Nubank"|"1.0.12"|CoE Ops - BR/Nubank/Jud Orders|ssmwindows\AUTOMACAO.MOPERACOES|"0"|"1"
896702|"07/01/2026 23:00:22"|"08/01/2026 06:37:25"|6|Error ocurred: Sinacor application error - Report not generated in time. No action required.|"1"|"08/01/2026 06:37:25"|"3"|[NULL]|130|AWS-RPAP-004|1|BR|"305d3b9e-f369-4244-80e3-dfc789568e22"|"130.CX.Relatorios.Notas"|"1.0.56"|CoE Ops - BR/Nuinvest/Ops PF||"0"|"1"
896396|"07/01/2026 16:02:33"|"07/01/2026 19:31:23"|6|Error ocurred: Sinacor application error - Report not generated in time. No action required.|"1"|"07/01/2026 19:31:23"|"3"|[NULL]|130|AWS-RPAP-005|1|BR|"39c8cc7f-5f8c-473e-92be-e21a32c1b0ba"|"130.CX.Relatorios.Notas"|"1.0.56"|CoE Ops - BR/Nuinvest/Ops PF||"0"|"1"
896326|"07/01/2026 15:02:35"|"07/01/2026 15:03:08"|2|Error ocurred: User bafdb6b5-dfed-4aa1-b212-34d85f1d788e does not have Connections.View permissions in [Connection: 69a95749-9996-4350-9dd4-4c3bf34c32ea]Error Source: CopyBaseSedex - Invoke Workflow File (Tasks\GDRIVE\CopyBaseSedex.xaml): Retry Scope - Copy Template File|"1"|"07/01/2026 15:03:08"|"3"|[NULL]|264|EC2AMAZ-Q4IMKHB|0|BR|"66a3c602-b0aa-464a-8c38-eb9b088c513f"|"264.Growth.Sedex"|"1.0.3"|CoE Ops - BR/Nubank/Ops PF|ssmwindows\AUTOMACAO.MOPERACOES|"0"|"1"
896268|"07/01/2026 14:18:04"|"07/01/2026 14:19:57"|6|Error ocurred: Cannot find column 1.Error Source: Assign - Set Column Name Tipo|"1"|"07/01/2026 14:19:57"|"3"|[NULL]|160|EC2AMAZ-9TPRIDL|0|||||||"0"|"1"
896244|"07/01/2026 14:04:42"|"07/01/2026 17:48:32"|6|Error ocurred: Sinacor application error - Report not generated in time. No action required.|"1"|"07/01/2026 17:48:32"|"3"|[NULL]|130|AWS-RPAP-004|1|BR|bf6cac61-523a-4bcb-9c98-f939f04765e0|"130.CX.Relatorios.Notas"|"1.0.56"|CoE Ops - BR/Nuinvest/Ops PF||"0"|"1"
896217|"07/01/2026 13:49:46"|"07/01/2026 13:51:41"|6|Error ocurred: Cannot find column 1.Error Source: Assign - Set Column Name Tipo|"1"|"07/01/2026 13:51:41"|"3"|[NULL]|160|EC2AMAZ-9TPRIDL|0|||||||"0"|"1"
896110|"07/01/2026 11:34:59"|"07/01/2026 11:36:35"|6|Error ocurred: CSV does not have rows|"1"|"07/01/2026 11:36:35"|"3"|[NULL]|222|EC2AMAZ-QDRLESV|0|||||||"0"|"1"
896011|"07/01/2026 10:03:25"|"07/01/2026 12:43:01"|6|Error ocurred: Sinacor application error - Report not generated in time. No action required.|"1"|"07/01/2026 12:43:01"|"3"|[NULL]|130|AWS-RPAP-006|1|BR|"10949a38-9c67-4631-a831-824444dfa16b"|"130.CX.Relatorios.Notas"|"1.0.56"|CoE Ops - BR/Nuinvest/Ops PF||"0"|"1"
895897|"07/01/2026 08:29:14"|"07/01/2026 08:31:29"|6|Error ocurred: Cannot find column 1.Error Source: Assign - Set Column Name Tipo|"1"|"07/01/2026 08:31:29"|"3"|[NULL]|160|EC2AMAZ-QDRLESV|0|||||||"0"|"1"
895866|"07/01/2026 08:10:45"|"07/01/2026 08:17:12"|6|Error ocurred: Sinacor application error - 01 Bovespa - Ticket: 106928476 - Error Donwload File.|"1"|"07/01/2026 08:17:12"|"3"|[NULL]|130|AWS-RPAP-006|1|BR|df4e3f8d-72fd-4b65-a861-4c5d1bab1e38|"130.CX.Relatorios.Notas"|"1.0.56"|CoE Ops - BR/Nuinvest/Ops PF||"0"|"1"
895646|"07/01/2026 00:46:12"|"07/01/2026 01:25:30"|6|"Error ocurred: Could not find the user-interface (UI) element for this action.

Possible solutions:
 ?  Ensure application is opened and the UI element is visible on the screen at execution time
 ?  Edit the Target of the UI activity and use Validation to debug the issue.
 ?  If needed, re-indicate the element as its properties might have changed
 ?  Use Check state activity to check the application state before executing the action
 ?  Increase the Delay before value to allow time to the application to render entirely and become responsiveError Source: System.Activities"|"1"|"07/01/2026 01:25:30"|"3"|[NULL]|156|EC2AMAZ-9TPRIDL|1|BR|"4117c31b-2776-4872-a348-0c75d4dcf8d8"|"156.ROP.Executa.STA.Nubank"|"1.0.12"|CoE Ops - BR/Nubank/Jud Orders|ssmwindows\AUTOMACAO.MOPERACOES|"0"|"1"
895574|"06/01/2026 22:10:24"|"06/01/2026 22:50:09"|6|"Error ocurred: Uma tentativa de conexão falhou porque o componente conectado não respondeu
corretamente após um período de tempo ou a conexão estabelecida falhou
porque o host conectado não respondeu. (prod-global-scatterbrain.nubank.com.br:443)Error Source: Process.xaml : [SUB] Check Value Exist: HTTP Request - Status Savings Account"|"1"|"06/01/2026 22:50:09"|"3"|[NULL]|172|EC2AMAZ-ERHGKPJ|1|||||||"0"|"1"
895408|"06/01/2026 18:05:36"|"06/01/2026 18:07:40"|6|Error ocurred: Cannot find column 1.Error Source: Assign - Set Column Name Tipo|"1"|"06/01/2026 18:07:40"|"3"|[NULL]|160|EC2AMAZ-QDRLESV|0|||||||"0"|"1"
894959|"06/01/2026 11:39:07"|"06/01/2026 11:40:30"|6|Error ocurred: CSV does not have rows|"1"|"06/01/2026 11:40:30"|"3"|[NULL]|222|EC2AMAZ-ERHGKPJ|0|||||||"0"|"1"
894798|"06/01/2026 09:13:31"|"06/01/2026 09:43:40"|6|"Error ocurred: Could not find the user-interface (UI) element for this action.

Possible solutions:
 ?  Ensure application is opened and the UI element is visible on the screen at execution time
 ?  Edit the Target of the UI activity and use Validation to debug the issue.
 ?  If needed, re-indicate the element as its properties might have changed
 ?  Use Check state activity to check the application state before executing the action
 ?  Increase the Delay before value to allow time to the application to render entirely and become responsiveError Source: System.Activities"|"1"|"06/01/2026 09:43:40"|"3"|[NULL]|228|EC2AMAZ-9TPRIDL|0|BR||||||"0"|"1"
894722|"06/01/2026 08:07:10"|"06/01/2026 08:31:38"|6|"Error ocurred: Could not find the user-interface (UI) element for this action.

Possible solutions:
 ?  Ensure application is opened and the UI element is visible on the screen at execution time
 ?  Edit the Target of the UI activity and use Validation to debug the issue.
 ?  If needed, re-indicate the element as its properties might have changed
 ?  Use Check state activity to check the application state before executing the action
 ?  Increase the Delay before value to allow time to the application to render entirely and become responsiveError Source: System.Activities"|"1"|"06/01/2026 08:31:38"|"3"|[NULL]|228|EC2AMAZ-9TPRIDL|0|BR||||||"0"|"1"
894719|"06/01/2026 08:04:03"|"06/01/2026 08:10:53"|6|Error ocurred: Sinacor application error - 01 Bovespa - Ticket: 106928476 - Error Donwload File.|"1"|"06/01/2026 08:10:53"|"3"|[NULL]|130|AWS-RPAP-005|1|BR|"16709e10-9bea-49e2-9e68-a4bd8bb4252d"|"130.CX.Relatorios.Notas"|"1.0.56"|CoE Ops - BR/Nuinvest/Ops PF||"0"|"1"
894500|"06/01/2026 00:46:08"|"06/01/2026 01:18:08"|6|"Error ocurred: Não foi possível encontrar o elemento de interface gráfica para esta ação.

Possíveis soluções:
 ?  Verifique se o aplicativo está aberto e se o elemento de interface gráfica está visível na tela no tempo de execução
 ?  Edite o Destino da atividade de interface gráfica e use a Validação para depurar o problema.
 ?  Se necessário, indique novamente o elemento caso as propriedades dele tenham sido alteradas
 ?  Use a atividade Check state para verificar o estado do aplicativo antes de executar a ação
 ?  Aumente o valor de Delay before para o aplicativo fazer a renderização completa a tempo e se tornar responsivoError Source: System.Activities"|"1"|"06/01/2026 01:18:08"|"3"|[NULL]|156|EC2AMAZ-EEDQ776|1|BR|c1223519-4810-4958-aeb7-38d5c7754d92|"156.ROP.Executa.STA.Nubank"|"1.0.12"|CoE Ops - BR/Nubank/Jud Orders|ssmwindows\AUTOMACAO.MOPERACOES|"0"|"1"
894276|"05/01/2026 18:16:02"|"05/01/2026 18:18:02"|6|Error ocurred: Cannot find column 1.Error Source: Assign - Set Column Name Tipo|"1"|"05/01/2026 18:18:02"|"3"|[NULL]|160|EC2AMAZ-EEDQ776|0|||||||"0"|"1"
894060|"05/01/2026 15:00:44"|"05/01/2026 15:01:00"|6|Error ocurred: An error occurred (AccessDenied) when calling the AssumeRole operation: User: arn:aws:sts::552767473918:assumed-role/prod-green-rpa-role/i-0688c33782616e77f is not authorized to perform: sts:AssumeRole on resource: arn:aws:iam::552767473918:role/prod/rpa-growth-sedex-264/pink/prod-pink-rpa-growth-sedex-264-roleError Source: AWS Assume Role - Invoke Workflow File (AWS\AWS Assume Role.xaml): Throw|"1"|"05/01/2026 15:01:00"|"3"|[NULL]|264|EC2AMAZ-Q4IMKHB|0|BR|"6795e2e8-107c-4928-bc5d-3165da1d98ea"|"264.Growth.Sedex"|"1.0.3"|CoE Ops - BR/Nubank/Ops PF|ssmwindows\AUTOMACAO.MOPERACOES|"0"|"1"
893868|"05/01/2026 12:11:37"|"05/01/2026 12:43:20"|6|"Error ocurred: Could not find the user-interface (UI) element for this action.

Possible solutions:
 ?  Ensure application is opened and the UI element is visible on the screen at execution time
 ?  Edit the Target of the UI activity and use Validation to debug the issue.
 ?  If needed, re-indicate the element as its properties might have changed
 ?  Use Check state activity to check the application state before executing the action
 ?  Increase the Delay before value to allow time to the application to render entirely and become responsiveError Source: System.Activities"|"1"|"05/01/2026 12:43:20"|"3"|[NULL]|228|EC2AMAZ-9TPRIDL|0|BR||||||"0"|"1"
893818|"05/01/2026 11:31:30"|"05/01/2026 11:32:51"|6|Error ocurred: CSV does not have rows|"1"|"05/01/2026 11:32:51"|"3"|[NULL]|222|EC2AMAZ-9TPRIDL|0|||||||"0"|"1"
893810|"05/01/2026 11:23:59"|"05/01/2026 11:24:24"|6|Error ocurred: An error occurred (AccessDenied) when calling the AssumeRole operation: User: arn:aws:sts::552767473918:assumed-role/prod-green-rpa-role/i-0f47822e2791141ac is not authorized to perform: sts:AssumeRole on resource: arn:aws:iam::552767473918:role/prod/rpa-growth-sedex-264/pink/prod-pink-rpa-growth-sedex-264-roleError Source: AWS Assume Role - Invoke Workflow File (AWS\AWS Assume Role.xaml): Throw|"1"|"05/01/2026 11:24:24"|"3"|[NULL]|264|EC2AMAZ-QDRLESV|0|BR|"238e1b91-29d6-4bc4-8134-029ed19fd4e6"|"264.Growth.Sedex"|"1.0.3"|CoE Ops - BR/Nubank/Ops PF|ssmwindows\automacao.moperacoes|"0"|"1"
893574|"05/01/2026 08:07:06"|"05/01/2026 08:13:53"|6|Error ocurred: Sinacor application error - 01 Bovespa - Ticket: 106928476 - Error Donwload File.|"1"|"05/01/2026 08:13:53"|"3"|[NULL]|130|AWS-RPAP-004|1|BR|d5f4c5d2-f560-4042-9f11-d75ce4f16aad|"130.CX.Relatorios.Notas"|"1.0.56"|CoE Ops - BR/Nuinvest/Ops PF||"0"|"1"
893501|"05/01/2026 07:01:52"|"05/01/2026 07:08:48"|6|Error ocurred: The service sheets has thrown an exception. HttpStatusCode is BadRequest. Range (WLs - Individual - Ouvidoria!A3554) exceeds grid limits. Max rows: 3553, max columns: 13Error Source: Tasks\Get.Data.From.Spreadsheet.xaml : Retry Scope - Google Workspace Scope|"1"|"05/01/2026 07:08:48"|"3"|[NULL]|200|EC2AMAZ-9TPRIDL|1|BR||||||"0"|"1"
893307|"05/01/2026 00:11:11"|"05/01/2026 00:11:46"|2|Error ocurred: Não é possível atribuir `jServiceResult(savings_account)(id).ToString? a sAccountID.Error Source: Throw|"0"||"3"|[NULL]|196|EC2AMAZ-EEDQ776|0|BR|"9527f3ad-bd77-4765-8646-de7dc65e9290"|"196.CX.Extrato.RDB"|"1.0.39"|CoE Ops - BR/Nubank/Ops PF||"0"|"1"
893269|"04/01/2026 23:00:43"|"05/01/2026 05:06:30"|6|Error ocurred: Sinacor application error - Report not generated in time. No action required.|"1"|"05/01/2026 05:06:30"|"3"|[NULL]|130|AWS-RPAP-004|1|BR|"4e145c6e-e173-4de6-92b1-314f55129597"|"130.CX.Relatorios.Notas"|"1.0.56"|CoE Ops - BR/Nuinvest/Ops PF||"0"|"1"
893091|"04/01/2026 15:00:39"|"04/01/2026 15:00:57"|6|Error ocurred: An error occurred (AccessDenied) when calling the AssumeRole operation: User: arn:aws:sts::552767473918:assumed-role/prod-green-rpa-role/i-0f47822e2791141ac is not authorized to perform: sts:AssumeRole on resource: arn:aws:iam::552767473918:role/prod/rpa-growth-sedex-264/pink/prod-pink-rpa-growth-sedex-264-roleError Source: AWS Assume Role - Invoke Workflow File (AWS\AWS Assume Role.xaml): Throw|"1"|"04/01/2026 15:00:57"|"3"|[NULL]|264|EC2AMAZ-QDRLESV|0|BR|"3f33836d-2d43-41a3-8af2-770f81ce4a2f"|"264.Growth.Sedex"|"1.0.3"|CoE Ops - BR/Nubank/Ops PF|ssmwindows\automacao.moperacoes|"0"|"1"
893039|"04/01/2026 12:06:36"|"04/01/2026 12:07:06"|2|Error ocurred: Can not assign jServiceResult(savings_account)(id).ToString to sAccountID.Error Source: Throw|"0"||"3"|[NULL]|196|EC2AMAZ-9TPRIDL|0|BR|"566dfe45-6788-409f-a1b3-7e64870da186"|"196.CX.Extrato.RDB"|"1.0.39"|CoE Ops - BR/Nubank/Ops PF||"0"|"1"
892938|"04/01/2026 08:01:21"|"04/01/2026 08:07:57"|6|Error ocurred: Sinacor application error - 01 Bovespa - Ticket: 106928476 - Error Donwload File.|"1"|"04/01/2026 08:07:57"|"3"|[NULL]|130|AWS-RPAP-006|1|BR|d555bdeb-2ffb-46b3-b020-4a2b5422969b|"130.CX.Relatorios.Notas"|"1.0.56"|CoE Ops - BR/Nuinvest/Ops PF||"0"|"1"
892770|"04/01/2026 00:05:51"|"04/01/2026 00:06:22"|2|Error ocurred: Can not assign jServiceResult(savings_account)(id).ToString to sAccountID.Error Source: Throw|"0"||"3"|[NULL]|196|EC2AMAZ-NLK1TA2|0|BR|"00e716dd-b83b-4148-8b00-e80b4138df0a"|"196.CX.Extrato.RDB"|"1.0.39"|CoE Ops - BR/Nubank/Ops PF||"0"|"1"
892565|"03/01/2026 15:01:11"|"03/01/2026 15:01:28"|6|Error ocurred: An error occurred (AccessDenied) when calling the AssumeRole operation: User: arn:aws:sts::552767473918:assumed-role/prod-green-rpa-role/i-0ee57bb7cdaff1b07 is not authorized to perform: sts:AssumeRole on resource: arn:aws:iam::552767473918:role/prod/rpa-growth-sedex-264/pink/prod-pink-rpa-growth-sedex-264-roleError Source: AWS Assume Role - Invoke Workflow File (AWS\AWS Assume Role.xaml): Throw|"1"|"03/01/2026 15:01:28"|"3"|[NULL]|264|EC2AMAZ-NLK1TA2|0|BR|"5415826e-fe2c-4434-9aa5-6de92e022e3d"|"264.Growth.Sedex"|"1.0.3"|CoE Ops - BR/Nubank/Ops PF|ssmwindows\AUTOMACAO.MOPERACOES|"0"|"1"
892507|"03/01/2026 12:06:47"|"03/01/2026 12:07:24"|2|Error ocurred: Can not assign jServiceResult(savings_account)(id).ToString to sAccountID.Error Source: Throw|"0"||"3"|[NULL]|196|EC2AMAZ-QDRLESV|0|BR|"76682e4a-d968-4947-ad2c-612618f8a229"|"196.CX.Extrato.RDB"|"1.0.39"|CoE Ops - BR/Nubank/Ops PF||"0"|"1"
892403|"03/01/2026 08:01:26"|"03/01/2026 08:08:00"|6|Error ocurred: Sinacor application error - 01 Bovespa - Ticket: 106928476 - Error Donwload File.|"1"|"03/01/2026 08:08:00"|"3"|[NULL]|130|AWS-RPAP-006|1|BR|"884bafe9-3e1f-4efa-ac9e-1c7e4aba8b79"|"130.CX.Relatorios.Notas"|"1.0.56"|CoE Ops - BR/Nuinvest/Ops PF||"0"|"1"
892232|"03/01/2026 00:06:59"|"03/01/2026 00:07:33"|2|Error ocurred: Can not assign jServiceResult(savings_account)(id).ToString to sAccountID.Error Source: Throw|"0"||"3"|[NULL]|196|EC2AMAZ-GC6B6R8|0|BR|"52c3326d-b945-4a56-b1f8-fb81d3f24c05"|"196.CX.Extrato.RDB"|"1.0.39"|CoE Ops - BR/Nubank/Ops PF||"0"|"1"
891829|"02/01/2026 15:30:37"|"02/01/2026 15:30:47"|6|Error ocurred: Errro - Input Sheet Not Found in Thread on judqualiter-seniors channel|"1"|"02/01/2026 15:30:47"|"3"|[NULL]|259|EC2AMAZ-ERHGKPJ|0|BR|"3b2e1e2e-47f2-47cf-95ea-d6a38d04fd6d"|"259-rpa-jud-quality-broker-automation"|"1.0.5"|CoE Ops - BR/Nubank/Jud Orders|ssmwindows\AUTOMACAO.MOPERACOES|"0"|"1"
891819|"02/01/2026 15:12:02"|"02/01/2026 15:12:17"|6|Error ocurred: An error occurred (AccessDenied) when calling the AssumeRole operation: User: arn:aws:sts::552767473918:assumed-role/prod-green-rpa-role/i-0f47822e2791141ac is not authorized to perform: sts:AssumeRole on resource: arn:aws:iam::552767473918:role/prod/rpa-growth-sedex-264/pink/prod-pink-rpa-growth-sedex-264-roleError Source: AWS Assume Role - Invoke Workflow File (AWS\AWS Assume Role.xaml): Throw|"1"|"02/01/2026 15:12:17"|"3"|[NULL]|264|EC2AMAZ-QDRLESV|0|BR|"21b0581e-e6f9-40df-9d4d-c80fc1fd871a"|"264.Growth.Sedex"|"1.0.3"|CoE Ops - BR/Nubank/Ops PF|ssmwindows\automacao.moperacoes|"0"|"1"
891792|"02/01/2026 15:00:47"|"02/01/2026 15:01:06"|6|Error ocurred: An error occurred (AccessDenied) when calling the AssumeRole operation: User: arn:aws:sts::552767473918:assumed-role/prod-green-rpa-role/i-0688c33782616e77f is not authorized to perform: sts:AssumeRole on resource: arn:aws:iam::552767473918:role/prod/rpa-growth-sedex-264/pink/prod-pink-rpa-growth-sedex-264-roleError Source: AWS Assume Role - Invoke Workflow File (AWS\AWS Assume Role.xaml): Throw|"1"|"02/01/2026 15:01:06"|"3"|[NULL]|264|EC2AMAZ-Q4IMKHB|0|BR|"57ee5779-ff22-4966-b0c1-ef2a78b92840"|"264.Growth.Sedex"|"1.0.3"|CoE Ops - BR/Nubank/Ops PF|ssmwindows\AUTOMACAO.MOPERACOES|"0"|"1"
891591|"02/01/2026 12:06:25"|"02/01/2026 12:08:02"|6|Error ocurred: Can not assign jServiceResult(savings_account)(id).ToString to sAccountID.Error Source: Throw|"0"||"3"|[NULL]|196|EC2AMAZ-Q4IMKHB|0|BR|"5568eb1a-8839-4405-9ede-fc9bae718d68"|"196.CX.Extrato.RDB"|"1.0.39"|CoE Ops - BR/Nubank/Ops PF||"0"|"1"
891553|"02/01/2026 11:31:56"|"02/01/2026 11:33:21"|6|Error ocurred: CSV does not have rows|"1"|"02/01/2026 11:33:21"|"3"|[NULL]|222|EC2AMAZ-Q4IMKHB|0|||||||"0"|"1"
891400|"02/01/2026 09:30:27"|"02/01/2026 09:30:48"|2|Error ocurred: Unable to locate credentialsError Source: AWS Assume Role - Invoke Workflow File (AWS\AWS Assume Role.xaml): Throw|"1"|"02/01/2026 09:30:48"|"3"|[NULL]|210|EC2AMAZ-QDRLESV|1|BR|b56e198d-ec5b-4367-9f55-d8c852cc10cc|"210.OMB.Tickets.Classification"|"1.0.61"|CoE Ops - BR/Nubank/CompSol||"0"|"1"
891312|"02/01/2026 08:05:27"|"02/01/2026 08:15:56"|6|Error ocurred: Sinacor application error - 01 Bovespa - Ticket: 106928476 - Error Donwload File.|"1"|"02/01/2026 08:15:56"|"3"|[NULL]|130|AWS-RPAP-004|1|BR|"7ceaf8f8-137b-4230-b21c-7b61e760c3fd"|"130.CX.Relatorios.Notas"|"1.0.56"|CoE Ops - BR/Nuinvest/Ops PF||"0"|"1"
891285|"02/01/2026 08:00:43"|"02/01/2026 08:01:05"|6|Error ocurred: Unable to locate credentialsError Source: AWS Assume Role - Invoke Workflow File (AWS\AWS Assume Role.xaml): Throw|"1"|"02/01/2026 08:01:05"|"3"|[NULL]|210|EC2AMAZ-QDRLESV|1|BR|"0ad10d4a-fe63-430b-a492-07717e312b65"|"210.OMB.Tickets.Classification"|"1.0.61"|CoE Ops - BR/Nubank/CompSol||"0"|"1"
891252|"02/01/2026 07:30:29"|"02/01/2026 07:30:40"|6|Error ocurred: Errro - Input Sheet Not Found in Thread on judqualiter-seniors channel|"1"|"02/01/2026 07:30:40"|"3"|[NULL]|259|EC2AMAZ-QDRLESV|0|BR|"27cb602a-a973-45e2-8eb6-a64dd393269b"|"259-rpa-jud-quality-broker-automation"|"1.0.5"|CoE Ops - BR/Nubank/Jud Orders|ssmwindows\AUTOMACAO.MOPERACOES|"0"|"1"
891206|"02/01/2026 06:10:55"|"02/01/2026 06:12:10"|6|Error ocurred: Arquivo CISE nao encontrado na pasta.|"1"|"02/01/2026 06:12:10"|"3"|[NULL]|96|AWS-RPAP-003|1|BR||||||"0"|"1"
